ISO-10303-21;
HEADER;
FILE_DESCRIPTION(('Open CASCADE Model'),'2;1');
FILE_NAME('Open CASCADE Shape Model','2026-09-25T12:59:07',('Author'),(
    'Open CASCADE'),'Open CASCADE STEP processor 7.9','Open CASCADE 7.9'
  ,'Unknown');
FILE_SCHEMA(('AUTOMOTIVE_DESIGN { 1 0 10303 214 1 1 1 1 }'));
ENDSEC;
DATA;
#1 = APPLICATION_PROTOCOL_DEFINITION('international standard',
  'automotive_design',2000,#2);
#2 = APPLICATION_CONTEXT(
  'core data for automotive mechanical design processes');
#3 = SHAPE_DEFINITION_REPRESENTATION(#4,#10);
#4 = PRODUCT_DEFINITION_SHAPE('','',#5);
#5 = PRODUCT_DEFINITION('design','',#6,#9);
#6 = PRODUCT_DEFINITION_FORMATION('','',#7);
#7 = PRODUCT('HakinPad','HakinPad','',(#8));
#8 = PRODUCT_CONTEXT('',#2,'mechanical');
#9 = PRODUCT_DEFINITION_CONTEXT('part definition',#2,'design');
#10 = SHAPE_REPRESENTATION('',(#11,#15,#19,#23),#27);
#11 = AXIS2_PLACEMENT_3D('',#12,#13,#14);
#12 = CARTESIAN_POINT('',(0.,0.,0.));
#13 = DIRECTION('',(0.,0.,1.));
#14 = DIRECTION('',(1.,0.,-0.));
#15 = AXIS2_PLACEMENT_3D('',#16,#17,#18);
#16 = CARTESIAN_POINT('',(0.,0.,0.));
#17 = DIRECTION('',(0.,0.,1.));
#18 = DIRECTION('',(1.,0.,-0.));
#19 = AXIS2_PLACEMENT_3D('',#20,#21,#22);
#20 = CARTESIAN_POINT('',(0.,0.,0.));
#21 = DIRECTION('',(0.,0.,1.));
#22 = DIRECTION('',(1.,0.,-0.));
#23 = AXIS2_PLACEMENT_3D('',#24,#25,#26);
#24 = CARTESIAN_POINT('',(0.,0.,0.));
#25 = DIRECTION('',(0.,0.,1.));
#26 = DIRECTION('',(1.,0.,-0.));
#27 = ( GEOMETRIC_REPRESENTATION_CONTEXT(3) 
GLOBAL_UNCERTAINTY_ASSIGNED_CONTEXT((#31)) GLOBAL_UNIT_ASSIGNED_CONTEXT(
(#28,#29,#30)) REPRESENTATION_CONTEXT('Context #1',
  '3D Context with UNIT and UNCERTAINTY') );
#28 = ( LENGTH_UNIT() NAMED_UNIT(*) SI_UNIT(.MILLI.,.METRE.) );
#29 = ( NAMED_UNIT(*) PLANE_ANGLE_UNIT() SI_UNIT($,.RADIAN.) );
#30 = ( NAMED_UNIT(*) SI_UNIT($,.STERADIAN.) SOLID_ANGLE_UNIT() );
#31 = UNCERTAINTY_MEASURE_WITH_UNIT(LENGTH_MEASURE(1.E-07),#28,
  'distance_accuracy_value','confusion accuracy');
#32 = PRODUCT_RELATED_PRODUCT_CATEGORY('part',$,(#7));
#33 = SHAPE_DEFINITION_REPRESENTATION(#34,#40);
#34 = PRODUCT_DEFINITION_SHAPE('','',#35);
#35 = PRODUCT_DEFINITION('design','',#36,#39);
#36 = PRODUCT_DEFINITION_FORMATION('','',#37);
#37 = PRODUCT('Bottom','Bottom','',(#38));
#38 = PRODUCT_CONTEXT('',#2,'mechanical');
#39 = PRODUCT_DEFINITION_CONTEXT('part definition',#2,'design');
#40 = ADVANCED_BREP_SHAPE_REPRESENTATION('',(#11,#41),#1391);
#41 = MANIFOLD_SOLID_BREP('',#42);
#42 = CLOSED_SHELL('',(#43,#163,#239,#542,#705,#732,#739,#794,#849,#904,
    #980,#1029,#1078,#1105,#1160,#1236,#1285,#1334,#1361,#1365,#1369,
    #1373,#1380,#1384));
#43 = ADVANCED_FACE('',(#44),#58,.F.);
#44 = FACE_BOUND('',#45,.F.);
#45 = EDGE_LOOP('',(#46,#81,#109,#137));
#46 = ORIENTED_EDGE('',*,*,#47,.F.);
#47 = EDGE_CURVE('',#48,#50,#52,.T.);
#48 = VERTEX_POINT('',#49);
#49 = CARTESIAN_POINT('',(0.,0.,0.));
#50 = VERTEX_POINT('',#51);
#51 = CARTESIAN_POINT('',(0.,0.,13.));
#52 = SURFACE_CURVE('',#53,(#57,#69),.PCURVE_S1.);
#53 = LINE('',#54,#55);
#54 = CARTESIAN_POINT('',(0.,0.,0.));
#55 = VECTOR('',#56,1.);
#56 = DIRECTION('',(0.,0.,1.));
#57 = PCURVE('',#58,#63);
#58 = PLANE('',#59);
#59 = AXIS2_PLACEMENT_3D('',#60,#61,#62);
#60 = CARTESIAN_POINT('',(0.,0.,0.));
#61 = DIRECTION('',(1.,0.,0.));
#62 = DIRECTION('',(0.,0.,1.));
#63 = DEFINITIONAL_REPRESENTATION('',(#64),#68);
#64 = LINE('',#65,#66);
#65 = CARTESIAN_POINT('',(0.,0.));
#66 = VECTOR('',#67,1.);
#67 = DIRECTION('',(1.,0.));
#68 = ( GEOMETRIC_REPRESENTATION_CONTEXT(2) 
PARAMETRIC_REPRESENTATION_CONTEXT() REPRESENTATION_CONTEXT('2D SPACE',''
  ) );
#69 = PCURVE('',#70,#75);
#70 = PLANE('',#71);
#71 = AXIS2_PLACEMENT_3D('',#72,#73,#74);
#72 = CARTESIAN_POINT('',(0.,0.,0.));
#73 = DIRECTION('',(0.,1.,0.));
#74 = DIRECTION('',(0.,-0.,1.));
#75 = DEFINITIONAL_REPRESENTATION('',(#76),#80);
#76 = LINE('',#77,#78);
#77 = CARTESIAN_POINT('',(0.,0.));
#78 = VECTOR('',#79,1.);
#79 = DIRECTION('',(1.,0.));
#80 = ( GEOMETRIC_REPRESENTATION_CONTEXT(2) 
PARAMETRIC_REPRESENTATION_CONTEXT() REPRESENTATION_CONTEXT('2D SPACE',''
  ) );
#81 = ORIENTED_EDGE('',*,*,#82,.T.);
#82 = EDGE_CURVE('',#48,#83,#85,.T.);
#83 = VERTEX_POINT('',#84);
#84 = CARTESIAN_POINT('',(0.,88.11,0.));
#85 = SURFACE_CURVE('',#86,(#90,#97),.PCURVE_S1.);
#86 = LINE('',#87,#88);
#87 = CARTESIAN_POINT('',(0.,0.,0.));
#88 = VECTOR('',#89,1.);
#89 = DIRECTION('',(0.,1.,0.));
#90 = PCURVE('',#58,#91);
#91 = DEFINITIONAL_REPRESENTATION('',(#92),#96);
#92 = LINE('',#93,#94);
#93 = CARTESIAN_POINT('',(0.,0.));
#94 = VECTOR('',#95,1.);
#95 = DIRECTION('',(0.,-1.));
#96 = ( GEOMETRIC_REPRESENTATION_CONTEXT(2) 
PARAMETRIC_REPRESENTATION_CONTEXT() REPRESENTATION_CONTEXT('2D SPACE',''
  ) );
#97 = PCURVE('',#98,#103);
#98 = PLANE('',#99);
#99 = AXIS2_PLACEMENT_3D('',#100,#101,#102);
#100 = CARTESIAN_POINT('',(0.,0.,0.));
#101 = DIRECTION('',(0.,0.,1.));
#102 = DIRECTION('',(1.,0.,-0.));
#103 = DEFINITIONAL_REPRESENTATION('',(#104),#108);
#104 = LINE('',#105,#106);
#105 = CARTESIAN_POINT('',(0.,0.));
#106 = VECTOR('',#107,1.);
#107 = DIRECTION('',(0.,1.));
#108 = ( GEOMETRIC_REPRESENTATION_CONTEXT(2) 
PARAMETRIC_REPRESENTATION_CONTEXT() REPRESENTATION_CONTEXT('2D SPACE',''
  ) );
#109 = ORIENTED_EDGE('',*,*,#110,.T.);
#110 = EDGE_CURVE('',#83,#111,#113,.T.);
#111 = VERTEX_POINT('',#112);
#112 = CARTESIAN_POINT('',(0.,88.11,13.));
#113 = SURFACE_CURVE('',#114,(#118,#125),.PCURVE_S1.);
#114 = LINE('',#115,#116);
#115 = CARTESIAN_POINT('',(0.,88.11,0.));
#116 = VECTOR('',#117,1.);
#117 = DIRECTION('',(0.,0.,1.));
#118 = PCURVE('',#58,#119);
#119 = DEFINITIONAL_REPRESENTATION('',(#120),#124);
#120 = LINE('',#121,#122);
#121 = CARTESIAN_POINT('',(0.,-88.11));
#122 = VECTOR('',#123,1.);
#123 = DIRECTION('',(1.,0.));
#124 = ( GEOMETRIC_REPRESENTATION_CONTEXT(2) 
PARAMETRIC_REPRESENTATION_CONTEXT() REPRESENTATION_CONTEXT('2D SPACE',''
  ) );
#125 = PCURVE('',#126,#131);
#126 = PLANE('',#127);
#127 = AXIS2_PLACEMENT_3D('',#128,#129,#130);
#128 = CARTESIAN_POINT('',(0.,88.11,0.));
#129 = DIRECTION('',(0.,1.,0.));
#130 = DIRECTION('',(0.,-0.,1.));
#131 = DEFINITIONAL_REPRESENTATION('',(#132),#136);
#132 = LINE('',#133,#134);
#133 = CARTESIAN_POINT('',(0.,0.));
#134 = VECTOR('',#135,1.);
#135 = DIRECTION('',(1.,0.));
#136 = ( GEOMETRIC_REPRESENTATION_CONTEXT(2) 
PARAMETRIC_REPRESENTATION_CONTEXT() REPRESENTATION_CONTEXT('2D SPACE',''
  ) );
#137 = ORIENTED_EDGE('',*,*,#138,.F.);
#138 = EDGE_CURVE('',#50,#111,#139,.T.);
#139 = SURFACE_CURVE('',#140,(#144,#151),.PCURVE_S1.);
#140 = LINE('',#141,#142);
#141 = CARTESIAN_POINT('',(0.,0.,13.));
#142 = VECTOR('',#143,1.);
#143 = DIRECTION('',(0.,1.,0.));
#144 = PCURVE('',#58,#145);
#145 = DEFINITIONAL_REPRESENTATION('',(#146),#150);
#146 = LINE('',#147,#148);
#147 = CARTESIAN_POINT('',(13.,0.));
#148 = VECTOR('',#149,1.);
#149 = DIRECTION('',(0.,-1.));
#150 = ( GEOMETRIC_REPRESENTATION_CONTEXT(2) 
PARAMETRIC_REPRESENTATION_CONTEXT() REPRESENTATION_CONTEXT('2D SPACE',''
  ) );
#151 = PCURVE('',#152,#157);
#152 = PLANE('',#153);
#153 = AXIS2_PLACEMENT_3D('',#154,#155,#156);
#154 = CARTESIAN_POINT('',(0.,0.,13.));
#155 = DIRECTION('',(0.,0.,1.));
#156 = DIRECTION('',(1.,0.,-0.));
#157 = DEFINITIONAL_REPRESENTATION('',(#158),#162);
#158 = LINE('',#159,#160);
#159 = CARTESIAN_POINT('',(0.,0.));
#160 = VECTOR('',#161,1.);
#161 = DIRECTION('',(0.,1.));
#162 = ( GEOMETRIC_REPRESENTATION_CONTEXT(2) 
PARAMETRIC_REPRESENTATION_CONTEXT() REPRESENTATION_CONTEXT('2D SPACE',''
  ) );
#163 = ADVANCED_FACE('',(#164),#70,.F.);
#164 = FACE_BOUND('',#165,.F.);
#165 = EDGE_LOOP('',(#166,#189,#190,#213));
#166 = ORIENTED_EDGE('',*,*,#167,.F.);
#167 = EDGE_CURVE('',#48,#168,#170,.T.);
#168 = VERTEX_POINT('',#169);
#169 = CARTESIAN_POINT('',(119.86,0.,0.));
#170 = SURFACE_CURVE('',#171,(#175,#182),.PCURVE_S1.);
#171 = LINE('',#172,#173);
#172 = CARTESIAN_POINT('',(0.,0.,0.));
#173 = VECTOR('',#174,1.);
#174 = DIRECTION('',(1.,0.,0.));
#175 = PCURVE('',#70,#176);
#176 = DEFINITIONAL_REPRESENTATION('',(#177),#181);
#177 = LINE('',#178,#179);
#178 = CARTESIAN_POINT('',(0.,0.));
#179 = VECTOR('',#180,1.);
#180 = DIRECTION('',(0.,1.));
#181 = ( GEOMETRIC_REPRESENTATION_CONTEXT(2) 
PARAMETRIC_REPRESENTATION_CONTEXT() REPRESENTATION_CONTEXT('2D SPACE',''
  ) );
#182 = PCURVE('',#98,#183);
#183 = DEFINITIONAL_REPRESENTATION('',(#184),#188);
#184 = LINE('',#185,#186);
#185 = CARTESIAN_POINT('',(0.,0.));
#186 = VECTOR('',#187,1.);
#187 = DIRECTION('',(1.,0.));
#188 = ( GEOMETRIC_REPRESENTATION_CONTEXT(2) 
PARAMETRIC_REPRESENTATION_CONTEXT() REPRESENTATION_CONTEXT('2D SPACE',''
  ) );
#189 = ORIENTED_EDGE('',*,*,#47,.T.);
#190 = ORIENTED_EDGE('',*,*,#191,.T.);
#191 = EDGE_CURVE('',#50,#192,#194,.T.);
#192 = VERTEX_POINT('',#193);
#193 = CARTESIAN_POINT('',(119.86,0.,13.));
#194 = SURFACE_CURVE('',#195,(#199,#206),.PCURVE_S1.);
#195 = LINE('',#196,#197);
#196 = CARTESIAN_POINT('',(0.,0.,13.));
#197 = VECTOR('',#198,1.);
#198 = DIRECTION('',(1.,0.,0.));
#199 = PCURVE('',#70,#200);
#200 = DEFINITIONAL_REPRESENTATION('',(#201),#205);
#201 = LINE('',#202,#203);
#202 = CARTESIAN_POINT('',(13.,0.));
#203 = VECTOR('',#204,1.);
#204 = DIRECTION('',(0.,1.));
#205 = ( GEOMETRIC_REPRESENTATION_CONTEXT(2) 
PARAMETRIC_REPRESENTATION_CONTEXT() REPRESENTATION_CONTEXT('2D SPACE',''
  ) );
#206 = PCURVE('',#152,#207);
#207 = DEFINITIONAL_REPRESENTATION('',(#208),#212);
#208 = LINE('',#209,#210);
#209 = CARTESIAN_POINT('',(0.,0.));
#210 = VECTOR('',#211,1.);
#211 = DIRECTION('',(1.,0.));
#212 = ( GEOMETRIC_REPRESENTATION_CONTEXT(2) 
PARAMETRIC_REPRESENTATION_CONTEXT() REPRESENTATION_CONTEXT('2D SPACE',''
  ) );
#213 = ORIENTED_EDGE('',*,*,#214,.F.);
#214 = EDGE_CURVE('',#168,#192,#215,.T.);
#215 = SURFACE_CURVE('',#216,(#220,#227),.PCURVE_S1.);
#216 = LINE('',#217,#218);
#217 = CARTESIAN_POINT('',(119.86,0.,0.));
#218 = VECTOR('',#219,1.);
#219 = DIRECTION('',(0.,0.,1.));
#220 = PCURVE('',#70,#221);
#221 = DEFINITIONAL_REPRESENTATION('',(#222),#226);
#222 = LINE('',#223,#224);
#223 = CARTESIAN_POINT('',(0.,119.86));
#224 = VECTOR('',#225,1.);
#225 = DIRECTION('',(1.,0.));
#226 = ( GEOMETRIC_REPRESENTATION_CONTEXT(2) 
PARAMETRIC_REPRESENTATION_CONTEXT() REPRESENTATION_CONTEXT('2D SPACE',''
  ) );
#227 = PCURVE('',#228,#233);
#228 = PLANE('',#229);
#229 = AXIS2_PLACEMENT_3D('',#230,#231,#232);
#230 = CARTESIAN_POINT('',(119.86,0.,0.));
#231 = DIRECTION('',(1.,0.,0.));
#232 = DIRECTION('',(0.,0.,1.));
#233 = DEFINITIONAL_REPRESENTATION('',(#234),#238);
#234 = LINE('',#235,#236);
#235 = CARTESIAN_POINT('',(0.,0.));
#236 = VECTOR('',#237,1.);
#237 = DIRECTION('',(1.,0.));
#238 = ( GEOMETRIC_REPRESENTATION_CONTEXT(2) 
PARAMETRIC_REPRESENTATION_CONTEXT() REPRESENTATION_CONTEXT('2D SPACE',''
  ) );
#239 = ADVANCED_FACE('',(#240,#288,#323,#358,#393,#507),#152,.T.);
#240 = FACE_BOUND('',#241,.T.);
#241 = EDGE_LOOP('',(#242,#243,#244,#267));
#242 = ORIENTED_EDGE('',*,*,#138,.F.);
#243 = ORIENTED_EDGE('',*,*,#191,.T.);
#244 = ORIENTED_EDGE('',*,*,#245,.T.);
#245 = EDGE_CURVE('',#192,#246,#248,.T.);
#246 = VERTEX_POINT('',#247);
#247 = CARTESIAN_POINT('',(119.86,88.11,13.));
#248 = SURFACE_CURVE('',#249,(#253,#260),.PCURVE_S1.);
#249 = LINE('',#250,#251);
#250 = CARTESIAN_POINT('',(119.86,0.,13.));
#251 = VECTOR('',#252,1.);
#252 = DIRECTION('',(0.,1.,0.));
#253 = PCURVE('',#152,#254);
#254 = DEFINITIONAL_REPRESENTATION('',(#255),#259);
#255 = LINE('',#256,#257);
#256 = CARTESIAN_POINT('',(119.86,0.));
#257 = VECTOR('',#258,1.);
#258 = DIRECTION('',(0.,1.));
#259 = ( GEOMETRIC_REPRESENTATION_CONTEXT(2) 
PARAMETRIC_REPRESENTATION_CONTEXT() REPRESENTATION_CONTEXT('2D SPACE',''
  ) );
#260 = PCURVE('',#228,#261);
#261 = DEFINITIONAL_REPRESENTATION('',(#262),#266);
#262 = LINE('',#263,#264);
#263 = CARTESIAN_POINT('',(13.,0.));
#264 = VECTOR('',#265,1.);
#265 = DIRECTION('',(0.,-1.));
#266 = ( GEOMETRIC_REPRESENTATION_CONTEXT(2) 
PARAMETRIC_REPRESENTATION_CONTEXT() REPRESENTATION_CONTEXT('2D SPACE',''
  ) );
#267 = ORIENTED_EDGE('',*,*,#268,.F.);
#268 = EDGE_CURVE('',#111,#246,#269,.T.);
#269 = SURFACE_CURVE('',#270,(#274,#281),.PCURVE_S1.);
#270 = LINE('',#271,#272);
#271 = CARTESIAN_POINT('',(0.,88.11,13.));
#272 = VECTOR('',#273,1.);
#273 = DIRECTION('',(1.,0.,0.));
#274 = PCURVE('',#152,#275);
#275 = DEFINITIONAL_REPRESENTATION('',(#276),#280);
#276 = LINE('',#277,#278);
#277 = CARTESIAN_POINT('',(0.,88.11));
#278 = VECTOR('',#279,1.);
#279 = DIRECTION('',(1.,0.));
#280 = ( GEOMETRIC_REPRESENTATION_CONTEXT(2) 
PARAMETRIC_REPRESENTATION_CONTEXT() REPRESENTATION_CONTEXT('2D SPACE',''
  ) );
#281 = PCURVE('',#126,#282);
#282 = DEFINITIONAL_REPRESENTATION('',(#283),#287);
#283 = LINE('',#284,#285);
#284 = CARTESIAN_POINT('',(13.,0.));
#285 = VECTOR('',#286,1.);
#286 = DIRECTION('',(0.,1.));
#287 = ( GEOMETRIC_REPRESENTATION_CONTEXT(2) 
PARAMETRIC_REPRESENTATION_CONTEXT() REPRESENTATION_CONTEXT('2D SPACE',''
  ) );
#288 = FACE_BOUND('',#289,.T.);
#289 = EDGE_LOOP('',(#290));
#290 = ORIENTED_EDGE('',*,*,#291,.T.);
#291 = EDGE_CURVE('',#292,#292,#294,.T.);
#292 = VERTEX_POINT('',#293);
#293 = CARTESIAN_POINT('',(7.35,5.,13.));
#294 = SURFACE_CURVE('',#295,(#300,#311),.PCURVE_S1.);
#295 = CIRCLE('',#296,2.35);
#296 = AXIS2_PLACEMENT_3D('',#297,#298,#299);
#297 = CARTESIAN_POINT('',(5.,5.,13.));
#298 = DIRECTION('',(0.,0.,-1.));
#299 = DIRECTION('',(1.,0.,0.));
#300 = PCURVE('',#152,#301);
#301 = DEFINITIONAL_REPRESENTATION('',(#302),#310);
#302 = ( BOUNDED_CURVE() B_SPLINE_CURVE(2,(#303,#304,#305,#306,#307,#308
,#309),.UNSPECIFIED.,.T.,.F.) B_SPLINE_CURVE_WITH_KNOTS((1,2,2,2,2,1),(
    -2.094395102393,0.,2.094395102393,4.188790204786,6.28318530718,
8.377580409573),.UNSPECIFIED.) CURVE() GEOMETRIC_REPRESENTATION_ITEM() 
RATIONAL_B_SPLINE_CURVE((1.,0.5,1.,0.5,1.,0.5,1.)) REPRESENTATION_ITEM(
  '') );
#303 = CARTESIAN_POINT('',(7.35,5.));
#304 = CARTESIAN_POINT('',(7.35,0.929680602213));
#305 = CARTESIAN_POINT('',(3.825,2.964840301107));
#306 = CARTESIAN_POINT('',(0.3,5.));
#307 = CARTESIAN_POINT('',(3.825,7.035159698893));
#308 = CARTESIAN_POINT('',(7.35,9.070319397787));
#309 = CARTESIAN_POINT('',(7.35,5.));
#310 = ( GEOMETRIC_REPRESENTATION_CONTEXT(2) 
PARAMETRIC_REPRESENTATION_CONTEXT() REPRESENTATION_CONTEXT('2D SPACE',''
  ) );
#311 = PCURVE('',#312,#317);
#312 = CYLINDRICAL_SURFACE('',#313,2.35);
#313 = AXIS2_PLACEMENT_3D('',#314,#315,#316);
#314 = CARTESIAN_POINT('',(5.,5.,9.));
#315 = DIRECTION('',(-0.,-0.,-1.));
#316 = DIRECTION('',(1.,0.,0.));
#317 = DEFINITIONAL_REPRESENTATION('',(#318),#322);
#318 = LINE('',#319,#320);
#319 = CARTESIAN_POINT('',(-4.138911435803E-13,-4.));
#320 = VECTOR('',#321,1.);
#321 = DIRECTION('',(1.,-0.));
#322 = ( GEOMETRIC_REPRESENTATION_CONTEXT(2) 
PARAMETRIC_REPRESENTATION_CONTEXT() REPRESENTATION_CONTEXT('2D SPACE',''
  ) );
#323 = FACE_BOUND('',#324,.T.);
#324 = EDGE_LOOP('',(#325));
#325 = ORIENTED_EDGE('',*,*,#326,.T.);
#326 = EDGE_CURVE('',#327,#327,#329,.T.);
#327 = VERTEX_POINT('',#328);
#328 = CARTESIAN_POINT('',(117.21,5.,13.));
#329 = SURFACE_CURVE('',#330,(#335,#346),.PCURVE_S1.);
#330 = CIRCLE('',#331,2.35);
#331 = AXIS2_PLACEMENT_3D('',#332,#333,#334);
#332 = CARTESIAN_POINT('',(114.86,5.,13.));
#333 = DIRECTION('',(0.,0.,-1.));
#334 = DIRECTION('',(1.,0.,0.));
#335 = PCURVE('',#152,#336);
#336 = DEFINITIONAL_REPRESENTATION('',(#337),#345);
#337 = ( BOUNDED_CURVE() B_SPLINE_CURVE(2,(#338,#339,#340,#341,#342,#343
,#344),.UNSPECIFIED.,.T.,.F.) B_SPLINE_CURVE_WITH_KNOTS((1,2,2,2,2,1),(
    -2.094395102393,0.,2.094395102393,4.188790204786,6.28318530718,
8.377580409573),.UNSPECIFIED.) CURVE() GEOMETRIC_REPRESENTATION_ITEM() 
RATIONAL_B_SPLINE_CURVE((1.,0.5,1.,0.5,1.,0.5,1.)) REPRESENTATION_ITEM(
  '') );
#338 = CARTESIAN_POINT('',(117.21,5.));
#339 = CARTESIAN_POINT('',(117.21,0.929680602213));
#340 = CARTESIAN_POINT('',(113.685,2.964840301107));
#341 = CARTESIAN_POINT('',(110.16,5.));
#342 = CARTESIAN_POINT('',(113.685,7.035159698893));
#343 = CARTESIAN_POINT('',(117.21,9.070319397787));
#344 = CARTESIAN_POINT('',(117.21,5.));
#345 = ( GEOMETRIC_REPRESENTATION_CONTEXT(2) 
PARAMETRIC_REPRESENTATION_CONTEXT() REPRESENTATION_CONTEXT('2D SPACE',''
  ) );
#346 = PCURVE('',#347,#352);
#347 = CYLINDRICAL_SURFACE('',#348,2.35);
#348 = AXIS2_PLACEMENT_3D('',#349,#350,#351);
#349 = CARTESIAN_POINT('',(114.86,5.,9.));
#350 = DIRECTION('',(-0.,-0.,-1.));
#351 = DIRECTION('',(1.,0.,0.));
#352 = DEFINITIONAL_REPRESENTATION('',(#353),#357);
#353 = LINE('',#354,#355);
#354 = CARTESIAN_POINT('',(-4.138911435803E-13,-4.));
#355 = VECTOR('',#356,1.);
#356 = DIRECTION('',(1.,-0.));
#357 = ( GEOMETRIC_REPRESENTATION_CONTEXT(2) 
PARAMETRIC_REPRESENTATION_CONTEXT() REPRESENTATION_CONTEXT('2D SPACE',''
  ) );
#358 = FACE_BOUND('',#359,.T.);
#359 = EDGE_LOOP('',(#360));
#360 = ORIENTED_EDGE('',*,*,#361,.T.);
#361 = EDGE_CURVE('',#362,#362,#364,.T.);
#362 = VERTEX_POINT('',#363);
#363 = CARTESIAN_POINT('',(7.35,83.11,13.));
#364 = SURFACE_CURVE('',#365,(#370,#381),.PCURVE_S1.);
#365 = CIRCLE('',#366,2.35);
#366 = AXIS2_PLACEMENT_3D('',#367,#368,#369);
#367 = CARTESIAN_POINT('',(5.,83.11,13.));
#368 = DIRECTION('',(0.,0.,-1.));
#369 = DIRECTION('',(1.,0.,0.));
#370 = PCURVE('',#152,#371);
#371 = DEFINITIONAL_REPRESENTATION('',(#372),#380);
#372 = ( BOUNDED_CURVE() B_SPLINE_CURVE(2,(#373,#374,#375,#376,#377,#378
,#379),.UNSPECIFIED.,.T.,.F.) B_SPLINE_CURVE_WITH_KNOTS((1,2,2,2,2,1),(
    -2.094395102393,0.,2.094395102393,4.188790204786,6.28318530718,
8.377580409573),.UNSPECIFIED.) CURVE() GEOMETRIC_REPRESENTATION_ITEM() 
RATIONAL_B_SPLINE_CURVE((1.,0.5,1.,0.5,1.,0.5,1.)) REPRESENTATION_ITEM(
  '') );
#373 = CARTESIAN_POINT('',(7.35,83.11));
#374 = CARTESIAN_POINT('',(7.35,79.039680602213));
#375 = CARTESIAN_POINT('',(3.825,81.074840301107));
#376 = CARTESIAN_POINT('',(0.3,83.11));
#377 = CARTESIAN_POINT('',(3.825,85.145159698893));
#378 = CARTESIAN_POINT('',(7.35,87.180319397787));
#379 = CARTESIAN_POINT('',(7.35,83.11));
#380 = ( GEOMETRIC_REPRESENTATION_CONTEXT(2) 
PARAMETRIC_REPRESENTATION_CONTEXT() REPRESENTATION_CONTEXT('2D SPACE',''
  ) );
#381 = PCURVE('',#382,#387);
#382 = CYLINDRICAL_SURFACE('',#383,2.35);
#383 = AXIS2_PLACEMENT_3D('',#384,#385,#386);
#384 = CARTESIAN_POINT('',(5.,83.11,9.));
#385 = DIRECTION('',(-0.,-0.,-1.));
#386 = DIRECTION('',(1.,0.,0.));
#387 = DEFINITIONAL_REPRESENTATION('',(#388),#392);
#388 = LINE('',#389,#390);
#389 = CARTESIAN_POINT('',(-4.138911435803E-13,-4.));
#390 = VECTOR('',#391,1.);
#391 = DIRECTION('',(1.,-0.));
#392 = ( GEOMETRIC_REPRESENTATION_CONTEXT(2) 
PARAMETRIC_REPRESENTATION_CONTEXT() REPRESENTATION_CONTEXT('2D SPACE',''
  ) );
#393 = FACE_BOUND('',#394,.T.);
#394 = EDGE_LOOP('',(#395,#425,#453,#481));
#395 = ORIENTED_EDGE('',*,*,#396,.T.);
#396 = EDGE_CURVE('',#397,#399,#401,.T.);
#397 = VERTEX_POINT('',#398);
#398 = CARTESIAN_POINT('',(109.86,10.,13.));
#399 = VERTEX_POINT('',#400);
#400 = CARTESIAN_POINT('',(10.,10.,13.));
#401 = SURFACE_CURVE('',#402,(#406,#413),.PCURVE_S1.);
#402 = LINE('',#403,#404);
#403 = CARTESIAN_POINT('',(5.,10.,13.));
#404 = VECTOR('',#405,1.);
#405 = DIRECTION('',(-1.,0.,0.));
#406 = PCURVE('',#152,#407);
#407 = DEFINITIONAL_REPRESENTATION('',(#408),#412);
#408 = LINE('',#409,#410);
#409 = CARTESIAN_POINT('',(5.,10.));
#410 = VECTOR('',#411,1.);
#411 = DIRECTION('',(-1.,0.));
#412 = ( GEOMETRIC_REPRESENTATION_CONTEXT(2) 
PARAMETRIC_REPRESENTATION_CONTEXT() REPRESENTATION_CONTEXT('2D SPACE',''
  ) );
#413 = PCURVE('',#414,#419);
#414 = PLANE('',#415);
#415 = AXIS2_PLACEMENT_3D('',#416,#417,#418);
#416 = CARTESIAN_POINT('',(10.,10.,3.));
#417 = DIRECTION('',(0.,1.,0.));
#418 = DIRECTION('',(0.,-0.,1.));
#419 = DEFINITIONAL_REPRESENTATION('',(#420),#424);
#420 = LINE('',#421,#422);
#421 = CARTESIAN_POINT('',(10.,-5.));
#422 = VECTOR('',#423,1.);
#423 = DIRECTION('',(0.,-1.));
#424 = ( GEOMETRIC_REPRESENTATION_CONTEXT(2) 
PARAMETRIC_REPRESENTATION_CONTEXT() REPRESENTATION_CONTEXT('2D SPACE',''
  ) );
#425 = ORIENTED_EDGE('',*,*,#426,.T.);
#426 = EDGE_CURVE('',#399,#427,#429,.T.);
#427 = VERTEX_POINT('',#428);
#428 = CARTESIAN_POINT('',(10.,78.11,13.));
#429 = SURFACE_CURVE('',#430,(#434,#441),.PCURVE_S1.);
#430 = LINE('',#431,#432);
#431 = CARTESIAN_POINT('',(10.,5.,13.));
#432 = VECTOR('',#433,1.);
#433 = DIRECTION('',(0.,1.,0.));
#434 = PCURVE('',#152,#435);
#435 = DEFINITIONAL_REPRESENTATION('',(#436),#440);
#436 = LINE('',#437,#438);
#437 = CARTESIAN_POINT('',(10.,5.));
#438 = VECTOR('',#439,1.);
#439 = DIRECTION('',(0.,1.));
#440 = ( GEOMETRIC_REPRESENTATION_CONTEXT(2) 
PARAMETRIC_REPRESENTATION_CONTEXT() REPRESENTATION_CONTEXT('2D SPACE',''
  ) );
#441 = PCURVE('',#442,#447);
#442 = PLANE('',#443);
#443 = AXIS2_PLACEMENT_3D('',#444,#445,#446);
#444 = CARTESIAN_POINT('',(10.,10.,3.));
#445 = DIRECTION('',(1.,0.,0.));
#446 = DIRECTION('',(0.,0.,1.));
#447 = DEFINITIONAL_REPRESENTATION('',(#448),#452);
#448 = LINE('',#449,#450);
#449 = CARTESIAN_POINT('',(10.,5.));
#450 = VECTOR('',#451,1.);
#451 = DIRECTION('',(0.,-1.));
#452 = ( GEOMETRIC_REPRESENTATION_CONTEXT(2) 
PARAMETRIC_REPRESENTATION_CONTEXT() REPRESENTATION_CONTEXT('2D SPACE',''
  ) );
#453 = ORIENTED_EDGE('',*,*,#454,.F.);
#454 = EDGE_CURVE('',#455,#427,#457,.T.);
#455 = VERTEX_POINT('',#456);
#456 = CARTESIAN_POINT('',(109.86,78.11,13.));
#457 = SURFACE_CURVE('',#458,(#462,#469),.PCURVE_S1.);
#458 = LINE('',#459,#460);
#459 = CARTESIAN_POINT('',(5.,78.11,13.));
#460 = VECTOR('',#461,1.);
#461 = DIRECTION('',(-1.,0.,0.));
#462 = PCURVE('',#152,#463);
#463 = DEFINITIONAL_REPRESENTATION('',(#464),#468);
#464 = LINE('',#465,#466);
#465 = CARTESIAN_POINT('',(5.,78.11));
#466 = VECTOR('',#467,1.);
#467 = DIRECTION('',(-1.,0.));
#468 = ( GEOMETRIC_REPRESENTATION_CONTEXT(2) 
PARAMETRIC_REPRESENTATION_CONTEXT() REPRESENTATION_CONTEXT('2D SPACE',''
  ) );
#469 = PCURVE('',#470,#475);
#470 = PLANE('',#471);
#471 = AXIS2_PLACEMENT_3D('',#472,#473,#474);
#472 = CARTESIAN_POINT('',(10.,78.11,3.));
#473 = DIRECTION('',(0.,1.,0.));
#474 = DIRECTION('',(0.,-0.,1.));
#475 = DEFINITIONAL_REPRESENTATION('',(#476),#480);
#476 = LINE('',#477,#478);
#477 = CARTESIAN_POINT('',(10.,-5.));
#478 = VECTOR('',#479,1.);
#479 = DIRECTION('',(0.,-1.));
#480 = ( GEOMETRIC_REPRESENTATION_CONTEXT(2) 
PARAMETRIC_REPRESENTATION_CONTEXT() REPRESENTATION_CONTEXT('2D SPACE',''
  ) );
#481 = ORIENTED_EDGE('',*,*,#482,.F.);
#482 = EDGE_CURVE('',#397,#455,#483,.T.);
#483 = SURFACE_CURVE('',#484,(#488,#495),.PCURVE_S1.);
#484 = LINE('',#485,#486);
#485 = CARTESIAN_POINT('',(109.86,5.,13.));
#486 = VECTOR('',#487,1.);
#487 = DIRECTION('',(0.,1.,0.));
#488 = PCURVE('',#152,#489);
#489 = DEFINITIONAL_REPRESENTATION('',(#490),#494);
#490 = LINE('',#491,#492);
#491 = CARTESIAN_POINT('',(109.86,5.));
#492 = VECTOR('',#493,1.);
#493 = DIRECTION('',(0.,1.));
#494 = ( GEOMETRIC_REPRESENTATION_CONTEXT(2) 
PARAMETRIC_REPRESENTATION_CONTEXT() REPRESENTATION_CONTEXT('2D SPACE',''
  ) );
#495 = PCURVE('',#496,#501);
#496 = PLANE('',#497);
#497 = AXIS2_PLACEMENT_3D('',#498,#499,#500);
#498 = CARTESIAN_POINT('',(109.86,10.,3.));
#499 = DIRECTION('',(1.,0.,0.));
#500 = DIRECTION('',(0.,0.,1.));
#501 = DEFINITIONAL_REPRESENTATION('',(#502),#506);
#502 = LINE('',#503,#504);
#503 = CARTESIAN_POINT('',(10.,5.));
#504 = VECTOR('',#505,1.);
#505 = DIRECTION('',(0.,-1.));
#506 = ( GEOMETRIC_REPRESENTATION_CONTEXT(2) 
PARAMETRIC_REPRESENTATION_CONTEXT() REPRESENTATION_CONTEXT('2D SPACE',''
  ) );
#507 = FACE_BOUND('',#508,.T.);
#508 = EDGE_LOOP('',(#509));
#509 = ORIENTED_EDGE('',*,*,#510,.T.);
#510 = EDGE_CURVE('',#511,#511,#513,.T.);
#511 = VERTEX_POINT('',#512);
#512 = CARTESIAN_POINT('',(117.21,83.11,13.));
#513 = SURFACE_CURVE('',#514,(#519,#530),.PCURVE_S1.);
#514 = CIRCLE('',#515,2.35);
#515 = AXIS2_PLACEMENT_3D('',#516,#517,#518);
#516 = CARTESIAN_POINT('',(114.86,83.11,13.));
#517 = DIRECTION('',(0.,0.,-1.));
#518 = DIRECTION('',(1.,0.,0.));
#519 = PCURVE('',#152,#520);
#520 = DEFINITIONAL_REPRESENTATION('',(#521),#529);
#521 = ( BOUNDED_CURVE() B_SPLINE_CURVE(2,(#522,#523,#524,#525,#526,#527
,#528),.UNSPECIFIED.,.T.,.F.) B_SPLINE_CURVE_WITH_KNOTS((1,2,2,2,2,1),(
    -2.094395102393,0.,2.094395102393,4.188790204786,6.28318530718,
8.377580409573),.UNSPECIFIED.) CURVE() GEOMETRIC_REPRESENTATION_ITEM() 
RATIONAL_B_SPLINE_CURVE((1.,0.5,1.,0.5,1.,0.5,1.)) REPRESENTATION_ITEM(
  '') );
#522 = CARTESIAN_POINT('',(117.21,83.11));
#523 = CARTESIAN_POINT('',(117.21,79.039680602213));
#524 = CARTESIAN_POINT('',(113.685,81.074840301107));
#525 = CARTESIAN_POINT('',(110.16,83.11));
#526 = CARTESIAN_POINT('',(113.685,85.145159698893));
#527 = CARTESIAN_POINT('',(117.21,87.180319397787));
#528 = CARTESIAN_POINT('',(117.21,83.11));
#529 = ( GEOMETRIC_REPRESENTATION_CONTEXT(2) 
PARAMETRIC_REPRESENTATION_CONTEXT() REPRESENTATION_CONTEXT('2D SPACE',''
  ) );
#530 = PCURVE('',#531,#536);
#531 = CYLINDRICAL_SURFACE('',#532,2.35);
#532 = AXIS2_PLACEMENT_3D('',#533,#534,#535);
#533 = CARTESIAN_POINT('',(114.86,83.11,9.));
#534 = DIRECTION('',(-0.,-0.,-1.));
#535 = DIRECTION('',(1.,0.,0.));
#536 = DEFINITIONAL_REPRESENTATION('',(#537),#541);
#537 = LINE('',#538,#539);
#538 = CARTESIAN_POINT('',(-4.138911435803E-13,-4.));
#539 = VECTOR('',#540,1.);
#540 = DIRECTION('',(1.,-0.));
#541 = ( GEOMETRIC_REPRESENTATION_CONTEXT(2) 
PARAMETRIC_REPRESENTATION_CONTEXT() REPRESENTATION_CONTEXT('2D SPACE',''
  ) );
#542 = ADVANCED_FACE('',(#543,#591),#126,.T.);
#543 = FACE_BOUND('',#544,.T.);
#544 = EDGE_LOOP('',(#545,#568,#569,#570));
#545 = ORIENTED_EDGE('',*,*,#546,.F.);
#546 = EDGE_CURVE('',#83,#547,#549,.T.);
#547 = VERTEX_POINT('',#548);
#548 = CARTESIAN_POINT('',(119.86,88.11,0.));
#549 = SURFACE_CURVE('',#550,(#554,#561),.PCURVE_S1.);
#550 = LINE('',#551,#552);
#551 = CARTESIAN_POINT('',(0.,88.11,0.));
#552 = VECTOR('',#553,1.);
#553 = DIRECTION('',(1.,0.,0.));
#554 = PCURVE('',#126,#555);
#555 = DEFINITIONAL_REPRESENTATION('',(#556),#560);
#556 = LINE('',#557,#558);
#557 = CARTESIAN_POINT('',(0.,0.));
#558 = VECTOR('',#559,1.);
#559 = DIRECTION('',(0.,1.));
#560 = ( GEOMETRIC_REPRESENTATION_CONTEXT(2) 
PARAMETRIC_REPRESENTATION_CONTEXT() REPRESENTATION_CONTEXT('2D SPACE',''
  ) );
#561 = PCURVE('',#98,#562);
#562 = DEFINITIONAL_REPRESENTATION('',(#563),#567);
#563 = LINE('',#564,#565);
#564 = CARTESIAN_POINT('',(0.,88.11));
#565 = VECTOR('',#566,1.);
#566 = DIRECTION('',(1.,0.));
#567 = ( GEOMETRIC_REPRESENTATION_CONTEXT(2) 
PARAMETRIC_REPRESENTATION_CONTEXT() REPRESENTATION_CONTEXT('2D SPACE',''
  ) );
#568 = ORIENTED_EDGE('',*,*,#110,.T.);
#569 = ORIENTED_EDGE('',*,*,#268,.T.);
#570 = ORIENTED_EDGE('',*,*,#571,.F.);
#571 = EDGE_CURVE('',#547,#246,#572,.T.);
#572 = SURFACE_CURVE('',#573,(#577,#584),.PCURVE_S1.);
#573 = LINE('',#574,#575);
#574 = CARTESIAN_POINT('',(119.86,88.11,0.));
#575 = VECTOR('',#576,1.);
#576 = DIRECTION('',(0.,0.,1.));
#577 = PCURVE('',#126,#578);
#578 = DEFINITIONAL_REPRESENTATION('',(#579),#583);
#579 = LINE('',#580,#581);
#580 = CARTESIAN_POINT('',(0.,119.86));
#581 = VECTOR('',#582,1.);
#582 = DIRECTION('',(1.,0.));
#583 = ( GEOMETRIC_REPRESENTATION_CONTEXT(2) 
PARAMETRIC_REPRESENTATION_CONTEXT() REPRESENTATION_CONTEXT('2D SPACE',''
  ) );
#584 = PCURVE('',#228,#585);
#585 = DEFINITIONAL_REPRESENTATION('',(#586),#590);
#586 = LINE('',#587,#588);
#587 = CARTESIAN_POINT('',(0.,-88.11));
#588 = VECTOR('',#589,1.);
#589 = DIRECTION('',(1.,0.));
#590 = ( GEOMETRIC_REPRESENTATION_CONTEXT(2) 
PARAMETRIC_REPRESENTATION_CONTEXT() REPRESENTATION_CONTEXT('2D SPACE',''
  ) );
#591 = FACE_BOUND('',#592,.T.);
#592 = EDGE_LOOP('',(#593,#623,#651,#679));
#593 = ORIENTED_EDGE('',*,*,#594,.F.);
#594 = EDGE_CURVE('',#595,#597,#599,.T.);
#595 = VERTEX_POINT('',#596);
#596 = CARTESIAN_POINT('',(76.545,88.11,9.7));
#597 = VERTEX_POINT('',#598);
#598 = CARTESIAN_POINT('',(88.545,88.11,9.7));
#599 = SURFACE_CURVE('',#600,(#604,#611),.PCURVE_S1.);
#600 = LINE('',#601,#602);
#601 = CARTESIAN_POINT('',(38.2725,88.11,9.7));
#602 = VECTOR('',#603,1.);
#603 = DIRECTION('',(1.,0.,0.));
#604 = PCURVE('',#126,#605);
#605 = DEFINITIONAL_REPRESENTATION('',(#606),#610);
#606 = LINE('',#607,#608);
#607 = CARTESIAN_POINT('',(9.7,38.2725));
#608 = VECTOR('',#609,1.);
#609 = DIRECTION('',(0.,1.));
#610 = ( GEOMETRIC_REPRESENTATION_CONTEXT(2) 
PARAMETRIC_REPRESENTATION_CONTEXT() REPRESENTATION_CONTEXT('2D SPACE',''
  ) );
#611 = PCURVE('',#612,#617);
#612 = PLANE('',#613);
#613 = AXIS2_PLACEMENT_3D('',#614,#615,#616);
#614 = CARTESIAN_POINT('',(76.545,86.11,9.7));
#615 = DIRECTION('',(0.,0.,1.));
#616 = DIRECTION('',(1.,0.,-0.));
#617 = DEFINITIONAL_REPRESENTATION('',(#618),#622);
#618 = LINE('',#619,#620);
#619 = CARTESIAN_POINT('',(-38.2725,2.));
#620 = VECTOR('',#621,1.);
#621 = DIRECTION('',(1.,0.));
#622 = ( GEOMETRIC_REPRESENTATION_CONTEXT(2) 
PARAMETRIC_REPRESENTATION_CONTEXT() REPRESENTATION_CONTEXT('2D SPACE',''
  ) );
#623 = ORIENTED_EDGE('',*,*,#624,.T.);
#624 = EDGE_CURVE('',#595,#625,#627,.T.);
#625 = VERTEX_POINT('',#626);
#626 = CARTESIAN_POINT('',(76.545,88.11,3.2));
#627 = SURFACE_CURVE('',#628,(#632,#639),.PCURVE_S1.);
#628 = LINE('',#629,#630);
#629 = CARTESIAN_POINT('',(76.545,88.11,1.6));
#630 = VECTOR('',#631,1.);
#631 = DIRECTION('',(0.,0.,-1.));
#632 = PCURVE('',#126,#633);
#633 = DEFINITIONAL_REPRESENTATION('',(#634),#638);
#634 = LINE('',#635,#636);
#635 = CARTESIAN_POINT('',(1.6,76.545));
#636 = VECTOR('',#637,1.);
#637 = DIRECTION('',(-1.,0.));
#638 = ( GEOMETRIC_REPRESENTATION_CONTEXT(2) 
PARAMETRIC_REPRESENTATION_CONTEXT() REPRESENTATION_CONTEXT('2D SPACE',''
  ) );
#639 = PCURVE('',#640,#645);
#640 = PLANE('',#641);
#641 = AXIS2_PLACEMENT_3D('',#642,#643,#644);
#642 = CARTESIAN_POINT('',(76.545,86.11,3.2));
#643 = DIRECTION('',(1.,0.,0.));
#644 = DIRECTION('',(0.,0.,1.));
#645 = DEFINITIONAL_REPRESENTATION('',(#646),#650);
#646 = LINE('',#647,#648);
#647 = CARTESIAN_POINT('',(-1.6,-2.));
#648 = VECTOR('',#649,1.);
#649 = DIRECTION('',(-1.,0.));
#650 = ( GEOMETRIC_REPRESENTATION_CONTEXT(2) 
PARAMETRIC_REPRESENTATION_CONTEXT() REPRESENTATION_CONTEXT('2D SPACE',''
  ) );
#651 = ORIENTED_EDGE('',*,*,#652,.T.);
#652 = EDGE_CURVE('',#625,#653,#655,.T.);
#653 = VERTEX_POINT('',#654);
#654 = CARTESIAN_POINT('',(88.545,88.11,3.2));
#655 = SURFACE_CURVE('',#656,(#660,#667),.PCURVE_S1.);
#656 = LINE('',#657,#658);
#657 = CARTESIAN_POINT('',(38.2725,88.11,3.2));
#658 = VECTOR('',#659,1.);
#659 = DIRECTION('',(1.,0.,0.));
#660 = PCURVE('',#126,#661);
#661 = DEFINITIONAL_REPRESENTATION('',(#662),#666);
#662 = LINE('',#663,#664);
#663 = CARTESIAN_POINT('',(3.2,38.2725));
#664 = VECTOR('',#665,1.);
#665 = DIRECTION('',(0.,1.));
#666 = ( GEOMETRIC_REPRESENTATION_CONTEXT(2) 
PARAMETRIC_REPRESENTATION_CONTEXT() REPRESENTATION_CONTEXT('2D SPACE',''
  ) );
#667 = PCURVE('',#668,#673);
#668 = PLANE('',#669);
#669 = AXIS2_PLACEMENT_3D('',#670,#671,#672);
#670 = CARTESIAN_POINT('',(76.545,86.11,3.2));
#671 = DIRECTION('',(0.,0.,1.));
#672 = DIRECTION('',(1.,0.,-0.));
#673 = DEFINITIONAL_REPRESENTATION('',(#674),#678);
#674 = LINE('',#675,#676);
#675 = CARTESIAN_POINT('',(-38.2725,2.));
#676 = VECTOR('',#677,1.);
#677 = DIRECTION('',(1.,0.));
#678 = ( GEOMETRIC_REPRESENTATION_CONTEXT(2) 
PARAMETRIC_REPRESENTATION_CONTEXT() REPRESENTATION_CONTEXT('2D SPACE',''
  ) );
#679 = ORIENTED_EDGE('',*,*,#680,.F.);
#680 = EDGE_CURVE('',#597,#653,#681,.T.);
#681 = SURFACE_CURVE('',#682,(#686,#693),.PCURVE_S1.);
#682 = LINE('',#683,#684);
#683 = CARTESIAN_POINT('',(88.545,88.11,1.6));
#684 = VECTOR('',#685,1.);
#685 = DIRECTION('',(0.,0.,-1.));
#686 = PCURVE('',#126,#687);
#687 = DEFINITIONAL_REPRESENTATION('',(#688),#692);
#688 = LINE('',#689,#690);
#689 = CARTESIAN_POINT('',(1.6,88.545));
#690 = VECTOR('',#691,1.);
#691 = DIRECTION('',(-1.,0.));
#692 = ( GEOMETRIC_REPRESENTATION_CONTEXT(2) 
PARAMETRIC_REPRESENTATION_CONTEXT() REPRESENTATION_CONTEXT('2D SPACE',''
  ) );
#693 = PCURVE('',#694,#699);
#694 = PLANE('',#695);
#695 = AXIS2_PLACEMENT_3D('',#696,#697,#698);
#696 = CARTESIAN_POINT('',(88.545,86.11,3.2));
#697 = DIRECTION('',(1.,0.,0.));
#698 = DIRECTION('',(0.,0.,1.));
#699 = DEFINITIONAL_REPRESENTATION('',(#700),#704);
#700 = LINE('',#701,#702);
#701 = CARTESIAN_POINT('',(-1.6,-2.));
#702 = VECTOR('',#703,1.);
#703 = DIRECTION('',(-1.,0.));
#704 = ( GEOMETRIC_REPRESENTATION_CONTEXT(2) 
PARAMETRIC_REPRESENTATION_CONTEXT() REPRESENTATION_CONTEXT('2D SPACE',''
  ) );
#705 = ADVANCED_FACE('',(#706),#98,.F.);
#706 = FACE_BOUND('',#707,.F.);
#707 = EDGE_LOOP('',(#708,#709,#710,#731));
#708 = ORIENTED_EDGE('',*,*,#82,.F.);
#709 = ORIENTED_EDGE('',*,*,#167,.T.);
#710 = ORIENTED_EDGE('',*,*,#711,.T.);
#711 = EDGE_CURVE('',#168,#547,#712,.T.);
#712 = SURFACE_CURVE('',#713,(#717,#724),.PCURVE_S1.);
#713 = LINE('',#714,#715);
#714 = CARTESIAN_POINT('',(119.86,0.,0.));
#715 = VECTOR('',#716,1.);
#716 = DIRECTION('',(0.,1.,0.));
#717 = PCURVE('',#98,#718);
#718 = DEFINITIONAL_REPRESENTATION('',(#719),#723);
#719 = LINE('',#720,#721);
#720 = CARTESIAN_POINT('',(119.86,0.));
#721 = VECTOR('',#722,1.);
#722 = DIRECTION('',(0.,1.));
#723 = ( GEOMETRIC_REPRESENTATION_CONTEXT(2) 
PARAMETRIC_REPRESENTATION_CONTEXT() REPRESENTATION_CONTEXT('2D SPACE',''
  ) );
#724 = PCURVE('',#228,#725);
#725 = DEFINITIONAL_REPRESENTATION('',(#726),#730);
#726 = LINE('',#727,#728);
#727 = CARTESIAN_POINT('',(0.,0.));
#728 = VECTOR('',#729,1.);
#729 = DIRECTION('',(0.,-1.));
#730 = ( GEOMETRIC_REPRESENTATION_CONTEXT(2) 
PARAMETRIC_REPRESENTATION_CONTEXT() REPRESENTATION_CONTEXT('2D SPACE',''
  ) );
#731 = ORIENTED_EDGE('',*,*,#546,.F.);
#732 = ADVANCED_FACE('',(#733),#228,.T.);
#733 = FACE_BOUND('',#734,.T.);
#734 = EDGE_LOOP('',(#735,#736,#737,#738));
#735 = ORIENTED_EDGE('',*,*,#214,.F.);
#736 = ORIENTED_EDGE('',*,*,#711,.T.);
#737 = ORIENTED_EDGE('',*,*,#571,.T.);
#738 = ORIENTED_EDGE('',*,*,#245,.F.);
#739 = ADVANCED_FACE('',(#740),#312,.F.);
#740 = FACE_BOUND('',#741,.F.);
#741 = EDGE_LOOP('',(#742,#765,#766,#767));
#742 = ORIENTED_EDGE('',*,*,#743,.T.);
#743 = EDGE_CURVE('',#744,#292,#746,.T.);
#744 = VERTEX_POINT('',#745);
#745 = CARTESIAN_POINT('',(7.35,5.,9.));
#746 = SEAM_CURVE('',#747,(#751,#758),.PCURVE_S1.);
#747 = LINE('',#748,#749);
#748 = CARTESIAN_POINT('',(7.35,5.,9.));
#749 = VECTOR('',#750,1.);
#750 = DIRECTION('',(0.,0.,1.));
#751 = PCURVE('',#312,#752);
#752 = DEFINITIONAL_REPRESENTATION('',(#753),#757);
#753 = LINE('',#754,#755);
#754 = CARTESIAN_POINT('',(-4.138911435803E-13,0.));
#755 = VECTOR('',#756,1.);
#756 = DIRECTION('',(-0.,-1.));
#757 = ( GEOMETRIC_REPRESENTATION_CONTEXT(2) 
PARAMETRIC_REPRESENTATION_CONTEXT() REPRESENTATION_CONTEXT('2D SPACE',''
  ) );
#758 = PCURVE('',#312,#759);
#759 = DEFINITIONAL_REPRESENTATION('',(#760),#764);
#760 = LINE('',#761,#762);
#761 = CARTESIAN_POINT('',(6.28318530718,0.));
#762 = VECTOR('',#763,1.);
#763 = DIRECTION('',(-0.,-1.));
#764 = ( GEOMETRIC_REPRESENTATION_CONTEXT(2) 
PARAMETRIC_REPRESENTATION_CONTEXT() REPRESENTATION_CONTEXT('2D SPACE',''
  ) );
#765 = ORIENTED_EDGE('',*,*,#291,.T.);
#766 = ORIENTED_EDGE('',*,*,#743,.F.);
#767 = ORIENTED_EDGE('',*,*,#768,.T.);
#768 = EDGE_CURVE('',#744,#744,#769,.T.);
#769 = SURFACE_CURVE('',#770,(#775,#782),.PCURVE_S1.);
#770 = CIRCLE('',#771,2.35);
#771 = AXIS2_PLACEMENT_3D('',#772,#773,#774);
#772 = CARTESIAN_POINT('',(5.,5.,9.));
#773 = DIRECTION('',(0.,0.,1.));
#774 = DIRECTION('',(1.,0.,-0.));
#775 = PCURVE('',#312,#776);
#776 = DEFINITIONAL_REPRESENTATION('',(#777),#781);
#777 = LINE('',#778,#779);
#778 = CARTESIAN_POINT('',(6.28318530718,0.));
#779 = VECTOR('',#780,1.);
#780 = DIRECTION('',(-1.,0.));
#781 = ( GEOMETRIC_REPRESENTATION_CONTEXT(2) 
PARAMETRIC_REPRESENTATION_CONTEXT() REPRESENTATION_CONTEXT('2D SPACE',''
  ) );
#782 = PCURVE('',#783,#788);
#783 = PLANE('',#784);
#784 = AXIS2_PLACEMENT_3D('',#785,#786,#787);
#785 = CARTESIAN_POINT('',(5.,5.,9.));
#786 = DIRECTION('',(0.,0.,1.));
#787 = DIRECTION('',(1.,0.,-0.));
#788 = DEFINITIONAL_REPRESENTATION('',(#789),#793);
#789 = CIRCLE('',#790,2.35);
#790 = AXIS2_PLACEMENT_2D('',#791,#792);
#791 = CARTESIAN_POINT('',(0.,0.));
#792 = DIRECTION('',(1.,0.));
#793 = ( GEOMETRIC_REPRESENTATION_CONTEXT(2) 
PARAMETRIC_REPRESENTATION_CONTEXT() REPRESENTATION_CONTEXT('2D SPACE',''
  ) );
#794 = ADVANCED_FACE('',(#795),#347,.F.);
#795 = FACE_BOUND('',#796,.F.);
#796 = EDGE_LOOP('',(#797,#820,#821,#822));
#797 = ORIENTED_EDGE('',*,*,#798,.T.);
#798 = EDGE_CURVE('',#799,#327,#801,.T.);
#799 = VERTEX_POINT('',#800);
#800 = CARTESIAN_POINT('',(117.21,5.,9.));
#801 = SEAM_CURVE('',#802,(#806,#813),.PCURVE_S1.);
#802 = LINE('',#803,#804);
#803 = CARTESIAN_POINT('',(117.21,5.,9.));
#804 = VECTOR('',#805,1.);
#805 = DIRECTION('',(0.,0.,1.));
#806 = PCURVE('',#347,#807);
#807 = DEFINITIONAL_REPRESENTATION('',(#808),#812);
#808 = LINE('',#809,#810);
#809 = CARTESIAN_POINT('',(-4.138911435803E-13,0.));
#810 = VECTOR('',#811,1.);
#811 = DIRECTION('',(-0.,-1.));
#812 = ( GEOMETRIC_REPRESENTATION_CONTEXT(2) 
PARAMETRIC_REPRESENTATION_CONTEXT() REPRESENTATION_CONTEXT('2D SPACE',''
  ) );
#813 = PCURVE('',#347,#814);
#814 = DEFINITIONAL_REPRESENTATION('',(#815),#819);
#815 = LINE('',#816,#817);
#816 = CARTESIAN_POINT('',(6.28318530718,0.));
#817 = VECTOR('',#818,1.);
#818 = DIRECTION('',(-0.,-1.));
#819 = ( GEOMETRIC_REPRESENTATION_CONTEXT(2) 
PARAMETRIC_REPRESENTATION_CONTEXT() REPRESENTATION_CONTEXT('2D SPACE',''
  ) );
#820 = ORIENTED_EDGE('',*,*,#326,.T.);
#821 = ORIENTED_EDGE('',*,*,#798,.F.);
#822 = ORIENTED_EDGE('',*,*,#823,.T.);
#823 = EDGE_CURVE('',#799,#799,#824,.T.);
#824 = SURFACE_CURVE('',#825,(#830,#837),.PCURVE_S1.);
#825 = CIRCLE('',#826,2.35);
#826 = AXIS2_PLACEMENT_3D('',#827,#828,#829);
#827 = CARTESIAN_POINT('',(114.86,5.,9.));
#828 = DIRECTION('',(0.,0.,1.));
#829 = DIRECTION('',(1.,0.,-0.));
#830 = PCURVE('',#347,#831);
#831 = DEFINITIONAL_REPRESENTATION('',(#832),#836);
#832 = LINE('',#833,#834);
#833 = CARTESIAN_POINT('',(6.28318530718,0.));
#834 = VECTOR('',#835,1.);
#835 = DIRECTION('',(-1.,0.));
#836 = ( GEOMETRIC_REPRESENTATION_CONTEXT(2) 
PARAMETRIC_REPRESENTATION_CONTEXT() REPRESENTATION_CONTEXT('2D SPACE',''
  ) );
#837 = PCURVE('',#838,#843);
#838 = PLANE('',#839);
#839 = AXIS2_PLACEMENT_3D('',#840,#841,#842);
#840 = CARTESIAN_POINT('',(114.86,5.,9.));
#841 = DIRECTION('',(0.,0.,1.));
#842 = DIRECTION('',(1.,0.,-0.));
#843 = DEFINITIONAL_REPRESENTATION('',(#844),#848);
#844 = CIRCLE('',#845,2.35);
#845 = AXIS2_PLACEMENT_2D('',#846,#847);
#846 = CARTESIAN_POINT('',(0.,0.));
#847 = DIRECTION('',(1.,0.));
#848 = ( GEOMETRIC_REPRESENTATION_CONTEXT(2) 
PARAMETRIC_REPRESENTATION_CONTEXT() REPRESENTATION_CONTEXT('2D SPACE',''
  ) );
#849 = ADVANCED_FACE('',(#850),#382,.F.);
#850 = FACE_BOUND('',#851,.F.);
#851 = EDGE_LOOP('',(#852,#875,#876,#877));
#852 = ORIENTED_EDGE('',*,*,#853,.T.);
#853 = EDGE_CURVE('',#854,#362,#856,.T.);
#854 = VERTEX_POINT('',#855);
#855 = CARTESIAN_POINT('',(7.35,83.11,9.));
#856 = SEAM_CURVE('',#857,(#861,#868),.PCURVE_S1.);
#857 = LINE('',#858,#859);
#858 = CARTESIAN_POINT('',(7.35,83.11,9.));
#859 = VECTOR('',#860,1.);
#860 = DIRECTION('',(0.,0.,1.));
#861 = PCURVE('',#382,#862);
#862 = DEFINITIONAL_REPRESENTATION('',(#863),#867);
#863 = LINE('',#864,#865);
#864 = CARTESIAN_POINT('',(-4.138911435803E-13,0.));
#865 = VECTOR('',#866,1.);
#866 = DIRECTION('',(-0.,-1.));
#867 = ( GEOMETRIC_REPRESENTATION_CONTEXT(2) 
PARAMETRIC_REPRESENTATION_CONTEXT() REPRESENTATION_CONTEXT('2D SPACE',''
  ) );
#868 = PCURVE('',#382,#869);
#869 = DEFINITIONAL_REPRESENTATION('',(#870),#874);
#870 = LINE('',#871,#872);
#871 = CARTESIAN_POINT('',(6.28318530718,0.));
#872 = VECTOR('',#873,1.);
#873 = DIRECTION('',(-0.,-1.));
#874 = ( GEOMETRIC_REPRESENTATION_CONTEXT(2) 
PARAMETRIC_REPRESENTATION_CONTEXT() REPRESENTATION_CONTEXT('2D SPACE',''
  ) );
#875 = ORIENTED_EDGE('',*,*,#361,.T.);
#876 = ORIENTED_EDGE('',*,*,#853,.F.);
#877 = ORIENTED_EDGE('',*,*,#878,.T.);
#878 = EDGE_CURVE('',#854,#854,#879,.T.);
#879 = SURFACE_CURVE('',#880,(#885,#892),.PCURVE_S1.);
#880 = CIRCLE('',#881,2.35);
#881 = AXIS2_PLACEMENT_3D('',#882,#883,#884);
#882 = CARTESIAN_POINT('',(5.,83.11,9.));
#883 = DIRECTION('',(0.,0.,1.));
#884 = DIRECTION('',(1.,0.,-0.));
#885 = PCURVE('',#382,#886);
#886 = DEFINITIONAL_REPRESENTATION('',(#887),#891);
#887 = LINE('',#888,#889);
#888 = CARTESIAN_POINT('',(6.28318530718,0.));
#889 = VECTOR('',#890,1.);
#890 = DIRECTION('',(-1.,0.));
#891 = ( GEOMETRIC_REPRESENTATION_CONTEXT(2) 
PARAMETRIC_REPRESENTATION_CONTEXT() REPRESENTATION_CONTEXT('2D SPACE',''
  ) );
#892 = PCURVE('',#893,#898);
#893 = PLANE('',#894);
#894 = AXIS2_PLACEMENT_3D('',#895,#896,#897);
#895 = CARTESIAN_POINT('',(5.,83.11,9.));
#896 = DIRECTION('',(0.,0.,1.));
#897 = DIRECTION('',(1.,0.,-0.));
#898 = DEFINITIONAL_REPRESENTATION('',(#899),#903);
#899 = CIRCLE('',#900,2.35);
#900 = AXIS2_PLACEMENT_2D('',#901,#902);
#901 = CARTESIAN_POINT('',(0.,0.));
#902 = DIRECTION('',(1.,0.));
#903 = ( GEOMETRIC_REPRESENTATION_CONTEXT(2) 
PARAMETRIC_REPRESENTATION_CONTEXT() REPRESENTATION_CONTEXT('2D SPACE',''
  ) );
#904 = ADVANCED_FACE('',(#905),#414,.T.);
#905 = FACE_BOUND('',#906,.T.);
#906 = EDGE_LOOP('',(#907,#930,#958,#979));
#907 = ORIENTED_EDGE('',*,*,#908,.F.);
#908 = EDGE_CURVE('',#909,#397,#911,.T.);
#909 = VERTEX_POINT('',#910);
#910 = CARTESIAN_POINT('',(109.86,10.,3.));
#911 = SURFACE_CURVE('',#912,(#916,#923),.PCURVE_S1.);
#912 = LINE('',#913,#914);
#913 = CARTESIAN_POINT('',(109.86,10.,3.));
#914 = VECTOR('',#915,1.);
#915 = DIRECTION('',(0.,0.,1.));
#916 = PCURVE('',#414,#917);
#917 = DEFINITIONAL_REPRESENTATION('',(#918),#922);
#918 = LINE('',#919,#920);
#919 = CARTESIAN_POINT('',(0.,99.86));
#920 = VECTOR('',#921,1.);
#921 = DIRECTION('',(1.,0.));
#922 = ( GEOMETRIC_REPRESENTATION_CONTEXT(2) 
PARAMETRIC_REPRESENTATION_CONTEXT() REPRESENTATION_CONTEXT('2D SPACE',''
  ) );
#923 = PCURVE('',#496,#924);
#924 = DEFINITIONAL_REPRESENTATION('',(#925),#929);
#925 = LINE('',#926,#927);
#926 = CARTESIAN_POINT('',(0.,0.));
#927 = VECTOR('',#928,1.);
#928 = DIRECTION('',(1.,0.));
#929 = ( GEOMETRIC_REPRESENTATION_CONTEXT(2) 
PARAMETRIC_REPRESENTATION_CONTEXT() REPRESENTATION_CONTEXT('2D SPACE',''
  ) );
#930 = ORIENTED_EDGE('',*,*,#931,.F.);
#931 = EDGE_CURVE('',#932,#909,#934,.T.);
#932 = VERTEX_POINT('',#933);
#933 = CARTESIAN_POINT('',(10.,10.,3.));
#934 = SURFACE_CURVE('',#935,(#939,#946),.PCURVE_S1.);
#935 = LINE('',#936,#937);
#936 = CARTESIAN_POINT('',(10.,10.,3.));
#937 = VECTOR('',#938,1.);
#938 = DIRECTION('',(1.,0.,0.));
#939 = PCURVE('',#414,#940);
#940 = DEFINITIONAL_REPRESENTATION('',(#941),#945);
#941 = LINE('',#942,#943);
#942 = CARTESIAN_POINT('',(0.,0.));
#943 = VECTOR('',#944,1.);
#944 = DIRECTION('',(0.,1.));
#945 = ( GEOMETRIC_REPRESENTATION_CONTEXT(2) 
PARAMETRIC_REPRESENTATION_CONTEXT() REPRESENTATION_CONTEXT('2D SPACE',''
  ) );
#946 = PCURVE('',#947,#952);
#947 = PLANE('',#948);
#948 = AXIS2_PLACEMENT_3D('',#949,#950,#951);
#949 = CARTESIAN_POINT('',(10.,10.,3.));
#950 = DIRECTION('',(0.,0.,1.));
#951 = DIRECTION('',(1.,0.,-0.));
#952 = DEFINITIONAL_REPRESENTATION('',(#953),#957);
#953 = LINE('',#954,#955);
#954 = CARTESIAN_POINT('',(0.,0.));
#955 = VECTOR('',#956,1.);
#956 = DIRECTION('',(1.,0.));
#957 = ( GEOMETRIC_REPRESENTATION_CONTEXT(2) 
PARAMETRIC_REPRESENTATION_CONTEXT() REPRESENTATION_CONTEXT('2D SPACE',''
  ) );
#958 = ORIENTED_EDGE('',*,*,#959,.T.);
#959 = EDGE_CURVE('',#932,#399,#960,.T.);
#960 = SURFACE_CURVE('',#961,(#965,#972),.PCURVE_S1.);
#961 = LINE('',#962,#963);
#962 = CARTESIAN_POINT('',(10.,10.,3.));
#963 = VECTOR('',#964,1.);
#964 = DIRECTION('',(0.,0.,1.));
#965 = PCURVE('',#414,#966);
#966 = DEFINITIONAL_REPRESENTATION('',(#967),#971);
#967 = LINE('',#968,#969);
#968 = CARTESIAN_POINT('',(0.,0.));
#969 = VECTOR('',#970,1.);
#970 = DIRECTION('',(1.,0.));
#971 = ( GEOMETRIC_REPRESENTATION_CONTEXT(2) 
PARAMETRIC_REPRESENTATION_CONTEXT() REPRESENTATION_CONTEXT('2D SPACE',''
  ) );
#972 = PCURVE('',#442,#973);
#973 = DEFINITIONAL_REPRESENTATION('',(#974),#978);
#974 = LINE('',#975,#976);
#975 = CARTESIAN_POINT('',(0.,0.));
#976 = VECTOR('',#977,1.);
#977 = DIRECTION('',(1.,0.));
#978 = ( GEOMETRIC_REPRESENTATION_CONTEXT(2) 
PARAMETRIC_REPRESENTATION_CONTEXT() REPRESENTATION_CONTEXT('2D SPACE',''
  ) );
#979 = ORIENTED_EDGE('',*,*,#396,.F.);
#980 = ADVANCED_FACE('',(#981),#496,.F.);
#981 = FACE_BOUND('',#982,.F.);
#982 = EDGE_LOOP('',(#983,#984,#1007,#1028));
#983 = ORIENTED_EDGE('',*,*,#908,.F.);
#984 = ORIENTED_EDGE('',*,*,#985,.T.);
#985 = EDGE_CURVE('',#909,#986,#988,.T.);
#986 = VERTEX_POINT('',#987);
#987 = CARTESIAN_POINT('',(109.86,78.11,3.));
#988 = SURFACE_CURVE('',#989,(#993,#1000),.PCURVE_S1.);
#989 = LINE('',#990,#991);
#990 = CARTESIAN_POINT('',(109.86,10.,3.));
#991 = VECTOR('',#992,1.);
#992 = DIRECTION('',(0.,1.,0.));
#993 = PCURVE('',#496,#994);
#994 = DEFINITIONAL_REPRESENTATION('',(#995),#999);
#995 = LINE('',#996,#997);
#996 = CARTESIAN_POINT('',(0.,0.));
#997 = VECTOR('',#998,1.);
#998 = DIRECTION('',(0.,-1.));
#999 = ( GEOMETRIC_REPRESENTATION_CONTEXT(2) 
PARAMETRIC_REPRESENTATION_CONTEXT() REPRESENTATION_CONTEXT('2D SPACE',''
  ) );
#1000 = PCURVE('',#947,#1001);
#1001 = DEFINITIONAL_REPRESENTATION('',(#1002),#1006);
#1002 = LINE('',#1003,#1004);
#1003 = CARTESIAN_POINT('',(99.86,0.));
#1004 = VECTOR('',#1005,1.);
#1005 = DIRECTION('',(0.,1.));
#1006 = ( GEOMETRIC_REPRESENTATION_CONTEXT(2) 
PARAMETRIC_REPRESENTATION_CONTEXT() REPRESENTATION_CONTEXT('2D SPACE',''
  ) );
#1007 = ORIENTED_EDGE('',*,*,#1008,.T.);
#1008 = EDGE_CURVE('',#986,#455,#1009,.T.);
#1009 = SURFACE_CURVE('',#1010,(#1014,#1021),.PCURVE_S1.);
#1010 = LINE('',#1011,#1012);
#1011 = CARTESIAN_POINT('',(109.86,78.11,3.));
#1012 = VECTOR('',#1013,1.);
#1013 = DIRECTION('',(0.,0.,1.));
#1014 = PCURVE('',#496,#1015);
#1015 = DEFINITIONAL_REPRESENTATION('',(#1016),#1020);
#1016 = LINE('',#1017,#1018);
#1017 = CARTESIAN_POINT('',(0.,-68.11));
#1018 = VECTOR('',#1019,1.);
#1019 = DIRECTION('',(1.,0.));
#1020 = ( GEOMETRIC_REPRESENTATION_CONTEXT(2) 
PARAMETRIC_REPRESENTATION_CONTEXT() REPRESENTATION_CONTEXT('2D SPACE',''
  ) );
#1021 = PCURVE('',#470,#1022);
#1022 = DEFINITIONAL_REPRESENTATION('',(#1023),#1027);
#1023 = LINE('',#1024,#1025);
#1024 = CARTESIAN_POINT('',(0.,99.86));
#1025 = VECTOR('',#1026,1.);
#1026 = DIRECTION('',(1.,0.));
#1027 = ( GEOMETRIC_REPRESENTATION_CONTEXT(2) 
PARAMETRIC_REPRESENTATION_CONTEXT() REPRESENTATION_CONTEXT('2D SPACE',''
  ) );
#1028 = ORIENTED_EDGE('',*,*,#482,.F.);
#1029 = ADVANCED_FACE('',(#1030),#442,.T.);
#1030 = FACE_BOUND('',#1031,.T.);
#1031 = EDGE_LOOP('',(#1032,#1033,#1056,#1077));
#1032 = ORIENTED_EDGE('',*,*,#959,.F.);
#1033 = ORIENTED_EDGE('',*,*,#1034,.T.);
#1034 = EDGE_CURVE('',#932,#1035,#1037,.T.);
#1035 = VERTEX_POINT('',#1036);
#1036 = CARTESIAN_POINT('',(10.,78.11,3.));
#1037 = SURFACE_CURVE('',#1038,(#1042,#1049),.PCURVE_S1.);
#1038 = LINE('',#1039,#1040);
#1039 = CARTESIAN_POINT('',(10.,10.,3.));
#1040 = VECTOR('',#1041,1.);
#1041 = DIRECTION('',(0.,1.,0.));
#1042 = PCURVE('',#442,#1043);
#1043 = DEFINITIONAL_REPRESENTATION('',(#1044),#1048);
#1044 = LINE('',#1045,#1046);
#1045 = CARTESIAN_POINT('',(0.,0.));
#1046 = VECTOR('',#1047,1.);
#1047 = DIRECTION('',(0.,-1.));
#1048 = ( GEOMETRIC_REPRESENTATION_CONTEXT(2) 
PARAMETRIC_REPRESENTATION_CONTEXT() REPRESENTATION_CONTEXT('2D SPACE',''
  ) );
#1049 = PCURVE('',#947,#1050);
#1050 = DEFINITIONAL_REPRESENTATION('',(#1051),#1055);
#1051 = LINE('',#1052,#1053);
#1052 = CARTESIAN_POINT('',(0.,0.));
#1053 = VECTOR('',#1054,1.);
#1054 = DIRECTION('',(0.,1.));
#1055 = ( GEOMETRIC_REPRESENTATION_CONTEXT(2) 
PARAMETRIC_REPRESENTATION_CONTEXT() REPRESENTATION_CONTEXT('2D SPACE',''
  ) );
#1056 = ORIENTED_EDGE('',*,*,#1057,.T.);
#1057 = EDGE_CURVE('',#1035,#427,#1058,.T.);
#1058 = SURFACE_CURVE('',#1059,(#1063,#1070),.PCURVE_S1.);
#1059 = LINE('',#1060,#1061);
#1060 = CARTESIAN_POINT('',(10.,78.11,3.));
#1061 = VECTOR('',#1062,1.);
#1062 = DIRECTION('',(0.,0.,1.));
#1063 = PCURVE('',#442,#1064);
#1064 = DEFINITIONAL_REPRESENTATION('',(#1065),#1069);
#1065 = LINE('',#1066,#1067);
#1066 = CARTESIAN_POINT('',(0.,-68.11));
#1067 = VECTOR('',#1068,1.);
#1068 = DIRECTION('',(1.,0.));
#1069 = ( GEOMETRIC_REPRESENTATION_CONTEXT(2) 
PARAMETRIC_REPRESENTATION_CONTEXT() REPRESENTATION_CONTEXT('2D SPACE',''
  ) );
#1070 = PCURVE('',#470,#1071);
#1071 = DEFINITIONAL_REPRESENTATION('',(#1072),#1076);
#1072 = LINE('',#1073,#1074);
#1073 = CARTESIAN_POINT('',(0.,0.));
#1074 = VECTOR('',#1075,1.);
#1075 = DIRECTION('',(1.,0.));
#1076 = ( GEOMETRIC_REPRESENTATION_CONTEXT(2) 
PARAMETRIC_REPRESENTATION_CONTEXT() REPRESENTATION_CONTEXT('2D SPACE',''
  ) );
#1077 = ORIENTED_EDGE('',*,*,#426,.F.);
#1078 = ADVANCED_FACE('',(#1079),#470,.F.);
#1079 = FACE_BOUND('',#1080,.F.);
#1080 = EDGE_LOOP('',(#1081,#1082,#1103,#1104));
#1081 = ORIENTED_EDGE('',*,*,#1008,.F.);
#1082 = ORIENTED_EDGE('',*,*,#1083,.F.);
#1083 = EDGE_CURVE('',#1035,#986,#1084,.T.);
#1084 = SURFACE_CURVE('',#1085,(#1089,#1096),.PCURVE_S1.);
#1085 = LINE('',#1086,#1087);
#1086 = CARTESIAN_POINT('',(10.,78.11,3.));
#1087 = VECTOR('',#1088,1.);
#1088 = DIRECTION('',(1.,0.,0.));
#1089 = PCURVE('',#470,#1090);
#1090 = DEFINITIONAL_REPRESENTATION('',(#1091),#1095);
#1091 = LINE('',#1092,#1093);
#1092 = CARTESIAN_POINT('',(0.,0.));
#1093 = VECTOR('',#1094,1.);
#1094 = DIRECTION('',(0.,1.));
#1095 = ( GEOMETRIC_REPRESENTATION_CONTEXT(2) 
PARAMETRIC_REPRESENTATION_CONTEXT() REPRESENTATION_CONTEXT('2D SPACE',''
  ) );
#1096 = PCURVE('',#947,#1097);
#1097 = DEFINITIONAL_REPRESENTATION('',(#1098),#1102);
#1098 = LINE('',#1099,#1100);
#1099 = CARTESIAN_POINT('',(0.,68.11));
#1100 = VECTOR('',#1101,1.);
#1101 = DIRECTION('',(1.,0.));
#1102 = ( GEOMETRIC_REPRESENTATION_CONTEXT(2) 
PARAMETRIC_REPRESENTATION_CONTEXT() REPRESENTATION_CONTEXT('2D SPACE',''
  ) );
#1103 = ORIENTED_EDGE('',*,*,#1057,.T.);
#1104 = ORIENTED_EDGE('',*,*,#454,.F.);
#1105 = ADVANCED_FACE('',(#1106),#531,.F.);
#1106 = FACE_BOUND('',#1107,.F.);
#1107 = EDGE_LOOP('',(#1108,#1131,#1132,#1133));
#1108 = ORIENTED_EDGE('',*,*,#1109,.T.);
#1109 = EDGE_CURVE('',#1110,#511,#1112,.T.);
#1110 = VERTEX_POINT('',#1111);
#1111 = CARTESIAN_POINT('',(117.21,83.11,9.));
#1112 = SEAM_CURVE('',#1113,(#1117,#1124),.PCURVE_S1.);
#1113 = LINE('',#1114,#1115);
#1114 = CARTESIAN_POINT('',(117.21,83.11,9.));
#1115 = VECTOR('',#1116,1.);
#1116 = DIRECTION('',(0.,0.,1.));
#1117 = PCURVE('',#531,#1118);
#1118 = DEFINITIONAL_REPRESENTATION('',(#1119),#1123);
#1119 = LINE('',#1120,#1121);
#1120 = CARTESIAN_POINT('',(-4.138911435803E-13,0.));
#1121 = VECTOR('',#1122,1.);
#1122 = DIRECTION('',(-0.,-1.));
#1123 = ( GEOMETRIC_REPRESENTATION_CONTEXT(2) 
PARAMETRIC_REPRESENTATION_CONTEXT() REPRESENTATION_CONTEXT('2D SPACE',''
  ) );
#1124 = PCURVE('',#531,#1125);
#1125 = DEFINITIONAL_REPRESENTATION('',(#1126),#1130);
#1126 = LINE('',#1127,#1128);
#1127 = CARTESIAN_POINT('',(6.28318530718,0.));
#1128 = VECTOR('',#1129,1.);
#1129 = DIRECTION('',(-0.,-1.));
#1130 = ( GEOMETRIC_REPRESENTATION_CONTEXT(2) 
PARAMETRIC_REPRESENTATION_CONTEXT() REPRESENTATION_CONTEXT('2D SPACE',''
  ) );
#1131 = ORIENTED_EDGE('',*,*,#510,.T.);
#1132 = ORIENTED_EDGE('',*,*,#1109,.F.);
#1133 = ORIENTED_EDGE('',*,*,#1134,.T.);
#1134 = EDGE_CURVE('',#1110,#1110,#1135,.T.);
#1135 = SURFACE_CURVE('',#1136,(#1141,#1148),.PCURVE_S1.);
#1136 = CIRCLE('',#1137,2.35);
#1137 = AXIS2_PLACEMENT_3D('',#1138,#1139,#1140);
#1138 = CARTESIAN_POINT('',(114.86,83.11,9.));
#1139 = DIRECTION('',(0.,0.,1.));
#1140 = DIRECTION('',(1.,0.,-0.));
#1141 = PCURVE('',#531,#1142);
#1142 = DEFINITIONAL_REPRESENTATION('',(#1143),#1147);
#1143 = LINE('',#1144,#1145);
#1144 = CARTESIAN_POINT('',(6.28318530718,0.));
#1145 = VECTOR('',#1146,1.);
#1146 = DIRECTION('',(-1.,0.));
#1147 = ( GEOMETRIC_REPRESENTATION_CONTEXT(2) 
PARAMETRIC_REPRESENTATION_CONTEXT() REPRESENTATION_CONTEXT('2D SPACE',''
  ) );
#1148 = PCURVE('',#1149,#1154);
#1149 = PLANE('',#1150);
#1150 = AXIS2_PLACEMENT_3D('',#1151,#1152,#1153);
#1151 = CARTESIAN_POINT('',(114.86,83.11,9.));
#1152 = DIRECTION('',(0.,0.,1.));
#1153 = DIRECTION('',(1.,0.,-0.));
#1154 = DEFINITIONAL_REPRESENTATION('',(#1155),#1159);
#1155 = CIRCLE('',#1156,2.35);
#1156 = AXIS2_PLACEMENT_2D('',#1157,#1158);
#1157 = CARTESIAN_POINT('',(0.,0.));
#1158 = DIRECTION('',(1.,0.));
#1159 = ( GEOMETRIC_REPRESENTATION_CONTEXT(2) 
PARAMETRIC_REPRESENTATION_CONTEXT() REPRESENTATION_CONTEXT('2D SPACE',''
  ) );
#1160 = ADVANCED_FACE('',(#1161),#612,.F.);
#1161 = FACE_BOUND('',#1162,.F.);
#1162 = EDGE_LOOP('',(#1163,#1186,#1214,#1235));
#1163 = ORIENTED_EDGE('',*,*,#1164,.F.);
#1164 = EDGE_CURVE('',#1165,#595,#1167,.T.);
#1165 = VERTEX_POINT('',#1166);
#1166 = CARTESIAN_POINT('',(76.545,86.11,9.7));
#1167 = SURFACE_CURVE('',#1168,(#1172,#1179),.PCURVE_S1.);
#1168 = LINE('',#1169,#1170);
#1169 = CARTESIAN_POINT('',(76.545,86.11,9.7));
#1170 = VECTOR('',#1171,1.);
#1171 = DIRECTION('',(0.,1.,0.));
#1172 = PCURVE('',#612,#1173);
#1173 = DEFINITIONAL_REPRESENTATION('',(#1174),#1178);
#1174 = LINE('',#1175,#1176);
#1175 = CARTESIAN_POINT('',(0.,0.));
#1176 = VECTOR('',#1177,1.);
#1177 = DIRECTION('',(0.,1.));
#1178 = ( GEOMETRIC_REPRESENTATION_CONTEXT(2) 
PARAMETRIC_REPRESENTATION_CONTEXT() REPRESENTATION_CONTEXT('2D SPACE',''
  ) );
#1179 = PCURVE('',#640,#1180);
#1180 = DEFINITIONAL_REPRESENTATION('',(#1181),#1185);
#1181 = LINE('',#1182,#1183);
#1182 = CARTESIAN_POINT('',(6.5,0.));
#1183 = VECTOR('',#1184,1.);
#1184 = DIRECTION('',(0.,-1.));
#1185 = ( GEOMETRIC_REPRESENTATION_CONTEXT(2) 
PARAMETRIC_REPRESENTATION_CONTEXT() REPRESENTATION_CONTEXT('2D SPACE',''
  ) );
#1186 = ORIENTED_EDGE('',*,*,#1187,.T.);
#1187 = EDGE_CURVE('',#1165,#1188,#1190,.T.);
#1188 = VERTEX_POINT('',#1189);
#1189 = CARTESIAN_POINT('',(88.545,86.11,9.7));
#1190 = SURFACE_CURVE('',#1191,(#1195,#1202),.PCURVE_S1.);
#1191 = LINE('',#1192,#1193);
#1192 = CARTESIAN_POINT('',(76.545,86.11,9.7));
#1193 = VECTOR('',#1194,1.);
#1194 = DIRECTION('',(1.,0.,0.));
#1195 = PCURVE('',#612,#1196);
#1196 = DEFINITIONAL_REPRESENTATION('',(#1197),#1201);
#1197 = LINE('',#1198,#1199);
#1198 = CARTESIAN_POINT('',(0.,0.));
#1199 = VECTOR('',#1200,1.);
#1200 = DIRECTION('',(1.,0.));
#1201 = ( GEOMETRIC_REPRESENTATION_CONTEXT(2) 
PARAMETRIC_REPRESENTATION_CONTEXT() REPRESENTATION_CONTEXT('2D SPACE',''
  ) );
#1202 = PCURVE('',#1203,#1208);
#1203 = PLANE('',#1204);
#1204 = AXIS2_PLACEMENT_3D('',#1205,#1206,#1207);
#1205 = CARTESIAN_POINT('',(76.545,86.11,3.2));
#1206 = DIRECTION('',(0.,1.,0.));
#1207 = DIRECTION('',(0.,-0.,1.));
#1208 = DEFINITIONAL_REPRESENTATION('',(#1209),#1213);
#1209 = LINE('',#1210,#1211);
#1210 = CARTESIAN_POINT('',(6.5,0.));
#1211 = VECTOR('',#1212,1.);
#1212 = DIRECTION('',(0.,1.));
#1213 = ( GEOMETRIC_REPRESENTATION_CONTEXT(2) 
PARAMETRIC_REPRESENTATION_CONTEXT() REPRESENTATION_CONTEXT('2D SPACE',''
  ) );
#1214 = ORIENTED_EDGE('',*,*,#1215,.T.);
#1215 = EDGE_CURVE('',#1188,#597,#1216,.T.);
#1216 = SURFACE_CURVE('',#1217,(#1221,#1228),.PCURVE_S1.);
#1217 = LINE('',#1218,#1219);
#1218 = CARTESIAN_POINT('',(88.545,86.11,9.7));
#1219 = VECTOR('',#1220,1.);
#1220 = DIRECTION('',(0.,1.,0.));
#1221 = PCURVE('',#612,#1222);
#1222 = DEFINITIONAL_REPRESENTATION('',(#1223),#1227);
#1223 = LINE('',#1224,#1225);
#1224 = CARTESIAN_POINT('',(12.,0.));
#1225 = VECTOR('',#1226,1.);
#1226 = DIRECTION('',(0.,1.));
#1227 = ( GEOMETRIC_REPRESENTATION_CONTEXT(2) 
PARAMETRIC_REPRESENTATION_CONTEXT() REPRESENTATION_CONTEXT('2D SPACE',''
  ) );
#1228 = PCURVE('',#694,#1229);
#1229 = DEFINITIONAL_REPRESENTATION('',(#1230),#1234);
#1230 = LINE('',#1231,#1232);
#1231 = CARTESIAN_POINT('',(6.5,0.));
#1232 = VECTOR('',#1233,1.);
#1233 = DIRECTION('',(0.,-1.));
#1234 = ( GEOMETRIC_REPRESENTATION_CONTEXT(2) 
PARAMETRIC_REPRESENTATION_CONTEXT() REPRESENTATION_CONTEXT('2D SPACE',''
  ) );
#1235 = ORIENTED_EDGE('',*,*,#594,.F.);
#1236 = ADVANCED_FACE('',(#1237),#694,.F.);
#1237 = FACE_BOUND('',#1238,.F.);
#1238 = EDGE_LOOP('',(#1239,#1240,#1263,#1284));
#1239 = ORIENTED_EDGE('',*,*,#1215,.F.);
#1240 = ORIENTED_EDGE('',*,*,#1241,.F.);
#1241 = EDGE_CURVE('',#1242,#1188,#1244,.T.);
#1242 = VERTEX_POINT('',#1243);
#1243 = CARTESIAN_POINT('',(88.545,86.11,3.2));
#1244 = SURFACE_CURVE('',#1245,(#1249,#1256),.PCURVE_S1.);
#1245 = LINE('',#1246,#1247);
#1246 = CARTESIAN_POINT('',(88.545,86.11,3.2));
#1247 = VECTOR('',#1248,1.);
#1248 = DIRECTION('',(0.,0.,1.));
#1249 = PCURVE('',#694,#1250);
#1250 = DEFINITIONAL_REPRESENTATION('',(#1251),#1255);
#1251 = LINE('',#1252,#1253);
#1252 = CARTESIAN_POINT('',(0.,0.));
#1253 = VECTOR('',#1254,1.);
#1254 = DIRECTION('',(1.,0.));
#1255 = ( GEOMETRIC_REPRESENTATION_CONTEXT(2) 
PARAMETRIC_REPRESENTATION_CONTEXT() REPRESENTATION_CONTEXT('2D SPACE',''
  ) );
#1256 = PCURVE('',#1203,#1257);
#1257 = DEFINITIONAL_REPRESENTATION('',(#1258),#1262);
#1258 = LINE('',#1259,#1260);
#1259 = CARTESIAN_POINT('',(0.,12.));
#1260 = VECTOR('',#1261,1.);
#1261 = DIRECTION('',(1.,0.));
#1262 = ( GEOMETRIC_REPRESENTATION_CONTEXT(2) 
PARAMETRIC_REPRESENTATION_CONTEXT() REPRESENTATION_CONTEXT('2D SPACE',''
  ) );
#1263 = ORIENTED_EDGE('',*,*,#1264,.T.);
#1264 = EDGE_CURVE('',#1242,#653,#1265,.T.);
#1265 = SURFACE_CURVE('',#1266,(#1270,#1277),.PCURVE_S1.);
#1266 = LINE('',#1267,#1268);
#1267 = CARTESIAN_POINT('',(88.545,86.11,3.2));
#1268 = VECTOR('',#1269,1.);
#1269 = DIRECTION('',(0.,1.,0.));
#1270 = PCURVE('',#694,#1271);
#1271 = DEFINITIONAL_REPRESENTATION('',(#1272),#1276);
#1272 = LINE('',#1273,#1274);
#1273 = CARTESIAN_POINT('',(0.,0.));
#1274 = VECTOR('',#1275,1.);
#1275 = DIRECTION('',(0.,-1.));
#1276 = ( GEOMETRIC_REPRESENTATION_CONTEXT(2) 
PARAMETRIC_REPRESENTATION_CONTEXT() REPRESENTATION_CONTEXT('2D SPACE',''
  ) );
#1277 = PCURVE('',#668,#1278);
#1278 = DEFINITIONAL_REPRESENTATION('',(#1279),#1283);
#1279 = LINE('',#1280,#1281);
#1280 = CARTESIAN_POINT('',(12.,0.));
#1281 = VECTOR('',#1282,1.);
#1282 = DIRECTION('',(0.,1.));
#1283 = ( GEOMETRIC_REPRESENTATION_CONTEXT(2) 
PARAMETRIC_REPRESENTATION_CONTEXT() REPRESENTATION_CONTEXT('2D SPACE',''
  ) );
#1284 = ORIENTED_EDGE('',*,*,#680,.F.);
#1285 = ADVANCED_FACE('',(#1286),#668,.T.);
#1286 = FACE_BOUND('',#1287,.T.);
#1287 = EDGE_LOOP('',(#1288,#1311,#1332,#1333));
#1288 = ORIENTED_EDGE('',*,*,#1289,.F.);
#1289 = EDGE_CURVE('',#1290,#625,#1292,.T.);
#1290 = VERTEX_POINT('',#1291);
#1291 = CARTESIAN_POINT('',(76.545,86.11,3.2));
#1292 = SURFACE_CURVE('',#1293,(#1297,#1304),.PCURVE_S1.);
#1293 = LINE('',#1294,#1295);
#1294 = CARTESIAN_POINT('',(76.545,86.11,3.2));
#1295 = VECTOR('',#1296,1.);
#1296 = DIRECTION('',(0.,1.,0.));
#1297 = PCURVE('',#668,#1298);
#1298 = DEFINITIONAL_REPRESENTATION('',(#1299),#1303);
#1299 = LINE('',#1300,#1301);
#1300 = CARTESIAN_POINT('',(0.,0.));
#1301 = VECTOR('',#1302,1.);
#1302 = DIRECTION('',(0.,1.));
#1303 = ( GEOMETRIC_REPRESENTATION_CONTEXT(2) 
PARAMETRIC_REPRESENTATION_CONTEXT() REPRESENTATION_CONTEXT('2D SPACE',''
  ) );
#1304 = PCURVE('',#640,#1305);
#1305 = DEFINITIONAL_REPRESENTATION('',(#1306),#1310);
#1306 = LINE('',#1307,#1308);
#1307 = CARTESIAN_POINT('',(0.,0.));
#1308 = VECTOR('',#1309,1.);
#1309 = DIRECTION('',(0.,-1.));
#1310 = ( GEOMETRIC_REPRESENTATION_CONTEXT(2) 
PARAMETRIC_REPRESENTATION_CONTEXT() REPRESENTATION_CONTEXT('2D SPACE',''
  ) );
#1311 = ORIENTED_EDGE('',*,*,#1312,.T.);
#1312 = EDGE_CURVE('',#1290,#1242,#1313,.T.);
#1313 = SURFACE_CURVE('',#1314,(#1318,#1325),.PCURVE_S1.);
#1314 = LINE('',#1315,#1316);
#1315 = CARTESIAN_POINT('',(76.545,86.11,3.2));
#1316 = VECTOR('',#1317,1.);
#1317 = DIRECTION('',(1.,0.,0.));
#1318 = PCURVE('',#668,#1319);
#1319 = DEFINITIONAL_REPRESENTATION('',(#1320),#1324);
#1320 = LINE('',#1321,#1322);
#1321 = CARTESIAN_POINT('',(0.,0.));
#1322 = VECTOR('',#1323,1.);
#1323 = DIRECTION('',(1.,0.));
#1324 = ( GEOMETRIC_REPRESENTATION_CONTEXT(2) 
PARAMETRIC_REPRESENTATION_CONTEXT() REPRESENTATION_CONTEXT('2D SPACE',''
  ) );
#1325 = PCURVE('',#1203,#1326);
#1326 = DEFINITIONAL_REPRESENTATION('',(#1327),#1331);
#1327 = LINE('',#1328,#1329);
#1328 = CARTESIAN_POINT('',(0.,0.));
#1329 = VECTOR('',#1330,1.);
#1330 = DIRECTION('',(0.,1.));
#1331 = ( GEOMETRIC_REPRESENTATION_CONTEXT(2) 
PARAMETRIC_REPRESENTATION_CONTEXT() REPRESENTATION_CONTEXT('2D SPACE',''
  ) );
#1332 = ORIENTED_EDGE('',*,*,#1264,.T.);
#1333 = ORIENTED_EDGE('',*,*,#652,.F.);
#1334 = ADVANCED_FACE('',(#1335),#640,.T.);
#1335 = FACE_BOUND('',#1336,.T.);
#1336 = EDGE_LOOP('',(#1337,#1338,#1359,#1360));
#1337 = ORIENTED_EDGE('',*,*,#1164,.F.);
#1338 = ORIENTED_EDGE('',*,*,#1339,.F.);
#1339 = EDGE_CURVE('',#1290,#1165,#1340,.T.);
#1340 = SURFACE_CURVE('',#1341,(#1345,#1352),.PCURVE_S1.);
#1341 = LINE('',#1342,#1343);
#1342 = CARTESIAN_POINT('',(76.545,86.11,3.2));
#1343 = VECTOR('',#1344,1.);
#1344 = DIRECTION('',(0.,0.,1.));
#1345 = PCURVE('',#640,#1346);
#1346 = DEFINITIONAL_REPRESENTATION('',(#1347),#1351);
#1347 = LINE('',#1348,#1349);
#1348 = CARTESIAN_POINT('',(0.,0.));
#1349 = VECTOR('',#1350,1.);
#1350 = DIRECTION('',(1.,0.));
#1351 = ( GEOMETRIC_REPRESENTATION_CONTEXT(2) 
PARAMETRIC_REPRESENTATION_CONTEXT() REPRESENTATION_CONTEXT('2D SPACE',''
  ) );
#1352 = PCURVE('',#1203,#1353);
#1353 = DEFINITIONAL_REPRESENTATION('',(#1354),#1358);
#1354 = LINE('',#1355,#1356);
#1355 = CARTESIAN_POINT('',(0.,0.));
#1356 = VECTOR('',#1357,1.);
#1357 = DIRECTION('',(1.,0.));
#1358 = ( GEOMETRIC_REPRESENTATION_CONTEXT(2) 
PARAMETRIC_REPRESENTATION_CONTEXT() REPRESENTATION_CONTEXT('2D SPACE',''
  ) );
#1359 = ORIENTED_EDGE('',*,*,#1289,.T.);
#1360 = ORIENTED_EDGE('',*,*,#624,.F.);
#1361 = ADVANCED_FACE('',(#1362),#783,.T.);
#1362 = FACE_BOUND('',#1363,.T.);
#1363 = EDGE_LOOP('',(#1364));
#1364 = ORIENTED_EDGE('',*,*,#768,.T.);
#1365 = ADVANCED_FACE('',(#1366),#838,.T.);
#1366 = FACE_BOUND('',#1367,.T.);
#1367 = EDGE_LOOP('',(#1368));
#1368 = ORIENTED_EDGE('',*,*,#823,.T.);
#1369 = ADVANCED_FACE('',(#1370),#893,.T.);
#1370 = FACE_BOUND('',#1371,.T.);
#1371 = EDGE_LOOP('',(#1372));
#1372 = ORIENTED_EDGE('',*,*,#878,.T.);
#1373 = ADVANCED_FACE('',(#1374),#947,.T.);
#1374 = FACE_BOUND('',#1375,.T.);
#1375 = EDGE_LOOP('',(#1376,#1377,#1378,#1379));
#1376 = ORIENTED_EDGE('',*,*,#1034,.F.);
#1377 = ORIENTED_EDGE('',*,*,#931,.T.);
#1378 = ORIENTED_EDGE('',*,*,#985,.T.);
#1379 = ORIENTED_EDGE('',*,*,#1083,.F.);
#1380 = ADVANCED_FACE('',(#1381),#1149,.T.);
#1381 = FACE_BOUND('',#1382,.T.);
#1382 = EDGE_LOOP('',(#1383));
#1383 = ORIENTED_EDGE('',*,*,#1134,.T.);
#1384 = ADVANCED_FACE('',(#1385),#1203,.T.);
#1385 = FACE_BOUND('',#1386,.T.);
#1386 = EDGE_LOOP('',(#1387,#1388,#1389,#1390));
#1387 = ORIENTED_EDGE('',*,*,#1312,.F.);
#1388 = ORIENTED_EDGE('',*,*,#1339,.T.);
#1389 = ORIENTED_EDGE('',*,*,#1187,.T.);
#1390 = ORIENTED_EDGE('',*,*,#1241,.F.);
#1391 = ( GEOMETRIC_REPRESENTATION_CONTEXT(3) 
GLOBAL_UNCERTAINTY_ASSIGNED_CONTEXT((#1395)) 
GLOBAL_UNIT_ASSIGNED_CONTEXT((#1392,#1393,#1394)) REPRESENTATION_CONTEXT
('Context #1','3D Context with UNIT and UNCERTAINTY') );
#1392 = ( LENGTH_UNIT() NAMED_UNIT(*) SI_UNIT(.MILLI.,.METRE.) );
#1393 = ( NAMED_UNIT(*) PLANE_ANGLE_UNIT() SI_UNIT($,.RADIAN.) );
#1394 = ( NAMED_UNIT(*) SI_UNIT($,.STERADIAN.) SOLID_ANGLE_UNIT() );
#1395 = UNCERTAINTY_MEASURE_WITH_UNIT(LENGTH_MEASURE(1.E-07),#1392,
  'distance_accuracy_value','confusion accuracy');
#1396 = CONTEXT_DEPENDENT_SHAPE_REPRESENTATION(#1397,#1399);
#1397 = ( REPRESENTATION_RELATIONSHIP('','',#40,#10) 
REPRESENTATION_RELATIONSHIP_WITH_TRANSFORMATION(#1398) 
SHAPE_REPRESENTATION_RELATIONSHIP() );
#1398 = ITEM_DEFINED_TRANSFORMATION('','',#11,#15);
#1399 = PRODUCT_DEFINITION_SHAPE('Placement','Placement of an item',
  #1400);
#1400 = NEXT_ASSEMBLY_USAGE_OCCURRENCE('1','Bottom','',#5,#35,$);
#1401 = PRODUCT_RELATED_PRODUCT_CATEGORY('part',$,(#37));
#1402 = SHAPE_DEFINITION_REPRESENTATION(#1403,#1409);
#1403 = PRODUCT_DEFINITION_SHAPE('','',#1404);
#1404 = PRODUCT_DEFINITION('design','',#1405,#1408);
#1405 = PRODUCT_DEFINITION_FORMATION('','',#1406);
#1406 = PRODUCT('PCB','PCB','',(#1407));
#1407 = PRODUCT_CONTEXT('',#2,'mechanical');
#1408 = PRODUCT_DEFINITION_CONTEXT('part definition',#2,'design');
#1409 = ADVANCED_BREP_SHAPE_REPRESENTATION('',(#11,#1410),#1740);
#1410 = MANIFOLD_SOLID_BREP('',#1411);
#1411 = CLOSED_SHELL('',(#1412,#1532,#1632,#1679,#1726,#1733));
#1412 = ADVANCED_FACE('',(#1413),#1427,.F.);
#1413 = FACE_BOUND('',#1414,.F.);
#1414 = EDGE_LOOP('',(#1415,#1450,#1478,#1506));
#1415 = ORIENTED_EDGE('',*,*,#1416,.F.);
#1416 = EDGE_CURVE('',#1417,#1419,#1421,.T.);
#1417 = VERTEX_POINT('',#1418);
#1418 = CARTESIAN_POINT('',(10.4,10.4,3.));
#1419 = VERTEX_POINT('',#1420);
#1420 = CARTESIAN_POINT('',(10.4,10.4,4.6));
#1421 = SURFACE_CURVE('',#1422,(#1426,#1438),.PCURVE_S1.);
#1422 = LINE('',#1423,#1424);
#1423 = CARTESIAN_POINT('',(10.4,10.4,3.));
#1424 = VECTOR('',#1425,1.);
#1425 = DIRECTION('',(0.,0.,1.));
#1426 = PCURVE('',#1427,#1432);
#1427 = PLANE('',#1428);
#1428 = AXIS2_PLACEMENT_3D('',#1429,#1430,#1431);
#1429 = CARTESIAN_POINT('',(10.4,10.4,3.));
#1430 = DIRECTION('',(1.,0.,0.));
#1431 = DIRECTION('',(0.,0.,1.));
#1432 = DEFINITIONAL_REPRESENTATION('',(#1433),#1437);
#1433 = LINE('',#1434,#1435);
#1434 = CARTESIAN_POINT('',(0.,0.));
#1435 = VECTOR('',#1436,1.);
#1436 = DIRECTION('',(1.,0.));
#1437 = ( GEOMETRIC_REPRESENTATION_CONTEXT(2) 
PARAMETRIC_REPRESENTATION_CONTEXT() REPRESENTATION_CONTEXT('2D SPACE',''
  ) );
#1438 = PCURVE('',#1439,#1444);
#1439 = PLANE('',#1440);
#1440 = AXIS2_PLACEMENT_3D('',#1441,#1442,#1443);
#1441 = CARTESIAN_POINT('',(10.4,10.4,3.));
#1442 = DIRECTION('',(0.,1.,0.));
#1443 = DIRECTION('',(0.,0.,1.));
#1444 = DEFINITIONAL_REPRESENTATION('',(#1445),#1449);
#1445 = LINE('',#1446,#1447);
#1446 = CARTESIAN_POINT('',(0.,0.));
#1447 = VECTOR('',#1448,1.);
#1448 = DIRECTION('',(1.,0.));
#1449 = ( GEOMETRIC_REPRESENTATION_CONTEXT(2) 
PARAMETRIC_REPRESENTATION_CONTEXT() REPRESENTATION_CONTEXT('2D SPACE',''
  ) );
#1450 = ORIENTED_EDGE('',*,*,#1451,.T.);
#1451 = EDGE_CURVE('',#1417,#1452,#1454,.T.);
#1452 = VERTEX_POINT('',#1453);
#1453 = CARTESIAN_POINT('',(10.4,77.71,3.));
#1454 = SURFACE_CURVE('',#1455,(#1459,#1466),.PCURVE_S1.);
#1455 = LINE('',#1456,#1457);
#1456 = CARTESIAN_POINT('',(10.4,10.4,3.));
#1457 = VECTOR('',#1458,1.);
#1458 = DIRECTION('',(0.,1.,0.));
#1459 = PCURVE('',#1427,#1460);
#1460 = DEFINITIONAL_REPRESENTATION('',(#1461),#1465);
#1461 = LINE('',#1462,#1463);
#1462 = CARTESIAN_POINT('',(0.,0.));
#1463 = VECTOR('',#1464,1.);
#1464 = DIRECTION('',(0.,-1.));
#1465 = ( GEOMETRIC_REPRESENTATION_CONTEXT(2) 
PARAMETRIC_REPRESENTATION_CONTEXT() REPRESENTATION_CONTEXT('2D SPACE',''
  ) );
#1466 = PCURVE('',#1467,#1472);
#1467 = PLANE('',#1468);
#1468 = AXIS2_PLACEMENT_3D('',#1469,#1470,#1471);
#1469 = CARTESIAN_POINT('',(10.4,10.4,3.));
#1470 = DIRECTION('',(0.,0.,1.));
#1471 = DIRECTION('',(1.,0.,0.));
#1472 = DEFINITIONAL_REPRESENTATION('',(#1473),#1477);
#1473 = LINE('',#1474,#1475);
#1474 = CARTESIAN_POINT('',(0.,0.));
#1475 = VECTOR('',#1476,1.);
#1476 = DIRECTION('',(0.,1.));
#1477 = ( GEOMETRIC_REPRESENTATION_CONTEXT(2) 
PARAMETRIC_REPRESENTATION_CONTEXT() REPRESENTATION_CONTEXT('2D SPACE',''
  ) );
#1478 = ORIENTED_EDGE('',*,*,#1479,.T.);
#1479 = EDGE_CURVE('',#1452,#1480,#1482,.T.);
#1480 = VERTEX_POINT('',#1481);
#1481 = CARTESIAN_POINT('',(10.4,77.71,4.6));
#1482 = SURFACE_CURVE('',#1483,(#1487,#1494),.PCURVE_S1.);
#1483 = LINE('',#1484,#1485);
#1484 = CARTESIAN_POINT('',(10.4,77.71,3.));
#1485 = VECTOR('',#1486,1.);
#1486 = DIRECTION('',(0.,0.,1.));
#1487 = PCURVE('',#1427,#1488);
#1488 = DEFINITIONAL_REPRESENTATION('',(#1489),#1493);
#1489 = LINE('',#1490,#1491);
#1490 = CARTESIAN_POINT('',(0.,-67.31));
#1491 = VECTOR('',#1492,1.);
#1492 = DIRECTION('',(1.,0.));
#1493 = ( GEOMETRIC_REPRESENTATION_CONTEXT(2) 
PARAMETRIC_REPRESENTATION_CONTEXT() REPRESENTATION_CONTEXT('2D SPACE',''
  ) );
#1494 = PCURVE('',#1495,#1500);
#1495 = PLANE('',#1496);
#1496 = AXIS2_PLACEMENT_3D('',#1497,#1498,#1499);
#1497 = CARTESIAN_POINT('',(10.4,77.71,3.));
#1498 = DIRECTION('',(0.,1.,0.));
#1499 = DIRECTION('',(0.,0.,1.));
#1500 = DEFINITIONAL_REPRESENTATION('',(#1501),#1505);
#1501 = LINE('',#1502,#1503);
#1502 = CARTESIAN_POINT('',(0.,0.));
#1503 = VECTOR('',#1504,1.);
#1504 = DIRECTION('',(1.,0.));
#1505 = ( GEOMETRIC_REPRESENTATION_CONTEXT(2) 
PARAMETRIC_REPRESENTATION_CONTEXT() REPRESENTATION_CONTEXT('2D SPACE',''
  ) );
#1506 = ORIENTED_EDGE('',*,*,#1507,.F.);
#1507 = EDGE_CURVE('',#1419,#1480,#1508,.T.);
#1508 = SURFACE_CURVE('',#1509,(#1513,#1520),.PCURVE_S1.);
#1509 = LINE('',#1510,#1511);
#1510 = CARTESIAN_POINT('',(10.4,10.4,4.6));
#1511 = VECTOR('',#1512,1.);
#1512 = DIRECTION('',(0.,1.,0.));
#1513 = PCURVE('',#1427,#1514);
#1514 = DEFINITIONAL_REPRESENTATION('',(#1515),#1519);
#1515 = LINE('',#1516,#1517);
#1516 = CARTESIAN_POINT('',(1.6,0.));
#1517 = VECTOR('',#1518,1.);
#1518 = DIRECTION('',(0.,-1.));
#1519 = ( GEOMETRIC_REPRESENTATION_CONTEXT(2) 
PARAMETRIC_REPRESENTATION_CONTEXT() REPRESENTATION_CONTEXT('2D SPACE',''
  ) );
#1520 = PCURVE('',#1521,#1526);
#1521 = PLANE('',#1522);
#1522 = AXIS2_PLACEMENT_3D('',#1523,#1524,#1525);
#1523 = CARTESIAN_POINT('',(10.4,10.4,4.6));
#1524 = DIRECTION('',(0.,0.,1.));
#1525 = DIRECTION('',(1.,0.,0.));
#1526 = DEFINITIONAL_REPRESENTATION('',(#1527),#1531);
#1527 = LINE('',#1528,#1529);
#1528 = CARTESIAN_POINT('',(0.,0.));
#1529 = VECTOR('',#1530,1.);
#1530 = DIRECTION('',(0.,1.));
#1531 = ( GEOMETRIC_REPRESENTATION_CONTEXT(2) 
PARAMETRIC_REPRESENTATION_CONTEXT() REPRESENTATION_CONTEXT('2D SPACE',''
  ) );
#1532 = ADVANCED_FACE('',(#1533),#1547,.T.);
#1533 = FACE_BOUND('',#1534,.T.);
#1534 = EDGE_LOOP('',(#1535,#1565,#1588,#1611));
#1535 = ORIENTED_EDGE('',*,*,#1536,.F.);
#1536 = EDGE_CURVE('',#1537,#1539,#1541,.T.);
#1537 = VERTEX_POINT('',#1538);
#1538 = CARTESIAN_POINT('',(109.46,10.4,3.));
#1539 = VERTEX_POINT('',#1540);
#1540 = CARTESIAN_POINT('',(109.46,10.4,4.6));
#1541 = SURFACE_CURVE('',#1542,(#1546,#1558),.PCURVE_S1.);
#1542 = LINE('',#1543,#1544);
#1543 = CARTESIAN_POINT('',(109.46,10.4,3.));
#1544 = VECTOR('',#1545,1.);
#1545 = DIRECTION('',(0.,0.,1.));
#1546 = PCURVE('',#1547,#1552);
#1547 = PLANE('',#1548);
#1548 = AXIS2_PLACEMENT_3D('',#1549,#1550,#1551);
#1549 = CARTESIAN_POINT('',(109.46,10.4,3.));
#1550 = DIRECTION('',(1.,0.,0.));
#1551 = DIRECTION('',(0.,0.,1.));
#1552 = DEFINITIONAL_REPRESENTATION('',(#1553),#1557);
#1553 = LINE('',#1554,#1555);
#1554 = CARTESIAN_POINT('',(0.,0.));
#1555 = VECTOR('',#1556,1.);
#1556 = DIRECTION('',(1.,0.));
#1557 = ( GEOMETRIC_REPRESENTATION_CONTEXT(2) 
PARAMETRIC_REPRESENTATION_CONTEXT() REPRESENTATION_CONTEXT('2D SPACE',''
  ) );
#1558 = PCURVE('',#1439,#1559);
#1559 = DEFINITIONAL_REPRESENTATION('',(#1560),#1564);
#1560 = LINE('',#1561,#1562);
#1561 = CARTESIAN_POINT('',(0.,99.06));
#1562 = VECTOR('',#1563,1.);
#1563 = DIRECTION('',(1.,0.));
#1564 = ( GEOMETRIC_REPRESENTATION_CONTEXT(2) 
PARAMETRIC_REPRESENTATION_CONTEXT() REPRESENTATION_CONTEXT('2D SPACE',''
  ) );
#1565 = ORIENTED_EDGE('',*,*,#1566,.T.);
#1566 = EDGE_CURVE('',#1537,#1567,#1569,.T.);
#1567 = VERTEX_POINT('',#1568);
#1568 = CARTESIAN_POINT('',(109.46,77.71,3.));
#1569 = SURFACE_CURVE('',#1570,(#1574,#1581),.PCURVE_S1.);
#1570 = LINE('',#1571,#1572);
#1571 = CARTESIAN_POINT('',(109.46,10.4,3.));
#1572 = VECTOR('',#1573,1.);
#1573 = DIRECTION('',(0.,1.,0.));
#1574 = PCURVE('',#1547,#1575);
#1575 = DEFINITIONAL_REPRESENTATION('',(#1576),#1580);
#1576 = LINE('',#1577,#1578);
#1577 = CARTESIAN_POINT('',(0.,0.));
#1578 = VECTOR('',#1579,1.);
#1579 = DIRECTION('',(0.,-1.));
#1580 = ( GEOMETRIC_REPRESENTATION_CONTEXT(2) 
PARAMETRIC_REPRESENTATION_CONTEXT() REPRESENTATION_CONTEXT('2D SPACE',''
  ) );
#1581 = PCURVE('',#1467,#1582);
#1582 = DEFINITIONAL_REPRESENTATION('',(#1583),#1587);
#1583 = LINE('',#1584,#1585);
#1584 = CARTESIAN_POINT('',(99.06,0.));
#1585 = VECTOR('',#1586,1.);
#1586 = DIRECTION('',(0.,1.));
#1587 = ( GEOMETRIC_REPRESENTATION_CONTEXT(2) 
PARAMETRIC_REPRESENTATION_CONTEXT() REPRESENTATION_CONTEXT('2D SPACE',''
  ) );
#1588 = ORIENTED_EDGE('',*,*,#1589,.T.);
#1589 = EDGE_CURVE('',#1567,#1590,#1592,.T.);
#1590 = VERTEX_POINT('',#1591);
#1591 = CARTESIAN_POINT('',(109.46,77.71,4.6));
#1592 = SURFACE_CURVE('',#1593,(#1597,#1604),.PCURVE_S1.);
#1593 = LINE('',#1594,#1595);
#1594 = CARTESIAN_POINT('',(109.46,77.71,3.));
#1595 = VECTOR('',#1596,1.);
#1596 = DIRECTION('',(0.,0.,1.));
#1597 = PCURVE('',#1547,#1598);
#1598 = DEFINITIONAL_REPRESENTATION('',(#1599),#1603);
#1599 = LINE('',#1600,#1601);
#1600 = CARTESIAN_POINT('',(0.,-67.31));
#1601 = VECTOR('',#1602,1.);
#1602 = DIRECTION('',(1.,0.));
#1603 = ( GEOMETRIC_REPRESENTATION_CONTEXT(2) 
PARAMETRIC_REPRESENTATION_CONTEXT() REPRESENTATION_CONTEXT('2D SPACE',''
  ) );
#1604 = PCURVE('',#1495,#1605);
#1605 = DEFINITIONAL_REPRESENTATION('',(#1606),#1610);
#1606 = LINE('',#1607,#1608);
#1607 = CARTESIAN_POINT('',(0.,99.06));
#1608 = VECTOR('',#1609,1.);
#1609 = DIRECTION('',(1.,0.));
#1610 = ( GEOMETRIC_REPRESENTATION_CONTEXT(2) 
PARAMETRIC_REPRESENTATION_CONTEXT() REPRESENTATION_CONTEXT('2D SPACE',''
  ) );
#1611 = ORIENTED_EDGE('',*,*,#1612,.F.);
#1612 = EDGE_CURVE('',#1539,#1590,#1613,.T.);
#1613 = SURFACE_CURVE('',#1614,(#1618,#1625),.PCURVE_S1.);
#1614 = LINE('',#1615,#1616);
#1615 = CARTESIAN_POINT('',(109.46,10.4,4.6));
#1616 = VECTOR('',#1617,1.);
#1617 = DIRECTION('',(0.,1.,0.));
#1618 = PCURVE('',#1547,#1619);
#1619 = DEFINITIONAL_REPRESENTATION('',(#1620),#1624);
#1620 = LINE('',#1621,#1622);
#1621 = CARTESIAN_POINT('',(1.6,0.));
#1622 = VECTOR('',#1623,1.);
#1623 = DIRECTION('',(0.,-1.));
#1624 = ( GEOMETRIC_REPRESENTATION_CONTEXT(2) 
PARAMETRIC_REPRESENTATION_CONTEXT() REPRESENTATION_CONTEXT('2D SPACE',''
  ) );
#1625 = PCURVE('',#1521,#1626);
#1626 = DEFINITIONAL_REPRESENTATION('',(#1627),#1631);
#1627 = LINE('',#1628,#1629);
#1628 = CARTESIAN_POINT('',(99.06,0.));
#1629 = VECTOR('',#1630,1.);
#1630 = DIRECTION('',(0.,1.));
#1631 = ( GEOMETRIC_REPRESENTATION_CONTEXT(2) 
PARAMETRIC_REPRESENTATION_CONTEXT() REPRESENTATION_CONTEXT('2D SPACE',''
  ) );
#1632 = ADVANCED_FACE('',(#1633),#1439,.F.);
#1633 = FACE_BOUND('',#1634,.F.);
#1634 = EDGE_LOOP('',(#1635,#1656,#1657,#1678));
#1635 = ORIENTED_EDGE('',*,*,#1636,.F.);
#1636 = EDGE_CURVE('',#1417,#1537,#1637,.T.);
#1637 = SURFACE_CURVE('',#1638,(#1642,#1649),.PCURVE_S1.);
#1638 = LINE('',#1639,#1640);
#1639 = CARTESIAN_POINT('',(10.4,10.4,3.));
#1640 = VECTOR('',#1641,1.);
#1641 = DIRECTION('',(1.,0.,0.));
#1642 = PCURVE('',#1439,#1643);
#1643 = DEFINITIONAL_REPRESENTATION('',(#1644),#1648);
#1644 = LINE('',#1645,#1646);
#1645 = CARTESIAN_POINT('',(0.,0.));
#1646 = VECTOR('',#1647,1.);
#1647 = DIRECTION('',(0.,1.));
#1648 = ( GEOMETRIC_REPRESENTATION_CONTEXT(2) 
PARAMETRIC_REPRESENTATION_CONTEXT() REPRESENTATION_CONTEXT('2D SPACE',''
  ) );
#1649 = PCURVE('',#1467,#1650);
#1650 = DEFINITIONAL_REPRESENTATION('',(#1651),#1655);
#1651 = LINE('',#1652,#1653);
#1652 = CARTESIAN_POINT('',(0.,0.));
#1653 = VECTOR('',#1654,1.);
#1654 = DIRECTION('',(1.,0.));
#1655 = ( GEOMETRIC_REPRESENTATION_CONTEXT(2) 
PARAMETRIC_REPRESENTATION_CONTEXT() REPRESENTATION_CONTEXT('2D SPACE',''
  ) );
#1656 = ORIENTED_EDGE('',*,*,#1416,.T.);
#1657 = ORIENTED_EDGE('',*,*,#1658,.T.);
#1658 = EDGE_CURVE('',#1419,#1539,#1659,.T.);
#1659 = SURFACE_CURVE('',#1660,(#1664,#1671),.PCURVE_S1.);
#1660 = LINE('',#1661,#1662);
#1661 = CARTESIAN_POINT('',(10.4,10.4,4.6));
#1662 = VECTOR('',#1663,1.);
#1663 = DIRECTION('',(1.,0.,0.));
#1664 = PCURVE('',#1439,#1665);
#1665 = DEFINITIONAL_REPRESENTATION('',(#1666),#1670);
#1666 = LINE('',#1667,#1668);
#1667 = CARTESIAN_POINT('',(1.6,0.));
#1668 = VECTOR('',#1669,1.);
#1669 = DIRECTION('',(0.,1.));
#1670 = ( GEOMETRIC_REPRESENTATION_CONTEXT(2) 
PARAMETRIC_REPRESENTATION_CONTEXT() REPRESENTATION_CONTEXT('2D SPACE',''
  ) );
#1671 = PCURVE('',#1521,#1672);
#1672 = DEFINITIONAL_REPRESENTATION('',(#1673),#1677);
#1673 = LINE('',#1674,#1675);
#1674 = CARTESIAN_POINT('',(0.,0.));
#1675 = VECTOR('',#1676,1.);
#1676 = DIRECTION('',(1.,0.));
#1677 = ( GEOMETRIC_REPRESENTATION_CONTEXT(2) 
PARAMETRIC_REPRESENTATION_CONTEXT() REPRESENTATION_CONTEXT('2D SPACE',''
  ) );
#1678 = ORIENTED_EDGE('',*,*,#1536,.F.);
#1679 = ADVANCED_FACE('',(#1680),#1495,.T.);
#1680 = FACE_BOUND('',#1681,.T.);
#1681 = EDGE_LOOP('',(#1682,#1703,#1704,#1725));
#1682 = ORIENTED_EDGE('',*,*,#1683,.F.);
#1683 = EDGE_CURVE('',#1452,#1567,#1684,.T.);
#1684 = SURFACE_CURVE('',#1685,(#1689,#1696),.PCURVE_S1.);
#1685 = LINE('',#1686,#1687);
#1686 = CARTESIAN_POINT('',(10.4,77.71,3.));
#1687 = VECTOR('',#1688,1.);
#1688 = DIRECTION('',(1.,0.,0.));
#1689 = PCURVE('',#1495,#1690);
#1690 = DEFINITIONAL_REPRESENTATION('',(#1691),#1695);
#1691 = LINE('',#1692,#1693);
#1692 = CARTESIAN_POINT('',(0.,0.));
#1693 = VECTOR('',#1694,1.);
#1694 = DIRECTION('',(0.,1.));
#1695 = ( GEOMETRIC_REPRESENTATION_CONTEXT(2) 
PARAMETRIC_REPRESENTATION_CONTEXT() REPRESENTATION_CONTEXT('2D SPACE',''
  ) );
#1696 = PCURVE('',#1467,#1697);
#1697 = DEFINITIONAL_REPRESENTATION('',(#1698),#1702);
#1698 = LINE('',#1699,#1700);
#1699 = CARTESIAN_POINT('',(0.,67.31));
#1700 = VECTOR('',#1701,1.);
#1701 = DIRECTION('',(1.,0.));
#1702 = ( GEOMETRIC_REPRESENTATION_CONTEXT(2) 
PARAMETRIC_REPRESENTATION_CONTEXT() REPRESENTATION_CONTEXT('2D SPACE',''
  ) );
#1703 = ORIENTED_EDGE('',*,*,#1479,.T.);
#1704 = ORIENTED_EDGE('',*,*,#1705,.T.);
#1705 = EDGE_CURVE('',#1480,#1590,#1706,.T.);
#1706 = SURFACE_CURVE('',#1707,(#1711,#1718),.PCURVE_S1.);
#1707 = LINE('',#1708,#1709);
#1708 = CARTESIAN_POINT('',(10.4,77.71,4.6));
#1709 = VECTOR('',#1710,1.);
#1710 = DIRECTION('',(1.,0.,0.));
#1711 = PCURVE('',#1495,#1712);
#1712 = DEFINITIONAL_REPRESENTATION('',(#1713),#1717);
#1713 = LINE('',#1714,#1715);
#1714 = CARTESIAN_POINT('',(1.6,0.));
#1715 = VECTOR('',#1716,1.);
#1716 = DIRECTION('',(0.,1.));
#1717 = ( GEOMETRIC_REPRESENTATION_CONTEXT(2) 
PARAMETRIC_REPRESENTATION_CONTEXT() REPRESENTATION_CONTEXT('2D SPACE',''
  ) );
#1718 = PCURVE('',#1521,#1719);
#1719 = DEFINITIONAL_REPRESENTATION('',(#1720),#1724);
#1720 = LINE('',#1721,#1722);
#1721 = CARTESIAN_POINT('',(0.,67.31));
#1722 = VECTOR('',#1723,1.);
#1723 = DIRECTION('',(1.,0.));
#1724 = ( GEOMETRIC_REPRESENTATION_CONTEXT(2) 
PARAMETRIC_REPRESENTATION_CONTEXT() REPRESENTATION_CONTEXT('2D SPACE',''
  ) );
#1725 = ORIENTED_EDGE('',*,*,#1589,.F.);
#1726 = ADVANCED_FACE('',(#1727),#1467,.F.);
#1727 = FACE_BOUND('',#1728,.F.);
#1728 = EDGE_LOOP('',(#1729,#1730,#1731,#1732));
#1729 = ORIENTED_EDGE('',*,*,#1451,.F.);
#1730 = ORIENTED_EDGE('',*,*,#1636,.T.);
#1731 = ORIENTED_EDGE('',*,*,#1566,.T.);
#1732 = ORIENTED_EDGE('',*,*,#1683,.F.);
#1733 = ADVANCED_FACE('',(#1734),#1521,.T.);
#1734 = FACE_BOUND('',#1735,.T.);
#1735 = EDGE_LOOP('',(#1736,#1737,#1738,#1739));
#1736 = ORIENTED_EDGE('',*,*,#1507,.F.);
#1737 = ORIENTED_EDGE('',*,*,#1658,.T.);
#1738 = ORIENTED_EDGE('',*,*,#1612,.T.);
#1739 = ORIENTED_EDGE('',*,*,#1705,.F.);
#1740 = ( GEOMETRIC_REPRESENTATION_CONTEXT(3) 
GLOBAL_UNCERTAINTY_ASSIGNED_CONTEXT((#1744)) 
GLOBAL_UNIT_ASSIGNED_CONTEXT((#1741,#1742,#1743)) REPRESENTATION_CONTEXT
('Context #1','3D Context with UNIT and UNCERTAINTY') );
#1741 = ( LENGTH_UNIT() NAMED_UNIT(*) SI_UNIT(.MILLI.,.METRE.) );
#1742 = ( NAMED_UNIT(*) PLANE_ANGLE_UNIT() SI_UNIT($,.RADIAN.) );
#1743 = ( NAMED_UNIT(*) SI_UNIT($,.STERADIAN.) SOLID_ANGLE_UNIT() );
#1744 = UNCERTAINTY_MEASURE_WITH_UNIT(LENGTH_MEASURE(1.E-07),#1741,
  'distance_accuracy_value','confusion accuracy');
#1745 = CONTEXT_DEPENDENT_SHAPE_REPRESENTATION(#1746,#1748);
#1746 = ( REPRESENTATION_RELATIONSHIP('','',#1409,#10) 
REPRESENTATION_RELATIONSHIP_WITH_TRANSFORMATION(#1747) 
SHAPE_REPRESENTATION_RELATIONSHIP() );
#1747 = ITEM_DEFINED_TRANSFORMATION('','',#11,#19);
#1748 = PRODUCT_DEFINITION_SHAPE('Placement','Placement of an item',
  #1749);
#1749 = NEXT_ASSEMBLY_USAGE_OCCURRENCE('2','PCB','',#5,#1404,$);
#1750 = PRODUCT_RELATED_PRODUCT_CATEGORY('part',$,(#1406));
#1751 = SHAPE_DEFINITION_REPRESENTATION(#1752,#1758);
#1752 = PRODUCT_DEFINITION_SHAPE('','',#1753);
#1753 = PRODUCT_DEFINITION('design','',#1754,#1757);
#1754 = PRODUCT_DEFINITION_FORMATION('','',#1755);
#1755 = PRODUCT('Top','Top','',(#1756));
#1756 = PRODUCT_CONTEXT('',#2,'mechanical');
#1757 = PRODUCT_DEFINITION_CONTEXT('part definition',#2,'design');
#1758 = ADVANCED_BREP_SHAPE_REPRESENTATION('',(#11,#1759),#5665);
#1759 = MANIFOLD_SOLID_BREP('',#1760);
#1760 = CLOSED_SHELL('',(#1761,#1881,#1957,#3310,#3359,#4470,#4497,#4524
    ,#4551,#4578,#4585,#4612,#4659,#4686,#4713,#4720,#4767,#4794,#4821,
    #4828,#4875,#4902,#4929,#4936,#4983,#5010,#5037,#5044,#5091,#5118,
    #5145,#5152,#5179,#5206,#5253,#5280,#5307,#5314,#5341,#5388,#5415,
    #5442,#5449,#5496,#5523,#5550,#5557,#5584,#5611,#5638));
#1761 = ADVANCED_FACE('',(#1762),#1776,.F.);
#1762 = FACE_BOUND('',#1763,.F.);
#1763 = EDGE_LOOP('',(#1764,#1799,#1827,#1855));
#1764 = ORIENTED_EDGE('',*,*,#1765,.F.);
#1765 = EDGE_CURVE('',#1766,#1768,#1770,.T.);
#1766 = VERTEX_POINT('',#1767);
#1767 = CARTESIAN_POINT('',(0.,0.,13.));
#1768 = VERTEX_POINT('',#1769);
#1769 = CARTESIAN_POINT('',(0.,0.,16.));
#1770 = SURFACE_CURVE('',#1771,(#1775,#1787),.PCURVE_S1.);
#1771 = LINE('',#1772,#1773);
#1772 = CARTESIAN_POINT('',(0.,0.,13.));
#1773 = VECTOR('',#1774,1.);
#1774 = DIRECTION('',(0.,0.,1.));
#1775 = PCURVE('',#1776,#1781);
#1776 = PLANE('',#1777);
#1777 = AXIS2_PLACEMENT_3D('',#1778,#1779,#1780);
#1778 = CARTESIAN_POINT('',(0.,0.,13.));
#1779 = DIRECTION('',(1.,0.,0.));
#1780 = DIRECTION('',(0.,0.,1.));
#1781 = DEFINITIONAL_REPRESENTATION('',(#1782),#1786);
#1782 = LINE('',#1783,#1784);
#1783 = CARTESIAN_POINT('',(0.,0.));
#1784 = VECTOR('',#1785,1.);
#1785 = DIRECTION('',(1.,0.));
#1786 = ( GEOMETRIC_REPRESENTATION_CONTEXT(2) 
PARAMETRIC_REPRESENTATION_CONTEXT() REPRESENTATION_CONTEXT('2D SPACE',''
  ) );
#1787 = PCURVE('',#1788,#1793);
#1788 = PLANE('',#1789);
#1789 = AXIS2_PLACEMENT_3D('',#1790,#1791,#1792);
#1790 = CARTESIAN_POINT('',(0.,0.,13.));
#1791 = DIRECTION('',(0.,1.,0.));
#1792 = DIRECTION('',(0.,-0.,1.));
#1793 = DEFINITIONAL_REPRESENTATION('',(#1794),#1798);
#1794 = LINE('',#1795,#1796);
#1795 = CARTESIAN_POINT('',(0.,0.));
#1796 = VECTOR('',#1797,1.);
#1797 = DIRECTION('',(1.,0.));
#1798 = ( GEOMETRIC_REPRESENTATION_CONTEXT(2) 
PARAMETRIC_REPRESENTATION_CONTEXT() REPRESENTATION_CONTEXT('2D SPACE',''
  ) );
#1799 = ORIENTED_EDGE('',*,*,#1800,.T.);
#1800 = EDGE_CURVE('',#1766,#1801,#1803,.T.);
#1801 = VERTEX_POINT('',#1802);
#1802 = CARTESIAN_POINT('',(0.,88.11,13.));
#1803 = SURFACE_CURVE('',#1804,(#1808,#1815),.PCURVE_S1.);
#1804 = LINE('',#1805,#1806);
#1805 = CARTESIAN_POINT('',(0.,0.,13.));
#1806 = VECTOR('',#1807,1.);
#1807 = DIRECTION('',(0.,1.,0.));
#1808 = PCURVE('',#1776,#1809);
#1809 = DEFINITIONAL_REPRESENTATION('',(#1810),#1814);
#1810 = LINE('',#1811,#1812);
#1811 = CARTESIAN_POINT('',(0.,0.));
#1812 = VECTOR('',#1813,1.);
#1813 = DIRECTION('',(0.,-1.));
#1814 = ( GEOMETRIC_REPRESENTATION_CONTEXT(2) 
PARAMETRIC_REPRESENTATION_CONTEXT() REPRESENTATION_CONTEXT('2D SPACE',''
  ) );
#1815 = PCURVE('',#1816,#1821);
#1816 = PLANE('',#1817);
#1817 = AXIS2_PLACEMENT_3D('',#1818,#1819,#1820);
#1818 = CARTESIAN_POINT('',(0.,0.,13.));
#1819 = DIRECTION('',(0.,0.,1.));
#1820 = DIRECTION('',(1.,0.,-0.));
#1821 = DEFINITIONAL_REPRESENTATION('',(#1822),#1826);
#1822 = LINE('',#1823,#1824);
#1823 = CARTESIAN_POINT('',(0.,0.));
#1824 = VECTOR('',#1825,1.);
#1825 = DIRECTION('',(0.,1.));
#1826 = ( GEOMETRIC_REPRESENTATION_CONTEXT(2) 
PARAMETRIC_REPRESENTATION_CONTEXT() REPRESENTATION_CONTEXT('2D SPACE',''
  ) );
#1827 = ORIENTED_EDGE('',*,*,#1828,.T.);
#1828 = EDGE_CURVE('',#1801,#1829,#1831,.T.);
#1829 = VERTEX_POINT('',#1830);
#1830 = CARTESIAN_POINT('',(0.,88.11,16.));
#1831 = SURFACE_CURVE('',#1832,(#1836,#1843),.PCURVE_S1.);
#1832 = LINE('',#1833,#1834);
#1833 = CARTESIAN_POINT('',(0.,88.11,13.));
#1834 = VECTOR('',#1835,1.);
#1835 = DIRECTION('',(0.,0.,1.));
#1836 = PCURVE('',#1776,#1837);
#1837 = DEFINITIONAL_REPRESENTATION('',(#1838),#1842);
#1838 = LINE('',#1839,#1840);
#1839 = CARTESIAN_POINT('',(0.,-88.11));
#1840 = VECTOR('',#1841,1.);
#1841 = DIRECTION('',(1.,0.));
#1842 = ( GEOMETRIC_REPRESENTATION_CONTEXT(2) 
PARAMETRIC_REPRESENTATION_CONTEXT() REPRESENTATION_CONTEXT('2D SPACE',''
  ) );
#1843 = PCURVE('',#1844,#1849);
#1844 = PLANE('',#1845);
#1845 = AXIS2_PLACEMENT_3D('',#1846,#1847,#1848);
#1846 = CARTESIAN_POINT('',(0.,88.11,13.));
#1847 = DIRECTION('',(0.,1.,0.));
#1848 = DIRECTION('',(0.,-0.,1.));
#1849 = DEFINITIONAL_REPRESENTATION('',(#1850),#1854);
#1850 = LINE('',#1851,#1852);
#1851 = CARTESIAN_POINT('',(0.,0.));
#1852 = VECTOR('',#1853,1.);
#1853 = DIRECTION('',(1.,0.));
#1854 = ( GEOMETRIC_REPRESENTATION_CONTEXT(2) 
PARAMETRIC_REPRESENTATION_CONTEXT() REPRESENTATION_CONTEXT('2D SPACE',''
  ) );
#1855 = ORIENTED_EDGE('',*,*,#1856,.F.);
#1856 = EDGE_CURVE('',#1768,#1829,#1857,.T.);
#1857 = SURFACE_CURVE('',#1858,(#1862,#1869),.PCURVE_S1.);
#1858 = LINE('',#1859,#1860);
#1859 = CARTESIAN_POINT('',(0.,0.,16.));
#1860 = VECTOR('',#1861,1.);
#1861 = DIRECTION('',(0.,1.,0.));
#1862 = PCURVE('',#1776,#1863);
#1863 = DEFINITIONAL_REPRESENTATION('',(#1864),#1868);
#1864 = LINE('',#1865,#1866);
#1865 = CARTESIAN_POINT('',(3.,0.));
#1866 = VECTOR('',#1867,1.);
#1867 = DIRECTION('',(0.,-1.));
#1868 = ( GEOMETRIC_REPRESENTATION_CONTEXT(2) 
PARAMETRIC_REPRESENTATION_CONTEXT() REPRESENTATION_CONTEXT('2D SPACE',''
  ) );
#1869 = PCURVE('',#1870,#1875);
#1870 = PLANE('',#1871);
#1871 = AXIS2_PLACEMENT_3D('',#1872,#1873,#1874);
#1872 = CARTESIAN_POINT('',(0.,0.,16.));
#1873 = DIRECTION('',(0.,0.,1.));
#1874 = DIRECTION('',(1.,0.,-0.));
#1875 = DEFINITIONAL_REPRESENTATION('',(#1876),#1880);
#1876 = LINE('',#1877,#1878);
#1877 = CARTESIAN_POINT('',(0.,0.));
#1878 = VECTOR('',#1879,1.);
#1879 = DIRECTION('',(0.,1.));
#1880 = ( GEOMETRIC_REPRESENTATION_CONTEXT(2) 
PARAMETRIC_REPRESENTATION_CONTEXT() REPRESENTATION_CONTEXT('2D SPACE',''
  ) );
#1881 = ADVANCED_FACE('',(#1882),#1788,.F.);
#1882 = FACE_BOUND('',#1883,.F.);
#1883 = EDGE_LOOP('',(#1884,#1907,#1908,#1931));
#1884 = ORIENTED_EDGE('',*,*,#1885,.F.);
#1885 = EDGE_CURVE('',#1766,#1886,#1888,.T.);
#1886 = VERTEX_POINT('',#1887);
#1887 = CARTESIAN_POINT('',(119.86,0.,13.));
#1888 = SURFACE_CURVE('',#1889,(#1893,#1900),.PCURVE_S1.);
#1889 = LINE('',#1890,#1891);
#1890 = CARTESIAN_POINT('',(0.,0.,13.));
#1891 = VECTOR('',#1892,1.);
#1892 = DIRECTION('',(1.,0.,0.));
#1893 = PCURVE('',#1788,#1894);
#1894 = DEFINITIONAL_REPRESENTATION('',(#1895),#1899);
#1895 = LINE('',#1896,#1897);
#1896 = CARTESIAN_POINT('',(0.,0.));
#1897 = VECTOR('',#1898,1.);
#1898 = DIRECTION('',(0.,1.));
#1899 = ( GEOMETRIC_REPRESENTATION_CONTEXT(2) 
PARAMETRIC_REPRESENTATION_CONTEXT() REPRESENTATION_CONTEXT('2D SPACE',''
  ) );
#1900 = PCURVE('',#1816,#1901);
#1901 = DEFINITIONAL_REPRESENTATION('',(#1902),#1906);
#1902 = LINE('',#1903,#1904);
#1903 = CARTESIAN_POINT('',(0.,0.));
#1904 = VECTOR('',#1905,1.);
#1905 = DIRECTION('',(1.,0.));
#1906 = ( GEOMETRIC_REPRESENTATION_CONTEXT(2) 
PARAMETRIC_REPRESENTATION_CONTEXT() REPRESENTATION_CONTEXT('2D SPACE',''
  ) );
#1907 = ORIENTED_EDGE('',*,*,#1765,.T.);
#1908 = ORIENTED_EDGE('',*,*,#1909,.T.);
#1909 = EDGE_CURVE('',#1768,#1910,#1912,.T.);
#1910 = VERTEX_POINT('',#1911);
#1911 = CARTESIAN_POINT('',(119.86,0.,16.));
#1912 = SURFACE_CURVE('',#1913,(#1917,#1924),.PCURVE_S1.);
#1913 = LINE('',#1914,#1915);
#1914 = CARTESIAN_POINT('',(0.,0.,16.));
#1915 = VECTOR('',#1916,1.);
#1916 = DIRECTION('',(1.,0.,0.));
#1917 = PCURVE('',#1788,#1918);
#1918 = DEFINITIONAL_REPRESENTATION('',(#1919),#1923);
#1919 = LINE('',#1920,#1921);
#1920 = CARTESIAN_POINT('',(3.,0.));
#1921 = VECTOR('',#1922,1.);
#1922 = DIRECTION('',(0.,1.));
#1923 = ( GEOMETRIC_REPRESENTATION_CONTEXT(2) 
PARAMETRIC_REPRESENTATION_CONTEXT() REPRESENTATION_CONTEXT('2D SPACE',''
  ) );
#1924 = PCURVE('',#1870,#1925);
#1925 = DEFINITIONAL_REPRESENTATION('',(#1926),#1930);
#1926 = LINE('',#1927,#1928);
#1927 = CARTESIAN_POINT('',(0.,0.));
#1928 = VECTOR('',#1929,1.);
#1929 = DIRECTION('',(1.,0.));
#1930 = ( GEOMETRIC_REPRESENTATION_CONTEXT(2) 
PARAMETRIC_REPRESENTATION_CONTEXT() REPRESENTATION_CONTEXT('2D SPACE',''
  ) );
#1931 = ORIENTED_EDGE('',*,*,#1932,.F.);
#1932 = EDGE_CURVE('',#1886,#1910,#1933,.T.);
#1933 = SURFACE_CURVE('',#1934,(#1938,#1945),.PCURVE_S1.);
#1934 = LINE('',#1935,#1936);
#1935 = CARTESIAN_POINT('',(119.86,0.,13.));
#1936 = VECTOR('',#1937,1.);
#1937 = DIRECTION('',(0.,0.,1.));
#1938 = PCURVE('',#1788,#1939);
#1939 = DEFINITIONAL_REPRESENTATION('',(#1940),#1944);
#1940 = LINE('',#1941,#1942);
#1941 = CARTESIAN_POINT('',(0.,119.86));
#1942 = VECTOR('',#1943,1.);
#1943 = DIRECTION('',(1.,0.));
#1944 = ( GEOMETRIC_REPRESENTATION_CONTEXT(2) 
PARAMETRIC_REPRESENTATION_CONTEXT() REPRESENTATION_CONTEXT('2D SPACE',''
  ) );
#1945 = PCURVE('',#1946,#1951);
#1946 = PLANE('',#1947);
#1947 = AXIS2_PLACEMENT_3D('',#1948,#1949,#1950);
#1948 = CARTESIAN_POINT('',(119.86,0.,13.));
#1949 = DIRECTION('',(1.,0.,0.));
#1950 = DIRECTION('',(0.,0.,1.));
#1951 = DEFINITIONAL_REPRESENTATION('',(#1952),#1956);
#1952 = LINE('',#1953,#1954);
#1953 = CARTESIAN_POINT('',(0.,0.));
#1954 = VECTOR('',#1955,1.);
#1955 = DIRECTION('',(1.,0.));
#1956 = ( GEOMETRIC_REPRESENTATION_CONTEXT(2) 
PARAMETRIC_REPRESENTATION_CONTEXT() REPRESENTATION_CONTEXT('2D SPACE',''
  ) );
#1957 = ADVANCED_FACE('',(#1958,#2118,#2153,#2267,#2381,#2495,#2609,
    #2723,#2758,#2793,#2907,#2942,#3056,#3170,#3205,#3240,#3275),#1870,
  .T.);
#1958 = FACE_BOUND('',#1959,.T.);
#1959 = EDGE_LOOP('',(#1960,#1983,#1984,#1985,#2008,#2036,#2064,#2092));
#1960 = ORIENTED_EDGE('',*,*,#1961,.F.);
#1961 = EDGE_CURVE('',#1829,#1962,#1964,.T.);
#1962 = VERTEX_POINT('',#1963);
#1963 = CARTESIAN_POINT('',(75.545,88.11,16.));
#1964 = SURFACE_CURVE('',#1965,(#1969,#1976),.PCURVE_S1.);
#1965 = LINE('',#1966,#1967);
#1966 = CARTESIAN_POINT('',(0.,88.11,16.));
#1967 = VECTOR('',#1968,1.);
#1968 = DIRECTION('',(1.,0.,0.));
#1969 = PCURVE('',#1870,#1970);
#1970 = DEFINITIONAL_REPRESENTATION('',(#1971),#1975);
#1971 = LINE('',#1972,#1973);
#1972 = CARTESIAN_POINT('',(0.,88.11));
#1973 = VECTOR('',#1974,1.);
#1974 = DIRECTION('',(1.,0.));
#1975 = ( GEOMETRIC_REPRESENTATION_CONTEXT(2) 
PARAMETRIC_REPRESENTATION_CONTEXT() REPRESENTATION_CONTEXT('2D SPACE',''
  ) );
#1976 = PCURVE('',#1844,#1977);
#1977 = DEFINITIONAL_REPRESENTATION('',(#1978),#1982);
#1978 = LINE('',#1979,#1980);
#1979 = CARTESIAN_POINT('',(3.,0.));
#1980 = VECTOR('',#1981,1.);
#1981 = DIRECTION('',(0.,1.));
#1982 = ( GEOMETRIC_REPRESENTATION_CONTEXT(2) 
PARAMETRIC_REPRESENTATION_CONTEXT() REPRESENTATION_CONTEXT('2D SPACE',''
  ) );
#1983 = ORIENTED_EDGE('',*,*,#1856,.F.);
#1984 = ORIENTED_EDGE('',*,*,#1909,.T.);
#1985 = ORIENTED_EDGE('',*,*,#1986,.T.);
#1986 = EDGE_CURVE('',#1910,#1987,#1989,.T.);
#1987 = VERTEX_POINT('',#1988);
#1988 = CARTESIAN_POINT('',(119.86,88.11,16.));
#1989 = SURFACE_CURVE('',#1990,(#1994,#2001),.PCURVE_S1.);
#1990 = LINE('',#1991,#1992);
#1991 = CARTESIAN_POINT('',(119.86,0.,16.));
#1992 = VECTOR('',#1993,1.);
#1993 = DIRECTION('',(0.,1.,0.));
#1994 = PCURVE('',#1870,#1995);
#1995 = DEFINITIONAL_REPRESENTATION('',(#1996),#2000);
#1996 = LINE('',#1997,#1998);
#1997 = CARTESIAN_POINT('',(119.86,0.));
#1998 = VECTOR('',#1999,1.);
#1999 = DIRECTION('',(0.,1.));
#2000 = ( GEOMETRIC_REPRESENTATION_CONTEXT(2) 
PARAMETRIC_REPRESENTATION_CONTEXT() REPRESENTATION_CONTEXT('2D SPACE',''
  ) );
#2001 = PCURVE('',#1946,#2002);
#2002 = DEFINITIONAL_REPRESENTATION('',(#2003),#2007);
#2003 = LINE('',#2004,#2005);
#2004 = CARTESIAN_POINT('',(3.,0.));
#2005 = VECTOR('',#2006,1.);
#2006 = DIRECTION('',(0.,-1.));
#2007 = ( GEOMETRIC_REPRESENTATION_CONTEXT(2) 
PARAMETRIC_REPRESENTATION_CONTEXT() REPRESENTATION_CONTEXT('2D SPACE',''
  ) );
#2008 = ORIENTED_EDGE('',*,*,#2009,.F.);
#2009 = EDGE_CURVE('',#2010,#1987,#2012,.T.);
#2010 = VERTEX_POINT('',#2011);
#2011 = CARTESIAN_POINT('',(89.545,88.11,16.));
#2012 = SURFACE_CURVE('',#2013,(#2017,#2024),.PCURVE_S1.);
#2013 = LINE('',#2014,#2015);
#2014 = CARTESIAN_POINT('',(0.,88.11,16.));
#2015 = VECTOR('',#2016,1.);
#2016 = DIRECTION('',(1.,0.,0.));
#2017 = PCURVE('',#1870,#2018);
#2018 = DEFINITIONAL_REPRESENTATION('',(#2019),#2023);
#2019 = LINE('',#2020,#2021);
#2020 = CARTESIAN_POINT('',(0.,88.11));
#2021 = VECTOR('',#2022,1.);
#2022 = DIRECTION('',(1.,0.));
#2023 = ( GEOMETRIC_REPRESENTATION_CONTEXT(2) 
PARAMETRIC_REPRESENTATION_CONTEXT() REPRESENTATION_CONTEXT('2D SPACE',''
  ) );
#2024 = PCURVE('',#2025,#2030);
#2025 = PLANE('',#2026);
#2026 = AXIS2_PLACEMENT_3D('',#2027,#2028,#2029);
#2027 = CARTESIAN_POINT('',(0.,88.11,13.));
#2028 = DIRECTION('',(0.,1.,0.));
#2029 = DIRECTION('',(0.,-0.,1.));
#2030 = DEFINITIONAL_REPRESENTATION('',(#2031),#2035);
#2031 = LINE('',#2032,#2033);
#2032 = CARTESIAN_POINT('',(3.,0.));
#2033 = VECTOR('',#2034,1.);
#2034 = DIRECTION('',(0.,1.));
#2035 = ( GEOMETRIC_REPRESENTATION_CONTEXT(2) 
PARAMETRIC_REPRESENTATION_CONTEXT() REPRESENTATION_CONTEXT('2D SPACE',''
  ) );
#2036 = ORIENTED_EDGE('',*,*,#2037,.F.);
#2037 = EDGE_CURVE('',#2038,#2010,#2040,.T.);
#2038 = VERTEX_POINT('',#2039);
#2039 = CARTESIAN_POINT('',(89.545,82.11,16.));
#2040 = SURFACE_CURVE('',#2041,(#2045,#2052),.PCURVE_S1.);
#2041 = LINE('',#2042,#2043);
#2042 = CARTESIAN_POINT('',(89.545,41.055,16.));
#2043 = VECTOR('',#2044,1.);
#2044 = DIRECTION('',(0.,1.,0.));
#2045 = PCURVE('',#1870,#2046);
#2046 = DEFINITIONAL_REPRESENTATION('',(#2047),#2051);
#2047 = LINE('',#2048,#2049);
#2048 = CARTESIAN_POINT('',(89.545,41.055));
#2049 = VECTOR('',#2050,1.);
#2050 = DIRECTION('',(0.,1.));
#2051 = ( GEOMETRIC_REPRESENTATION_CONTEXT(2) 
PARAMETRIC_REPRESENTATION_CONTEXT() REPRESENTATION_CONTEXT('2D SPACE',''
  ) );
#2052 = PCURVE('',#2053,#2058);
#2053 = PLANE('',#2054);
#2054 = AXIS2_PLACEMENT_3D('',#2055,#2056,#2057);
#2055 = CARTESIAN_POINT('',(89.545,82.11,12.9));
#2056 = DIRECTION('',(1.,0.,0.));
#2057 = DIRECTION('',(0.,0.,1.));
#2058 = DEFINITIONAL_REPRESENTATION('',(#2059),#2063);
#2059 = LINE('',#2060,#2061);
#2060 = CARTESIAN_POINT('',(3.1,41.055));
#2061 = VECTOR('',#2062,1.);
#2062 = DIRECTION('',(0.,-1.));
#2063 = ( GEOMETRIC_REPRESENTATION_CONTEXT(2) 
PARAMETRIC_REPRESENTATION_CONTEXT() REPRESENTATION_CONTEXT('2D SPACE',''
  ) );
#2064 = ORIENTED_EDGE('',*,*,#2065,.T.);
#2065 = EDGE_CURVE('',#2038,#2066,#2068,.T.);
#2066 = VERTEX_POINT('',#2067);
#2067 = CARTESIAN_POINT('',(75.545,82.11,16.));
#2068 = SURFACE_CURVE('',#2069,(#2073,#2080),.PCURVE_S1.);
#2069 = LINE('',#2070,#2071);
#2070 = CARTESIAN_POINT('',(37.7725,82.11,16.));
#2071 = VECTOR('',#2072,1.);
#2072 = DIRECTION('',(-1.,0.,0.));
#2073 = PCURVE('',#1870,#2074);
#2074 = DEFINITIONAL_REPRESENTATION('',(#2075),#2079);
#2075 = LINE('',#2076,#2077);
#2076 = CARTESIAN_POINT('',(37.7725,82.11));
#2077 = VECTOR('',#2078,1.);
#2078 = DIRECTION('',(-1.,0.));
#2079 = ( GEOMETRIC_REPRESENTATION_CONTEXT(2) 
PARAMETRIC_REPRESENTATION_CONTEXT() REPRESENTATION_CONTEXT('2D SPACE',''
  ) );
#2080 = PCURVE('',#2081,#2086);
#2081 = PLANE('',#2082);
#2082 = AXIS2_PLACEMENT_3D('',#2083,#2084,#2085);
#2083 = CARTESIAN_POINT('',(75.545,82.11,12.9));
#2084 = DIRECTION('',(0.,1.,0.));
#2085 = DIRECTION('',(0.,-0.,1.));
#2086 = DEFINITIONAL_REPRESENTATION('',(#2087),#2091);
#2087 = LINE('',#2088,#2089);
#2088 = CARTESIAN_POINT('',(3.1,-37.7725));
#2089 = VECTOR('',#2090,1.);
#2090 = DIRECTION('',(0.,-1.));
#2091 = ( GEOMETRIC_REPRESENTATION_CONTEXT(2) 
PARAMETRIC_REPRESENTATION_CONTEXT() REPRESENTATION_CONTEXT('2D SPACE',''
  ) );
#2092 = ORIENTED_EDGE('',*,*,#2093,.T.);
#2093 = EDGE_CURVE('',#2066,#1962,#2094,.T.);
#2094 = SURFACE_CURVE('',#2095,(#2099,#2106),.PCURVE_S1.);
#2095 = LINE('',#2096,#2097);
#2096 = CARTESIAN_POINT('',(75.545,41.055,16.));
#2097 = VECTOR('',#2098,1.);
#2098 = DIRECTION('',(0.,1.,0.));
#2099 = PCURVE('',#1870,#2100);
#2100 = DEFINITIONAL_REPRESENTATION('',(#2101),#2105);
#2101 = LINE('',#2102,#2103);
#2102 = CARTESIAN_POINT('',(75.545,41.055));
#2103 = VECTOR('',#2104,1.);
#2104 = DIRECTION('',(0.,1.));
#2105 = ( GEOMETRIC_REPRESENTATION_CONTEXT(2) 
PARAMETRIC_REPRESENTATION_CONTEXT() REPRESENTATION_CONTEXT('2D SPACE',''
  ) );
#2106 = PCURVE('',#2107,#2112);
#2107 = PLANE('',#2108);
#2108 = AXIS2_PLACEMENT_3D('',#2109,#2110,#2111);
#2109 = CARTESIAN_POINT('',(75.545,82.11,12.9));
#2110 = DIRECTION('',(1.,0.,0.));
#2111 = DIRECTION('',(0.,0.,1.));
#2112 = DEFINITIONAL_REPRESENTATION('',(#2113),#2117);
#2113 = LINE('',#2114,#2115);
#2114 = CARTESIAN_POINT('',(3.1,41.055));
#2115 = VECTOR('',#2116,1.);
#2116 = DIRECTION('',(0.,-1.));
#2117 = ( GEOMETRIC_REPRESENTATION_CONTEXT(2) 
PARAMETRIC_REPRESENTATION_CONTEXT() REPRESENTATION_CONTEXT('2D SPACE',''
  ) );
#2118 = FACE_BOUND('',#2119,.T.);
#2119 = EDGE_LOOP('',(#2120));
#2120 = ORIENTED_EDGE('',*,*,#2121,.T.);
#2121 = EDGE_CURVE('',#2122,#2122,#2124,.T.);
#2122 = VERTEX_POINT('',#2123);
#2123 = CARTESIAN_POINT('',(6.7,5.,16.));
#2124 = SURFACE_CURVE('',#2125,(#2130,#2141),.PCURVE_S1.);
#2125 = CIRCLE('',#2126,1.7);
#2126 = AXIS2_PLACEMENT_3D('',#2127,#2128,#2129);
#2127 = CARTESIAN_POINT('',(5.,5.,16.));
#2128 = DIRECTION('',(0.,0.,-1.));
#2129 = DIRECTION('',(1.,0.,0.));
#2130 = PCURVE('',#1870,#2131);
#2131 = DEFINITIONAL_REPRESENTATION('',(#2132),#2140);
#2132 = ( BOUNDED_CURVE() B_SPLINE_CURVE(2,(#2133,#2134,#2135,#2136,
#2137,#2138,#2139),.UNSPECIFIED.,.T.,.F.) B_SPLINE_CURVE_WITH_KNOTS((1,2
    ,2,2,2,1),(-2.094395102393,0.,2.094395102393,4.188790204786,
6.28318530718,8.377580409573),.UNSPECIFIED.) CURVE() 
GEOMETRIC_REPRESENTATION_ITEM() RATIONAL_B_SPLINE_CURVE((1.,0.5,1.,0.5,
1.,0.5,1.)) REPRESENTATION_ITEM('') );
#2133 = CARTESIAN_POINT('',(6.7,5.));
#2134 = CARTESIAN_POINT('',(6.7,2.055513627133));
#2135 = CARTESIAN_POINT('',(4.15,3.527756813566));
#2136 = CARTESIAN_POINT('',(1.6,5.));
#2137 = CARTESIAN_POINT('',(4.15,6.472243186434));
#2138 = CARTESIAN_POINT('',(6.7,7.944486372867));
#2139 = CARTESIAN_POINT('',(6.7,5.));
#2140 = ( GEOMETRIC_REPRESENTATION_CONTEXT(2) 
PARAMETRIC_REPRESENTATION_CONTEXT() REPRESENTATION_CONTEXT('2D SPACE',''
  ) );
#2141 = PCURVE('',#2142,#2147);
#2142 = CYLINDRICAL_SURFACE('',#2143,1.7);
#2143 = AXIS2_PLACEMENT_3D('',#2144,#2145,#2146);
#2144 = CARTESIAN_POINT('',(5.,5.,12.9));
#2145 = DIRECTION('',(-0.,-0.,-1.));
#2146 = DIRECTION('',(1.,0.,0.));
#2147 = DEFINITIONAL_REPRESENTATION('',(#2148),#2152);
#2148 = LINE('',#2149,#2150);
#2149 = CARTESIAN_POINT('',(-4.138911435803E-13,-3.1));
#2150 = VECTOR('',#2151,1.);
#2151 = DIRECTION('',(1.,-0.));
#2152 = ( GEOMETRIC_REPRESENTATION_CONTEXT(2) 
PARAMETRIC_REPRESENTATION_CONTEXT() REPRESENTATION_CONTEXT('2D SPACE',''
  ) );
#2153 = FACE_BOUND('',#2154,.T.);
#2154 = EDGE_LOOP('',(#2155,#2185,#2213,#2241));
#2155 = ORIENTED_EDGE('',*,*,#2156,.T.);
#2156 = EDGE_CURVE('',#2157,#2159,#2161,.T.);
#2157 = VERTEX_POINT('',#2158);
#2158 = CARTESIAN_POINT('',(31.66,10.5,16.));
#2159 = VERTEX_POINT('',#2160);
#2160 = CARTESIAN_POINT('',(17.66,10.5,16.));
#2161 = SURFACE_CURVE('',#2162,(#2166,#2173),.PCURVE_S1.);
#2162 = LINE('',#2163,#2164);
#2163 = CARTESIAN_POINT('',(8.83,10.5,16.));
#2164 = VECTOR('',#2165,1.);
#2165 = DIRECTION('',(-1.,0.,0.));
#2166 = PCURVE('',#1870,#2167);
#2167 = DEFINITIONAL_REPRESENTATION('',(#2168),#2172);
#2168 = LINE('',#2169,#2170);
#2169 = CARTESIAN_POINT('',(8.83,10.5));
#2170 = VECTOR('',#2171,1.);
#2171 = DIRECTION('',(-1.,0.));
#2172 = ( GEOMETRIC_REPRESENTATION_CONTEXT(2) 
PARAMETRIC_REPRESENTATION_CONTEXT() REPRESENTATION_CONTEXT('2D SPACE',''
  ) );
#2173 = PCURVE('',#2174,#2179);
#2174 = PLANE('',#2175);
#2175 = AXIS2_PLACEMENT_3D('',#2176,#2177,#2178);
#2176 = CARTESIAN_POINT('',(17.66,10.5,12.9));
#2177 = DIRECTION('',(0.,1.,0.));
#2178 = DIRECTION('',(0.,-0.,1.));
#2179 = DEFINITIONAL_REPRESENTATION('',(#2180),#2184);
#2180 = LINE('',#2181,#2182);
#2181 = CARTESIAN_POINT('',(3.1,-8.83));
#2182 = VECTOR('',#2183,1.);
#2183 = DIRECTION('',(0.,-1.));
#2184 = ( GEOMETRIC_REPRESENTATION_CONTEXT(2) 
PARAMETRIC_REPRESENTATION_CONTEXT() REPRESENTATION_CONTEXT('2D SPACE',''
  ) );
#2185 = ORIENTED_EDGE('',*,*,#2186,.T.);
#2186 = EDGE_CURVE('',#2159,#2187,#2189,.T.);
#2187 = VERTEX_POINT('',#2188);
#2188 = CARTESIAN_POINT('',(17.66,24.5,16.));
#2189 = SURFACE_CURVE('',#2190,(#2194,#2201),.PCURVE_S1.);
#2190 = LINE('',#2191,#2192);
#2191 = CARTESIAN_POINT('',(17.66,5.25,16.));
#2192 = VECTOR('',#2193,1.);
#2193 = DIRECTION('',(0.,1.,0.));
#2194 = PCURVE('',#1870,#2195);
#2195 = DEFINITIONAL_REPRESENTATION('',(#2196),#2200);
#2196 = LINE('',#2197,#2198);
#2197 = CARTESIAN_POINT('',(17.66,5.25));
#2198 = VECTOR('',#2199,1.);
#2199 = DIRECTION('',(0.,1.));
#2200 = ( GEOMETRIC_REPRESENTATION_CONTEXT(2) 
PARAMETRIC_REPRESENTATION_CONTEXT() REPRESENTATION_CONTEXT('2D SPACE',''
  ) );
#2201 = PCURVE('',#2202,#2207);
#2202 = PLANE('',#2203);
#2203 = AXIS2_PLACEMENT_3D('',#2204,#2205,#2206);
#2204 = CARTESIAN_POINT('',(17.66,10.5,12.9));
#2205 = DIRECTION('',(1.,0.,0.));
#2206 = DIRECTION('',(0.,0.,1.));
#2207 = DEFINITIONAL_REPRESENTATION('',(#2208),#2212);
#2208 = LINE('',#2209,#2210);
#2209 = CARTESIAN_POINT('',(3.1,5.25));
#2210 = VECTOR('',#2211,1.);
#2211 = DIRECTION('',(0.,-1.));
#2212 = ( GEOMETRIC_REPRESENTATION_CONTEXT(2) 
PARAMETRIC_REPRESENTATION_CONTEXT() REPRESENTATION_CONTEXT('2D SPACE',''
  ) );
#2213 = ORIENTED_EDGE('',*,*,#2214,.F.);
#2214 = EDGE_CURVE('',#2215,#2187,#2217,.T.);
#2215 = VERTEX_POINT('',#2216);
#2216 = CARTESIAN_POINT('',(31.66,24.5,16.));
#2217 = SURFACE_CURVE('',#2218,(#2222,#2229),.PCURVE_S1.);
#2218 = LINE('',#2219,#2220);
#2219 = CARTESIAN_POINT('',(8.83,24.5,16.));
#2220 = VECTOR('',#2221,1.);
#2221 = DIRECTION('',(-1.,0.,0.));
#2222 = PCURVE('',#1870,#2223);
#2223 = DEFINITIONAL_REPRESENTATION('',(#2224),#2228);
#2224 = LINE('',#2225,#2226);
#2225 = CARTESIAN_POINT('',(8.83,24.5));
#2226 = VECTOR('',#2227,1.);
#2227 = DIRECTION('',(-1.,0.));
#2228 = ( GEOMETRIC_REPRESENTATION_CONTEXT(2) 
PARAMETRIC_REPRESENTATION_CONTEXT() REPRESENTATION_CONTEXT('2D SPACE',''
  ) );
#2229 = PCURVE('',#2230,#2235);
#2230 = PLANE('',#2231);
#2231 = AXIS2_PLACEMENT_3D('',#2232,#2233,#2234);
#2232 = CARTESIAN_POINT('',(17.66,24.5,12.9));
#2233 = DIRECTION('',(0.,1.,0.));
#2234 = DIRECTION('',(0.,-0.,1.));
#2235 = DEFINITIONAL_REPRESENTATION('',(#2236),#2240);
#2236 = LINE('',#2237,#2238);
#2237 = CARTESIAN_POINT('',(3.1,-8.83));
#2238 = VECTOR('',#2239,1.);
#2239 = DIRECTION('',(0.,-1.));
#2240 = ( GEOMETRIC_REPRESENTATION_CONTEXT(2) 
PARAMETRIC_REPRESENTATION_CONTEXT() REPRESENTATION_CONTEXT('2D SPACE',''
  ) );
#2241 = ORIENTED_EDGE('',*,*,#2242,.F.);
#2242 = EDGE_CURVE('',#2157,#2215,#2243,.T.);
#2243 = SURFACE_CURVE('',#2244,(#2248,#2255),.PCURVE_S1.);
#2244 = LINE('',#2245,#2246);
#2245 = CARTESIAN_POINT('',(31.66,5.25,16.));
#2246 = VECTOR('',#2247,1.);
#2247 = DIRECTION('',(0.,1.,0.));
#2248 = PCURVE('',#1870,#2249);
#2249 = DEFINITIONAL_REPRESENTATION('',(#2250),#2254);
#2250 = LINE('',#2251,#2252);
#2251 = CARTESIAN_POINT('',(31.66,5.25));
#2252 = VECTOR('',#2253,1.);
#2253 = DIRECTION('',(0.,1.));
#2254 = ( GEOMETRIC_REPRESENTATION_CONTEXT(2) 
PARAMETRIC_REPRESENTATION_CONTEXT() REPRESENTATION_CONTEXT('2D SPACE',''
  ) );
#2255 = PCURVE('',#2256,#2261);
#2256 = PLANE('',#2257);
#2257 = AXIS2_PLACEMENT_3D('',#2258,#2259,#2260);
#2258 = CARTESIAN_POINT('',(31.66,10.5,12.9));
#2259 = DIRECTION('',(1.,0.,0.));
#2260 = DIRECTION('',(0.,0.,1.));
#2261 = DEFINITIONAL_REPRESENTATION('',(#2262),#2266);
#2262 = LINE('',#2263,#2264);
#2263 = CARTESIAN_POINT('',(3.1,5.25));
#2264 = VECTOR('',#2265,1.);
#2265 = DIRECTION('',(0.,-1.));
#2266 = ( GEOMETRIC_REPRESENTATION_CONTEXT(2) 
PARAMETRIC_REPRESENTATION_CONTEXT() REPRESENTATION_CONTEXT('2D SPACE',''
  ) );
#2267 = FACE_BOUND('',#2268,.T.);
#2268 = EDGE_LOOP('',(#2269,#2299,#2327,#2355));
#2269 = ORIENTED_EDGE('',*,*,#2270,.T.);
#2270 = EDGE_CURVE('',#2271,#2273,#2275,.T.);
#2271 = VERTEX_POINT('',#2272);
#2272 = CARTESIAN_POINT('',(55.5,10.46,16.));
#2273 = VERTEX_POINT('',#2274);
#2274 = CARTESIAN_POINT('',(41.5,10.46,16.));
#2275 = SURFACE_CURVE('',#2276,(#2280,#2287),.PCURVE_S1.);
#2276 = LINE('',#2277,#2278);
#2277 = CARTESIAN_POINT('',(20.75,10.46,16.));
#2278 = VECTOR('',#2279,1.);
#2279 = DIRECTION('',(-1.,0.,0.));
#2280 = PCURVE('',#1870,#2281);
#2281 = DEFINITIONAL_REPRESENTATION('',(#2282),#2286);
#2282 = LINE('',#2283,#2284);
#2283 = CARTESIAN_POINT('',(20.75,10.46));
#2284 = VECTOR('',#2285,1.);
#2285 = DIRECTION('',(-1.,0.));
#2286 = ( GEOMETRIC_REPRESENTATION_CONTEXT(2) 
PARAMETRIC_REPRESENTATION_CONTEXT() REPRESENTATION_CONTEXT('2D SPACE',''
  ) );
#2287 = PCURVE('',#2288,#2293);
#2288 = PLANE('',#2289);
#2289 = AXIS2_PLACEMENT_3D('',#2290,#2291,#2292);
#2290 = CARTESIAN_POINT('',(41.5,10.46,12.9));
#2291 = DIRECTION('',(0.,1.,0.));
#2292 = DIRECTION('',(0.,-0.,1.));
#2293 = DEFINITIONAL_REPRESENTATION('',(#2294),#2298);
#2294 = LINE('',#2295,#2296);
#2295 = CARTESIAN_POINT('',(3.1,-20.75));
#2296 = VECTOR('',#2297,1.);
#2297 = DIRECTION('',(0.,-1.));
#2298 = ( GEOMETRIC_REPRESENTATION_CONTEXT(2) 
PARAMETRIC_REPRESENTATION_CONTEXT() REPRESENTATION_CONTEXT('2D SPACE',''
  ) );
#2299 = ORIENTED_EDGE('',*,*,#2300,.T.);
#2300 = EDGE_CURVE('',#2273,#2301,#2303,.T.);
#2301 = VERTEX_POINT('',#2302);
#2302 = CARTESIAN_POINT('',(41.5,24.46,16.));
#2303 = SURFACE_CURVE('',#2304,(#2308,#2315),.PCURVE_S1.);
#2304 = LINE('',#2305,#2306);
#2305 = CARTESIAN_POINT('',(41.5,5.23,16.));
#2306 = VECTOR('',#2307,1.);
#2307 = DIRECTION('',(0.,1.,0.));
#2308 = PCURVE('',#1870,#2309);
#2309 = DEFINITIONAL_REPRESENTATION('',(#2310),#2314);
#2310 = LINE('',#2311,#2312);
#2311 = CARTESIAN_POINT('',(41.5,5.23));
#2312 = VECTOR('',#2313,1.);
#2313 = DIRECTION('',(0.,1.));
#2314 = ( GEOMETRIC_REPRESENTATION_CONTEXT(2) 
PARAMETRIC_REPRESENTATION_CONTEXT() REPRESENTATION_CONTEXT('2D SPACE',''
  ) );
#2315 = PCURVE('',#2316,#2321);
#2316 = PLANE('',#2317);
#2317 = AXIS2_PLACEMENT_3D('',#2318,#2319,#2320);
#2318 = CARTESIAN_POINT('',(41.5,10.46,12.9));
#2319 = DIRECTION('',(1.,0.,0.));
#2320 = DIRECTION('',(0.,0.,1.));
#2321 = DEFINITIONAL_REPRESENTATION('',(#2322),#2326);
#2322 = LINE('',#2323,#2324);
#2323 = CARTESIAN_POINT('',(3.1,5.23));
#2324 = VECTOR('',#2325,1.);
#2325 = DIRECTION('',(0.,-1.));
#2326 = ( GEOMETRIC_REPRESENTATION_CONTEXT(2) 
PARAMETRIC_REPRESENTATION_CONTEXT() REPRESENTATION_CONTEXT('2D SPACE',''
  ) );
#2327 = ORIENTED_EDGE('',*,*,#2328,.F.);
#2328 = EDGE_CURVE('',#2329,#2301,#2331,.T.);
#2329 = VERTEX_POINT('',#2330);
#2330 = CARTESIAN_POINT('',(55.5,24.46,16.));
#2331 = SURFACE_CURVE('',#2332,(#2336,#2343),.PCURVE_S1.);
#2332 = LINE('',#2333,#2334);
#2333 = CARTESIAN_POINT('',(20.75,24.46,16.));
#2334 = VECTOR('',#2335,1.);
#2335 = DIRECTION('',(-1.,0.,0.));
#2336 = PCURVE('',#1870,#2337);
#2337 = DEFINITIONAL_REPRESENTATION('',(#2338),#2342);
#2338 = LINE('',#2339,#2340);
#2339 = CARTESIAN_POINT('',(20.75,24.46));
#2340 = VECTOR('',#2341,1.);
#2341 = DIRECTION('',(-1.,0.));
#2342 = ( GEOMETRIC_REPRESENTATION_CONTEXT(2) 
PARAMETRIC_REPRESENTATION_CONTEXT() REPRESENTATION_CONTEXT('2D SPACE',''
  ) );
#2343 = PCURVE('',#2344,#2349);
#2344 = PLANE('',#2345);
#2345 = AXIS2_PLACEMENT_3D('',#2346,#2347,#2348);
#2346 = CARTESIAN_POINT('',(41.5,24.46,12.9));
#2347 = DIRECTION('',(0.,1.,0.));
#2348 = DIRECTION('',(0.,-0.,1.));
#2349 = DEFINITIONAL_REPRESENTATION('',(#2350),#2354);
#2350 = LINE('',#2351,#2352);
#2351 = CARTESIAN_POINT('',(3.1,-20.75));
#2352 = VECTOR('',#2353,1.);
#2353 = DIRECTION('',(0.,-1.));
#2354 = ( GEOMETRIC_REPRESENTATION_CONTEXT(2) 
PARAMETRIC_REPRESENTATION_CONTEXT() REPRESENTATION_CONTEXT('2D SPACE',''
  ) );
#2355 = ORIENTED_EDGE('',*,*,#2356,.F.);
#2356 = EDGE_CURVE('',#2271,#2329,#2357,.T.);
#2357 = SURFACE_CURVE('',#2358,(#2362,#2369),.PCURVE_S1.);
#2358 = LINE('',#2359,#2360);
#2359 = CARTESIAN_POINT('',(55.5,5.23,16.));
#2360 = VECTOR('',#2361,1.);
#2361 = DIRECTION('',(0.,1.,0.));
#2362 = PCURVE('',#1870,#2363);
#2363 = DEFINITIONAL_REPRESENTATION('',(#2364),#2368);
#2364 = LINE('',#2365,#2366);
#2365 = CARTESIAN_POINT('',(55.5,5.23));
#2366 = VECTOR('',#2367,1.);
#2367 = DIRECTION('',(0.,1.));
#2368 = ( GEOMETRIC_REPRESENTATION_CONTEXT(2) 
PARAMETRIC_REPRESENTATION_CONTEXT() REPRESENTATION_CONTEXT('2D SPACE',''
  ) );
#2369 = PCURVE('',#2370,#2375);
#2370 = PLANE('',#2371);
#2371 = AXIS2_PLACEMENT_3D('',#2372,#2373,#2374);
#2372 = CARTESIAN_POINT('',(55.5,10.46,12.9));
#2373 = DIRECTION('',(1.,0.,0.));
#2374 = DIRECTION('',(0.,0.,1.));
#2375 = DEFINITIONAL_REPRESENTATION('',(#2376),#2380);
#2376 = LINE('',#2377,#2378);
#2377 = CARTESIAN_POINT('',(3.1,5.23));
#2378 = VECTOR('',#2379,1.);
#2379 = DIRECTION('',(0.,-1.));
#2380 = ( GEOMETRIC_REPRESENTATION_CONTEXT(2) 
PARAMETRIC_REPRESENTATION_CONTEXT() REPRESENTATION_CONTEXT('2D SPACE',''
  ) );
#2381 = FACE_BOUND('',#2382,.T.);
#2382 = EDGE_LOOP('',(#2383,#2413,#2441,#2469));
#2383 = ORIENTED_EDGE('',*,*,#2384,.T.);
#2384 = EDGE_CURVE('',#2385,#2387,#2389,.T.);
#2385 = VERTEX_POINT('',#2386);
#2386 = CARTESIAN_POINT('',(31.76,30.9,16.));
#2387 = VERTEX_POINT('',#2388);
#2388 = CARTESIAN_POINT('',(17.76,30.9,16.));
#2389 = SURFACE_CURVE('',#2390,(#2394,#2401),.PCURVE_S1.);
#2390 = LINE('',#2391,#2392);
#2391 = CARTESIAN_POINT('',(8.88,30.9,16.));
#2392 = VECTOR('',#2393,1.);
#2393 = DIRECTION('',(-1.,0.,0.));
#2394 = PCURVE('',#1870,#2395);
#2395 = DEFINITIONAL_REPRESENTATION('',(#2396),#2400);
#2396 = LINE('',#2397,#2398);
#2397 = CARTESIAN_POINT('',(8.88,30.9));
#2398 = VECTOR('',#2399,1.);
#2399 = DIRECTION('',(-1.,0.));
#2400 = ( GEOMETRIC_REPRESENTATION_CONTEXT(2) 
PARAMETRIC_REPRESENTATION_CONTEXT() REPRESENTATION_CONTEXT('2D SPACE',''
  ) );
#2401 = PCURVE('',#2402,#2407);
#2402 = PLANE('',#2403);
#2403 = AXIS2_PLACEMENT_3D('',#2404,#2405,#2406);
#2404 = CARTESIAN_POINT('',(17.76,30.9,12.9));
#2405 = DIRECTION('',(0.,1.,0.));
#2406 = DIRECTION('',(0.,-0.,1.));
#2407 = DEFINITIONAL_REPRESENTATION('',(#2408),#2412);
#2408 = LINE('',#2409,#2410);
#2409 = CARTESIAN_POINT('',(3.1,-8.88));
#2410 = VECTOR('',#2411,1.);
#2411 = DIRECTION('',(0.,-1.));
#2412 = ( GEOMETRIC_REPRESENTATION_CONTEXT(2) 
PARAMETRIC_REPRESENTATION_CONTEXT() REPRESENTATION_CONTEXT('2D SPACE',''
  ) );
#2413 = ORIENTED_EDGE('',*,*,#2414,.T.);
#2414 = EDGE_CURVE('',#2387,#2415,#2417,.T.);
#2415 = VERTEX_POINT('',#2416);
#2416 = CARTESIAN_POINT('',(17.76,44.9,16.));
#2417 = SURFACE_CURVE('',#2418,(#2422,#2429),.PCURVE_S1.);
#2418 = LINE('',#2419,#2420);
#2419 = CARTESIAN_POINT('',(17.76,15.45,16.));
#2420 = VECTOR('',#2421,1.);
#2421 = DIRECTION('',(0.,1.,0.));
#2422 = PCURVE('',#1870,#2423);
#2423 = DEFINITIONAL_REPRESENTATION('',(#2424),#2428);
#2424 = LINE('',#2425,#2426);
#2425 = CARTESIAN_POINT('',(17.76,15.45));
#2426 = VECTOR('',#2427,1.);
#2427 = DIRECTION('',(0.,1.));
#2428 = ( GEOMETRIC_REPRESENTATION_CONTEXT(2) 
PARAMETRIC_REPRESENTATION_CONTEXT() REPRESENTATION_CONTEXT('2D SPACE',''
  ) );
#2429 = PCURVE('',#2430,#2435);
#2430 = PLANE('',#2431);
#2431 = AXIS2_PLACEMENT_3D('',#2432,#2433,#2434);
#2432 = CARTESIAN_POINT('',(17.76,30.9,12.9));
#2433 = DIRECTION('',(1.,0.,0.));
#2434 = DIRECTION('',(0.,0.,1.));
#2435 = DEFINITIONAL_REPRESENTATION('',(#2436),#2440);
#2436 = LINE('',#2437,#2438);
#2437 = CARTESIAN_POINT('',(3.1,15.45));
#2438 = VECTOR('',#2439,1.);
#2439 = DIRECTION('',(0.,-1.));
#2440 = ( GEOMETRIC_REPRESENTATION_CONTEXT(2) 
PARAMETRIC_REPRESENTATION_CONTEXT() REPRESENTATION_CONTEXT('2D SPACE',''
  ) );
#2441 = ORIENTED_EDGE('',*,*,#2442,.F.);
#2442 = EDGE_CURVE('',#2443,#2415,#2445,.T.);
#2443 = VERTEX_POINT('',#2444);
#2444 = CARTESIAN_POINT('',(31.76,44.9,16.));
#2445 = SURFACE_CURVE('',#2446,(#2450,#2457),.PCURVE_S1.);
#2446 = LINE('',#2447,#2448);
#2447 = CARTESIAN_POINT('',(8.88,44.9,16.));
#2448 = VECTOR('',#2449,1.);
#2449 = DIRECTION('',(-1.,0.,0.));
#2450 = PCURVE('',#1870,#2451);
#2451 = DEFINITIONAL_REPRESENTATION('',(#2452),#2456);
#2452 = LINE('',#2453,#2454);
#2453 = CARTESIAN_POINT('',(8.88,44.9));
#2454 = VECTOR('',#2455,1.);
#2455 = DIRECTION('',(-1.,0.));
#2456 = ( GEOMETRIC_REPRESENTATION_CONTEXT(2) 
PARAMETRIC_REPRESENTATION_CONTEXT() REPRESENTATION_CONTEXT('2D SPACE',''
  ) );
#2457 = PCURVE('',#2458,#2463);
#2458 = PLANE('',#2459);
#2459 = AXIS2_PLACEMENT_3D('',#2460,#2461,#2462);
#2460 = CARTESIAN_POINT('',(17.76,44.9,12.9));
#2461 = DIRECTION('',(0.,1.,0.));
#2462 = DIRECTION('',(0.,-0.,1.));
#2463 = DEFINITIONAL_REPRESENTATION('',(#2464),#2468);
#2464 = LINE('',#2465,#2466);
#2465 = CARTESIAN_POINT('',(3.1,-8.88));
#2466 = VECTOR('',#2467,1.);
#2467 = DIRECTION('',(0.,-1.));
#2468 = ( GEOMETRIC_REPRESENTATION_CONTEXT(2) 
PARAMETRIC_REPRESENTATION_CONTEXT() REPRESENTATION_CONTEXT('2D SPACE',''
  ) );
#2469 = ORIENTED_EDGE('',*,*,#2470,.F.);
#2470 = EDGE_CURVE('',#2385,#2443,#2471,.T.);
#2471 = SURFACE_CURVE('',#2472,(#2476,#2483),.PCURVE_S1.);
#2472 = LINE('',#2473,#2474);
#2473 = CARTESIAN_POINT('',(31.76,15.45,16.));
#2474 = VECTOR('',#2475,1.);
#2475 = DIRECTION('',(0.,1.,0.));
#2476 = PCURVE('',#1870,#2477);
#2477 = DEFINITIONAL_REPRESENTATION('',(#2478),#2482);
#2478 = LINE('',#2479,#2480);
#2479 = CARTESIAN_POINT('',(31.76,15.45));
#2480 = VECTOR('',#2481,1.);
#2481 = DIRECTION('',(0.,1.));
#2482 = ( GEOMETRIC_REPRESENTATION_CONTEXT(2) 
PARAMETRIC_REPRESENTATION_CONTEXT() REPRESENTATION_CONTEXT('2D SPACE',''
  ) );
#2483 = PCURVE('',#2484,#2489);
#2484 = PLANE('',#2485);
#2485 = AXIS2_PLACEMENT_3D('',#2486,#2487,#2488);
#2486 = CARTESIAN_POINT('',(31.76,30.9,12.9));
#2487 = DIRECTION('',(1.,0.,0.));
#2488 = DIRECTION('',(0.,0.,1.));
#2489 = DEFINITIONAL_REPRESENTATION('',(#2490),#2494);
#2490 = LINE('',#2491,#2492);
#2491 = CARTESIAN_POINT('',(3.1,15.45));
#2492 = VECTOR('',#2493,1.);
#2493 = DIRECTION('',(0.,-1.));
#2494 = ( GEOMETRIC_REPRESENTATION_CONTEXT(2) 
PARAMETRIC_REPRESENTATION_CONTEXT() REPRESENTATION_CONTEXT('2D SPACE',''
  ) );
#2495 = FACE_BOUND('',#2496,.T.);
#2496 = EDGE_LOOP('',(#2497,#2527,#2555,#2583));
#2497 = ORIENTED_EDGE('',*,*,#2498,.T.);
#2498 = EDGE_CURVE('',#2499,#2501,#2503,.T.);
#2499 = VERTEX_POINT('',#2500);
#2500 = CARTESIAN_POINT('',(55.39,30.7,16.));
#2501 = VERTEX_POINT('',#2502);
#2502 = CARTESIAN_POINT('',(41.39,30.7,16.));
#2503 = SURFACE_CURVE('',#2504,(#2508,#2515),.PCURVE_S1.);
#2504 = LINE('',#2505,#2506);
#2505 = CARTESIAN_POINT('',(20.695,30.7,16.));
#2506 = VECTOR('',#2507,1.);
#2507 = DIRECTION('',(-1.,0.,0.));
#2508 = PCURVE('',#1870,#2509);
#2509 = DEFINITIONAL_REPRESENTATION('',(#2510),#2514);
#2510 = LINE('',#2511,#2512);
#2511 = CARTESIAN_POINT('',(20.695,30.7));
#2512 = VECTOR('',#2513,1.);
#2513 = DIRECTION('',(-1.,0.));
#2514 = ( GEOMETRIC_REPRESENTATION_CONTEXT(2) 
PARAMETRIC_REPRESENTATION_CONTEXT() REPRESENTATION_CONTEXT('2D SPACE',''
  ) );
#2515 = PCURVE('',#2516,#2521);
#2516 = PLANE('',#2517);
#2517 = AXIS2_PLACEMENT_3D('',#2518,#2519,#2520);
#2518 = CARTESIAN_POINT('',(41.39,30.7,12.9));
#2519 = DIRECTION('',(0.,1.,0.));
#2520 = DIRECTION('',(0.,-0.,1.));
#2521 = DEFINITIONAL_REPRESENTATION('',(#2522),#2526);
#2522 = LINE('',#2523,#2524);
#2523 = CARTESIAN_POINT('',(3.1,-20.695));
#2524 = VECTOR('',#2525,1.);
#2525 = DIRECTION('',(0.,-1.));
#2526 = ( GEOMETRIC_REPRESENTATION_CONTEXT(2) 
PARAMETRIC_REPRESENTATION_CONTEXT() REPRESENTATION_CONTEXT('2D SPACE',''
  ) );
#2527 = ORIENTED_EDGE('',*,*,#2528,.T.);
#2528 = EDGE_CURVE('',#2501,#2529,#2531,.T.);
#2529 = VERTEX_POINT('',#2530);
#2530 = CARTESIAN_POINT('',(41.39,44.7,16.));
#2531 = SURFACE_CURVE('',#2532,(#2536,#2543),.PCURVE_S1.);
#2532 = LINE('',#2533,#2534);
#2533 = CARTESIAN_POINT('',(41.39,15.35,16.));
#2534 = VECTOR('',#2535,1.);
#2535 = DIRECTION('',(0.,1.,0.));
#2536 = PCURVE('',#1870,#2537);
#2537 = DEFINITIONAL_REPRESENTATION('',(#2538),#2542);
#2538 = LINE('',#2539,#2540);
#2539 = CARTESIAN_POINT('',(41.39,15.35));
#2540 = VECTOR('',#2541,1.);
#2541 = DIRECTION('',(0.,1.));
#2542 = ( GEOMETRIC_REPRESENTATION_CONTEXT(2) 
PARAMETRIC_REPRESENTATION_CONTEXT() REPRESENTATION_CONTEXT('2D SPACE',''
  ) );
#2543 = PCURVE('',#2544,#2549);
#2544 = PLANE('',#2545);
#2545 = AXIS2_PLACEMENT_3D('',#2546,#2547,#2548);
#2546 = CARTESIAN_POINT('',(41.39,30.7,12.9));
#2547 = DIRECTION('',(1.,0.,0.));
#2548 = DIRECTION('',(0.,0.,1.));
#2549 = DEFINITIONAL_REPRESENTATION('',(#2550),#2554);
#2550 = LINE('',#2551,#2552);
#2551 = CARTESIAN_POINT('',(3.1,15.35));
#2552 = VECTOR('',#2553,1.);
#2553 = DIRECTION('',(0.,-1.));
#2554 = ( GEOMETRIC_REPRESENTATION_CONTEXT(2) 
PARAMETRIC_REPRESENTATION_CONTEXT() REPRESENTATION_CONTEXT('2D SPACE',''
  ) );
#2555 = ORIENTED_EDGE('',*,*,#2556,.F.);
#2556 = EDGE_CURVE('',#2557,#2529,#2559,.T.);
#2557 = VERTEX_POINT('',#2558);
#2558 = CARTESIAN_POINT('',(55.39,44.7,16.));
#2559 = SURFACE_CURVE('',#2560,(#2564,#2571),.PCURVE_S1.);
#2560 = LINE('',#2561,#2562);
#2561 = CARTESIAN_POINT('',(20.695,44.7,16.));
#2562 = VECTOR('',#2563,1.);
#2563 = DIRECTION('',(-1.,0.,0.));
#2564 = PCURVE('',#1870,#2565);
#2565 = DEFINITIONAL_REPRESENTATION('',(#2566),#2570);
#2566 = LINE('',#2567,#2568);
#2567 = CARTESIAN_POINT('',(20.695,44.7));
#2568 = VECTOR('',#2569,1.);
#2569 = DIRECTION('',(-1.,0.));
#2570 = ( GEOMETRIC_REPRESENTATION_CONTEXT(2) 
PARAMETRIC_REPRESENTATION_CONTEXT() REPRESENTATION_CONTEXT('2D SPACE',''
  ) );
#2571 = PCURVE('',#2572,#2577);
#2572 = PLANE('',#2573);
#2573 = AXIS2_PLACEMENT_3D('',#2574,#2575,#2576);
#2574 = CARTESIAN_POINT('',(41.39,44.7,12.9));
#2575 = DIRECTION('',(0.,1.,0.));
#2576 = DIRECTION('',(0.,-0.,1.));
#2577 = DEFINITIONAL_REPRESENTATION('',(#2578),#2582);
#2578 = LINE('',#2579,#2580);
#2579 = CARTESIAN_POINT('',(3.1,-20.695));
#2580 = VECTOR('',#2581,1.);
#2581 = DIRECTION('',(0.,-1.));
#2582 = ( GEOMETRIC_REPRESENTATION_CONTEXT(2) 
PARAMETRIC_REPRESENTATION_CONTEXT() REPRESENTATION_CONTEXT('2D SPACE',''
  ) );
#2583 = ORIENTED_EDGE('',*,*,#2584,.F.);
#2584 = EDGE_CURVE('',#2499,#2557,#2585,.T.);
#2585 = SURFACE_CURVE('',#2586,(#2590,#2597),.PCURVE_S1.);
#2586 = LINE('',#2587,#2588);
#2587 = CARTESIAN_POINT('',(55.39,15.35,16.));
#2588 = VECTOR('',#2589,1.);
#2589 = DIRECTION('',(0.,1.,0.));
#2590 = PCURVE('',#1870,#2591);
#2591 = DEFINITIONAL_REPRESENTATION('',(#2592),#2596);
#2592 = LINE('',#2593,#2594);
#2593 = CARTESIAN_POINT('',(55.39,15.35));
#2594 = VECTOR('',#2595,1.);
#2595 = DIRECTION('',(0.,1.));
#2596 = ( GEOMETRIC_REPRESENTATION_CONTEXT(2) 
PARAMETRIC_REPRESENTATION_CONTEXT() REPRESENTATION_CONTEXT('2D SPACE',''
  ) );
#2597 = PCURVE('',#2598,#2603);
#2598 = PLANE('',#2599);
#2599 = AXIS2_PLACEMENT_3D('',#2600,#2601,#2602);
#2600 = CARTESIAN_POINT('',(55.39,30.7,12.9));
#2601 = DIRECTION('',(1.,0.,0.));
#2602 = DIRECTION('',(0.,0.,1.));
#2603 = DEFINITIONAL_REPRESENTATION('',(#2604),#2608);
#2604 = LINE('',#2605,#2606);
#2605 = CARTESIAN_POINT('',(3.1,15.35));
#2606 = VECTOR('',#2607,1.);
#2607 = DIRECTION('',(0.,-1.));
#2608 = ( GEOMETRIC_REPRESENTATION_CONTEXT(2) 
PARAMETRIC_REPRESENTATION_CONTEXT() REPRESENTATION_CONTEXT('2D SPACE',''
  ) );
#2609 = FACE_BOUND('',#2610,.T.);
#2610 = EDGE_LOOP('',(#2611,#2641,#2669,#2697));
#2611 = ORIENTED_EDGE('',*,*,#2612,.T.);
#2612 = EDGE_CURVE('',#2613,#2615,#2617,.T.);
#2613 = VERTEX_POINT('',#2614);
#2614 = CARTESIAN_POINT('',(79.63,10.56,16.));
#2615 = VERTEX_POINT('',#2616);
#2616 = CARTESIAN_POINT('',(65.63,10.56,16.));
#2617 = SURFACE_CURVE('',#2618,(#2622,#2629),.PCURVE_S1.);
#2618 = LINE('',#2619,#2620);
#2619 = CARTESIAN_POINT('',(32.815,10.56,16.));
#2620 = VECTOR('',#2621,1.);
#2621 = DIRECTION('',(-1.,0.,0.));
#2622 = PCURVE('',#1870,#2623);
#2623 = DEFINITIONAL_REPRESENTATION('',(#2624),#2628);
#2624 = LINE('',#2625,#2626);
#2625 = CARTESIAN_POINT('',(32.815,10.56));
#2626 = VECTOR('',#2627,1.);
#2627 = DIRECTION('',(-1.,0.));
#2628 = ( GEOMETRIC_REPRESENTATION_CONTEXT(2) 
PARAMETRIC_REPRESENTATION_CONTEXT() REPRESENTATION_CONTEXT('2D SPACE',''
  ) );
#2629 = PCURVE('',#2630,#2635);
#2630 = PLANE('',#2631);
#2631 = AXIS2_PLACEMENT_3D('',#2632,#2633,#2634);
#2632 = CARTESIAN_POINT('',(65.63,10.56,12.9));
#2633 = DIRECTION('',(0.,1.,0.));
#2634 = DIRECTION('',(0.,-0.,1.));
#2635 = DEFINITIONAL_REPRESENTATION('',(#2636),#2640);
#2636 = LINE('',#2637,#2638);
#2637 = CARTESIAN_POINT('',(3.1,-32.815));
#2638 = VECTOR('',#2639,1.);
#2639 = DIRECTION('',(0.,-1.));
#2640 = ( GEOMETRIC_REPRESENTATION_CONTEXT(2) 
PARAMETRIC_REPRESENTATION_CONTEXT() REPRESENTATION_CONTEXT('2D SPACE',''
  ) );
#2641 = ORIENTED_EDGE('',*,*,#2642,.T.);
#2642 = EDGE_CURVE('',#2615,#2643,#2645,.T.);
#2643 = VERTEX_POINT('',#2644);
#2644 = CARTESIAN_POINT('',(65.63,24.56,16.));
#2645 = SURFACE_CURVE('',#2646,(#2650,#2657),.PCURVE_S1.);
#2646 = LINE('',#2647,#2648);
#2647 = CARTESIAN_POINT('',(65.63,5.28,16.));
#2648 = VECTOR('',#2649,1.);
#2649 = DIRECTION('',(0.,1.,0.));
#2650 = PCURVE('',#1870,#2651);
#2651 = DEFINITIONAL_REPRESENTATION('',(#2652),#2656);
#2652 = LINE('',#2653,#2654);
#2653 = CARTESIAN_POINT('',(65.63,5.28));
#2654 = VECTOR('',#2655,1.);
#2655 = DIRECTION('',(0.,1.));
#2656 = ( GEOMETRIC_REPRESENTATION_CONTEXT(2) 
PARAMETRIC_REPRESENTATION_CONTEXT() REPRESENTATION_CONTEXT('2D SPACE',''
  ) );
#2657 = PCURVE('',#2658,#2663);
#2658 = PLANE('',#2659);
#2659 = AXIS2_PLACEMENT_3D('',#2660,#2661,#2662);
#2660 = CARTESIAN_POINT('',(65.63,10.56,12.9));
#2661 = DIRECTION('',(1.,0.,0.));
#2662 = DIRECTION('',(0.,0.,1.));
#2663 = DEFINITIONAL_REPRESENTATION('',(#2664),#2668);
#2664 = LINE('',#2665,#2666);
#2665 = CARTESIAN_POINT('',(3.1,5.28));
#2666 = VECTOR('',#2667,1.);
#2667 = DIRECTION('',(0.,-1.));
#2668 = ( GEOMETRIC_REPRESENTATION_CONTEXT(2) 
PARAMETRIC_REPRESENTATION_CONTEXT() REPRESENTATION_CONTEXT('2D SPACE',''
  ) );
#2669 = ORIENTED_EDGE('',*,*,#2670,.F.);
#2670 = EDGE_CURVE('',#2671,#2643,#2673,.T.);
#2671 = VERTEX_POINT('',#2672);
#2672 = CARTESIAN_POINT('',(79.63,24.56,16.));
#2673 = SURFACE_CURVE('',#2674,(#2678,#2685),.PCURVE_S1.);
#2674 = LINE('',#2675,#2676);
#2675 = CARTESIAN_POINT('',(32.815,24.56,16.));
#2676 = VECTOR('',#2677,1.);
#2677 = DIRECTION('',(-1.,0.,0.));
#2678 = PCURVE('',#1870,#2679);
#2679 = DEFINITIONAL_REPRESENTATION('',(#2680),#2684);
#2680 = LINE('',#2681,#2682);
#2681 = CARTESIAN_POINT('',(32.815,24.56));
#2682 = VECTOR('',#2683,1.);
#2683 = DIRECTION('',(-1.,0.));
#2684 = ( GEOMETRIC_REPRESENTATION_CONTEXT(2) 
PARAMETRIC_REPRESENTATION_CONTEXT() REPRESENTATION_CONTEXT('2D SPACE',''
  ) );
#2685 = PCURVE('',#2686,#2691);
#2686 = PLANE('',#2687);
#2687 = AXIS2_PLACEMENT_3D('',#2688,#2689,#2690);
#2688 = CARTESIAN_POINT('',(65.63,24.56,12.9));
#2689 = DIRECTION('',(0.,1.,0.));
#2690 = DIRECTION('',(0.,-0.,1.));
#2691 = DEFINITIONAL_REPRESENTATION('',(#2692),#2696);
#2692 = LINE('',#2693,#2694);
#2693 = CARTESIAN_POINT('',(3.1,-32.815));
#2694 = VECTOR('',#2695,1.);
#2695 = DIRECTION('',(0.,-1.));
#2696 = ( GEOMETRIC_REPRESENTATION_CONTEXT(2) 
PARAMETRIC_REPRESENTATION_CONTEXT() REPRESENTATION_CONTEXT('2D SPACE',''
  ) );
#2697 = ORIENTED_EDGE('',*,*,#2698,.F.);
#2698 = EDGE_CURVE('',#2613,#2671,#2699,.T.);
#2699 = SURFACE_CURVE('',#2700,(#2704,#2711),.PCURVE_S1.);
#2700 = LINE('',#2701,#2702);
#2701 = CARTESIAN_POINT('',(79.63,5.28,16.));
#2702 = VECTOR('',#2703,1.);
#2703 = DIRECTION('',(0.,1.,0.));
#2704 = PCURVE('',#1870,#2705);
#2705 = DEFINITIONAL_REPRESENTATION('',(#2706),#2710);
#2706 = LINE('',#2707,#2708);
#2707 = CARTESIAN_POINT('',(79.63,5.28));
#2708 = VECTOR('',#2709,1.);
#2709 = DIRECTION('',(0.,1.));
#2710 = ( GEOMETRIC_REPRESENTATION_CONTEXT(2) 
PARAMETRIC_REPRESENTATION_CONTEXT() REPRESENTATION_CONTEXT('2D SPACE',''
  ) );
#2711 = PCURVE('',#2712,#2717);
#2712 = PLANE('',#2713);
#2713 = AXIS2_PLACEMENT_3D('',#2714,#2715,#2716);
#2714 = CARTESIAN_POINT('',(79.63,10.56,12.9));
#2715 = DIRECTION('',(1.,0.,0.));
#2716 = DIRECTION('',(0.,0.,1.));
#2717 = DEFINITIONAL_REPRESENTATION('',(#2718),#2722);
#2718 = LINE('',#2719,#2720);
#2719 = CARTESIAN_POINT('',(3.1,5.28));
#2720 = VECTOR('',#2721,1.);
#2721 = DIRECTION('',(0.,-1.));
#2722 = ( GEOMETRIC_REPRESENTATION_CONTEXT(2) 
PARAMETRIC_REPRESENTATION_CONTEXT() REPRESENTATION_CONTEXT('2D SPACE',''
  ) );
#2723 = FACE_BOUND('',#2724,.T.);
#2724 = EDGE_LOOP('',(#2725));
#2725 = ORIENTED_EDGE('',*,*,#2726,.T.);
#2726 = EDGE_CURVE('',#2727,#2727,#2729,.T.);
#2727 = VERTEX_POINT('',#2728);
#2728 = CARTESIAN_POINT('',(116.56,5.,16.));
#2729 = SURFACE_CURVE('',#2730,(#2735,#2746),.PCURVE_S1.);
#2730 = CIRCLE('',#2731,1.7);
#2731 = AXIS2_PLACEMENT_3D('',#2732,#2733,#2734);
#2732 = CARTESIAN_POINT('',(114.86,5.,16.));
#2733 = DIRECTION('',(0.,0.,-1.));
#2734 = DIRECTION('',(1.,0.,0.));
#2735 = PCURVE('',#1870,#2736);
#2736 = DEFINITIONAL_REPRESENTATION('',(#2737),#2745);
#2737 = ( BOUNDED_CURVE() B_SPLINE_CURVE(2,(#2738,#2739,#2740,#2741,
#2742,#2743,#2744),.UNSPECIFIED.,.T.,.F.) B_SPLINE_CURVE_WITH_KNOTS((1,2
    ,2,2,2,1),(-2.094395102393,0.,2.094395102393,4.188790204786,
6.28318530718,8.377580409573),.UNSPECIFIED.) CURVE() 
GEOMETRIC_REPRESENTATION_ITEM() RATIONAL_B_SPLINE_CURVE((1.,0.5,1.,0.5,
1.,0.5,1.)) REPRESENTATION_ITEM('') );
#2738 = CARTESIAN_POINT('',(116.56,5.));
#2739 = CARTESIAN_POINT('',(116.56,2.055513627133));
#2740 = CARTESIAN_POINT('',(114.01,3.527756813566));
#2741 = CARTESIAN_POINT('',(111.46,5.));
#2742 = CARTESIAN_POINT('',(114.01,6.472243186434));
#2743 = CARTESIAN_POINT('',(116.56,7.944486372867));
#2744 = CARTESIAN_POINT('',(116.56,5.));
#2745 = ( GEOMETRIC_REPRESENTATION_CONTEXT(2) 
PARAMETRIC_REPRESENTATION_CONTEXT() REPRESENTATION_CONTEXT('2D SPACE',''
  ) );
#2746 = PCURVE('',#2747,#2752);
#2747 = CYLINDRICAL_SURFACE('',#2748,1.7);
#2748 = AXIS2_PLACEMENT_3D('',#2749,#2750,#2751);
#2749 = CARTESIAN_POINT('',(114.86,5.,12.9));
#2750 = DIRECTION('',(-0.,-0.,-1.));
#2751 = DIRECTION('',(1.,0.,0.));
#2752 = DEFINITIONAL_REPRESENTATION('',(#2753),#2757);
#2753 = LINE('',#2754,#2755);
#2754 = CARTESIAN_POINT('',(-4.138911435803E-13,-3.1));
#2755 = VECTOR('',#2756,1.);
#2756 = DIRECTION('',(1.,-0.));
#2757 = ( GEOMETRIC_REPRESENTATION_CONTEXT(2) 
PARAMETRIC_REPRESENTATION_CONTEXT() REPRESENTATION_CONTEXT('2D SPACE',''
  ) );
#2758 = FACE_BOUND('',#2759,.T.);
#2759 = EDGE_LOOP('',(#2760));
#2760 = ORIENTED_EDGE('',*,*,#2761,.T.);
#2761 = EDGE_CURVE('',#2762,#2762,#2764,.T.);
#2762 = VERTEX_POINT('',#2763);
#2763 = CARTESIAN_POINT('',(67.54,39.64,16.));
#2764 = SURFACE_CURVE('',#2765,(#2770,#2781),.PCURVE_S1.);
#2765 = CIRCLE('',#2766,5.);
#2766 = AXIS2_PLACEMENT_3D('',#2767,#2768,#2769);
#2767 = CARTESIAN_POINT('',(62.54,39.64,16.));
#2768 = DIRECTION('',(0.,0.,-1.));
#2769 = DIRECTION('',(1.,0.,0.));
#2770 = PCURVE('',#1870,#2771);
#2771 = DEFINITIONAL_REPRESENTATION('',(#2772),#2780);
#2772 = ( BOUNDED_CURVE() B_SPLINE_CURVE(2,(#2773,#2774,#2775,#2776,
#2777,#2778,#2779),.UNSPECIFIED.,.T.,.F.) B_SPLINE_CURVE_WITH_KNOTS((1,2
    ,2,2,2,1),(-2.094395102393,0.,2.094395102393,4.188790204786,
6.28318530718,8.377580409573),.UNSPECIFIED.) CURVE() 
GEOMETRIC_REPRESENTATION_ITEM() RATIONAL_B_SPLINE_CURVE((1.,0.5,1.,0.5,
1.,0.5,1.)) REPRESENTATION_ITEM('') );
#2773 = CARTESIAN_POINT('',(67.54,39.64));
#2774 = CARTESIAN_POINT('',(67.54,30.979745962156));
#2775 = CARTESIAN_POINT('',(60.04,35.309872981078));
#2776 = CARTESIAN_POINT('',(52.54,39.64));
#2777 = CARTESIAN_POINT('',(60.04,43.970127018922));
#2778 = CARTESIAN_POINT('',(67.54,48.300254037844));
#2779 = CARTESIAN_POINT('',(67.54,39.64));
#2780 = ( GEOMETRIC_REPRESENTATION_CONTEXT(2) 
PARAMETRIC_REPRESENTATION_CONTEXT() REPRESENTATION_CONTEXT('2D SPACE',''
  ) );
#2781 = PCURVE('',#2782,#2787);
#2782 = CYLINDRICAL_SURFACE('',#2783,5.);
#2783 = AXIS2_PLACEMENT_3D('',#2784,#2785,#2786);
#2784 = CARTESIAN_POINT('',(62.54,39.64,12.9));
#2785 = DIRECTION('',(-0.,-0.,-1.));
#2786 = DIRECTION('',(1.,0.,0.));
#2787 = DEFINITIONAL_REPRESENTATION('',(#2788),#2792);
#2788 = LINE('',#2789,#2790);
#2789 = CARTESIAN_POINT('',(-4.138911435803E-13,-3.1));
#2790 = VECTOR('',#2791,1.);
#2791 = DIRECTION('',(1.,-0.));
#2792 = ( GEOMETRIC_REPRESENTATION_CONTEXT(2) 
PARAMETRIC_REPRESENTATION_CONTEXT() REPRESENTATION_CONTEXT('2D SPACE',''
  ) );
#2793 = FACE_BOUND('',#2794,.T.);
#2794 = EDGE_LOOP('',(#2795,#2825,#2853,#2881));
#2795 = ORIENTED_EDGE('',*,*,#2796,.T.);
#2796 = EDGE_CURVE('',#2797,#2799,#2801,.T.);
#2797 = VERTEX_POINT('',#2798);
#2798 = CARTESIAN_POINT('',(96.288,20.082,16.));
#2799 = VERTEX_POINT('',#2800);
#2800 = CARTESIAN_POINT('',(89.288,20.082,16.));
#2801 = SURFACE_CURVE('',#2802,(#2806,#2813),.PCURVE_S1.);
#2802 = LINE('',#2803,#2804);
#2803 = CARTESIAN_POINT('',(44.644,20.082,16.));
#2804 = VECTOR('',#2805,1.);
#2805 = DIRECTION('',(-1.,0.,0.));
#2806 = PCURVE('',#1870,#2807);
#2807 = DEFINITIONAL_REPRESENTATION('',(#2808),#2812);
#2808 = LINE('',#2809,#2810);
#2809 = CARTESIAN_POINT('',(44.644,20.082));
#2810 = VECTOR('',#2811,1.);
#2811 = DIRECTION('',(-1.,0.));
#2812 = ( GEOMETRIC_REPRESENTATION_CONTEXT(2) 
PARAMETRIC_REPRESENTATION_CONTEXT() REPRESENTATION_CONTEXT('2D SPACE',''
  ) );
#2813 = PCURVE('',#2814,#2819);
#2814 = PLANE('',#2815);
#2815 = AXIS2_PLACEMENT_3D('',#2816,#2817,#2818);
#2816 = CARTESIAN_POINT('',(89.288,20.082,12.9));
#2817 = DIRECTION('',(0.,1.,0.));
#2818 = DIRECTION('',(0.,-0.,1.));
#2819 = DEFINITIONAL_REPRESENTATION('',(#2820),#2824);
#2820 = LINE('',#2821,#2822);
#2821 = CARTESIAN_POINT('',(3.1,-44.644));
#2822 = VECTOR('',#2823,1.);
#2823 = DIRECTION('',(0.,-1.));
#2824 = ( GEOMETRIC_REPRESENTATION_CONTEXT(2) 
PARAMETRIC_REPRESENTATION_CONTEXT() REPRESENTATION_CONTEXT('2D SPACE',''
  ) );
#2825 = ORIENTED_EDGE('',*,*,#2826,.T.);
#2826 = EDGE_CURVE('',#2799,#2827,#2829,.T.);
#2827 = VERTEX_POINT('',#2828);
#2828 = CARTESIAN_POINT('',(89.288,44.582,16.));
#2829 = SURFACE_CURVE('',#2830,(#2834,#2841),.PCURVE_S1.);
#2830 = LINE('',#2831,#2832);
#2831 = CARTESIAN_POINT('',(89.288,10.041,16.));
#2832 = VECTOR('',#2833,1.);
#2833 = DIRECTION('',(0.,1.,0.));
#2834 = PCURVE('',#1870,#2835);
#2835 = DEFINITIONAL_REPRESENTATION('',(#2836),#2840);
#2836 = LINE('',#2837,#2838);
#2837 = CARTESIAN_POINT('',(89.288,10.041));
#2838 = VECTOR('',#2839,1.);
#2839 = DIRECTION('',(0.,1.));
#2840 = ( GEOMETRIC_REPRESENTATION_CONTEXT(2) 
PARAMETRIC_REPRESENTATION_CONTEXT() REPRESENTATION_CONTEXT('2D SPACE',''
  ) );
#2841 = PCURVE('',#2842,#2847);
#2842 = PLANE('',#2843);
#2843 = AXIS2_PLACEMENT_3D('',#2844,#2845,#2846);
#2844 = CARTESIAN_POINT('',(89.288,20.082,12.9));
#2845 = DIRECTION('',(1.,0.,0.));
#2846 = DIRECTION('',(0.,0.,1.));
#2847 = DEFINITIONAL_REPRESENTATION('',(#2848),#2852);
#2848 = LINE('',#2849,#2850);
#2849 = CARTESIAN_POINT('',(3.1,10.041));
#2850 = VECTOR('',#2851,1.);
#2851 = DIRECTION('',(0.,-1.));
#2852 = ( GEOMETRIC_REPRESENTATION_CONTEXT(2) 
PARAMETRIC_REPRESENTATION_CONTEXT() REPRESENTATION_CONTEXT('2D SPACE',''
  ) );
#2853 = ORIENTED_EDGE('',*,*,#2854,.F.);
#2854 = EDGE_CURVE('',#2855,#2827,#2857,.T.);
#2855 = VERTEX_POINT('',#2856);
#2856 = CARTESIAN_POINT('',(96.288,44.582,16.));
#2857 = SURFACE_CURVE('',#2858,(#2862,#2869),.PCURVE_S1.);
#2858 = LINE('',#2859,#2860);
#2859 = CARTESIAN_POINT('',(44.644,44.582,16.));
#2860 = VECTOR('',#2861,1.);
#2861 = DIRECTION('',(-1.,0.,0.));
#2862 = PCURVE('',#1870,#2863);
#2863 = DEFINITIONAL_REPRESENTATION('',(#2864),#2868);
#2864 = LINE('',#2865,#2866);
#2865 = CARTESIAN_POINT('',(44.644,44.582));
#2866 = VECTOR('',#2867,1.);
#2867 = DIRECTION('',(-1.,0.));
#2868 = ( GEOMETRIC_REPRESENTATION_CONTEXT(2) 
PARAMETRIC_REPRESENTATION_CONTEXT() REPRESENTATION_CONTEXT('2D SPACE',''
  ) );
#2869 = PCURVE('',#2870,#2875);
#2870 = PLANE('',#2871);
#2871 = AXIS2_PLACEMENT_3D('',#2872,#2873,#2874);
#2872 = CARTESIAN_POINT('',(89.288,44.582,12.9));
#2873 = DIRECTION('',(0.,1.,0.));
#2874 = DIRECTION('',(0.,-0.,1.));
#2875 = DEFINITIONAL_REPRESENTATION('',(#2876),#2880);
#2876 = LINE('',#2877,#2878);
#2877 = CARTESIAN_POINT('',(3.1,-44.644));
#2878 = VECTOR('',#2879,1.);
#2879 = DIRECTION('',(0.,-1.));
#2880 = ( GEOMETRIC_REPRESENTATION_CONTEXT(2) 
PARAMETRIC_REPRESENTATION_CONTEXT() REPRESENTATION_CONTEXT('2D SPACE',''
  ) );
#2881 = ORIENTED_EDGE('',*,*,#2882,.F.);
#2882 = EDGE_CURVE('',#2797,#2855,#2883,.T.);
#2883 = SURFACE_CURVE('',#2884,(#2888,#2895),.PCURVE_S1.);
#2884 = LINE('',#2885,#2886);
#2885 = CARTESIAN_POINT('',(96.288,10.041,16.));
#2886 = VECTOR('',#2887,1.);
#2887 = DIRECTION('',(0.,1.,0.));
#2888 = PCURVE('',#1870,#2889);
#2889 = DEFINITIONAL_REPRESENTATION('',(#2890),#2894);
#2890 = LINE('',#2891,#2892);
#2891 = CARTESIAN_POINT('',(96.288,10.041));
#2892 = VECTOR('',#2893,1.);
#2893 = DIRECTION('',(0.,1.));
#2894 = ( GEOMETRIC_REPRESENTATION_CONTEXT(2) 
PARAMETRIC_REPRESENTATION_CONTEXT() REPRESENTATION_CONTEXT('2D SPACE',''
  ) );
#2895 = PCURVE('',#2896,#2901);
#2896 = PLANE('',#2897);
#2897 = AXIS2_PLACEMENT_3D('',#2898,#2899,#2900);
#2898 = CARTESIAN_POINT('',(96.288,20.082,12.9));
#2899 = DIRECTION('',(1.,0.,0.));
#2900 = DIRECTION('',(0.,0.,1.));
#2901 = DEFINITIONAL_REPRESENTATION('',(#2902),#2906);
#2902 = LINE('',#2903,#2904);
#2903 = CARTESIAN_POINT('',(3.1,10.041));
#2904 = VECTOR('',#2905,1.);
#2905 = DIRECTION('',(0.,-1.));
#2906 = ( GEOMETRIC_REPRESENTATION_CONTEXT(2) 
PARAMETRIC_REPRESENTATION_CONTEXT() REPRESENTATION_CONTEXT('2D SPACE',''
  ) );
#2907 = FACE_BOUND('',#2908,.T.);
#2908 = EDGE_LOOP('',(#2909));
#2909 = ORIENTED_EDGE('',*,*,#2910,.T.);
#2910 = EDGE_CURVE('',#2911,#2911,#2913,.T.);
#2911 = VERTEX_POINT('',#2912);
#2912 = CARTESIAN_POINT('',(105.34,29.6,16.));
#2913 = SURFACE_CURVE('',#2914,(#2919,#2930),.PCURVE_S1.);
#2914 = CIRCLE('',#2915,3.5);
#2915 = AXIS2_PLACEMENT_3D('',#2916,#2917,#2918);
#2916 = CARTESIAN_POINT('',(101.84,29.6,16.));
#2917 = DIRECTION('',(0.,0.,-1.));
#2918 = DIRECTION('',(1.,0.,0.));
#2919 = PCURVE('',#1870,#2920);
#2920 = DEFINITIONAL_REPRESENTATION('',(#2921),#2929);
#2921 = ( BOUNDED_CURVE() B_SPLINE_CURVE(2,(#2922,#2923,#2924,#2925,
#2926,#2927,#2928),.UNSPECIFIED.,.T.,.F.) B_SPLINE_CURVE_WITH_KNOTS((1,2
    ,2,2,2,1),(-2.094395102393,0.,2.094395102393,4.188790204786,
6.28318530718,8.377580409573),.UNSPECIFIED.) CURVE() 
GEOMETRIC_REPRESENTATION_ITEM() RATIONAL_B_SPLINE_CURVE((1.,0.5,1.,0.5,
1.,0.5,1.)) REPRESENTATION_ITEM('') );
#2922 = CARTESIAN_POINT('',(105.34,29.6));
#2923 = CARTESIAN_POINT('',(105.34,23.537822173509));
#2924 = CARTESIAN_POINT('',(100.09,26.568911086754));
#2925 = CARTESIAN_POINT('',(94.84,29.6));
#2926 = CARTESIAN_POINT('',(100.09,32.631088913246));
#2927 = CARTESIAN_POINT('',(105.34,35.662177826491));
#2928 = CARTESIAN_POINT('',(105.34,29.6));
#2929 = ( GEOMETRIC_REPRESENTATION_CONTEXT(2) 
PARAMETRIC_REPRESENTATION_CONTEXT() REPRESENTATION_CONTEXT('2D SPACE',''
  ) );
#2930 = PCURVE('',#2931,#2936);
#2931 = CYLINDRICAL_SURFACE('',#2932,3.5);
#2932 = AXIS2_PLACEMENT_3D('',#2933,#2934,#2935);
#2933 = CARTESIAN_POINT('',(101.84,29.6,12.9));
#2934 = DIRECTION('',(-0.,-0.,-1.));
#2935 = DIRECTION('',(1.,0.,0.));
#2936 = DEFINITIONAL_REPRESENTATION('',(#2937),#2941);
#2937 = LINE('',#2938,#2939);
#2938 = CARTESIAN_POINT('',(-4.138911435803E-13,-3.1));
#2939 = VECTOR('',#2940,1.);
#2940 = DIRECTION('',(1.,-0.));
#2941 = ( GEOMETRIC_REPRESENTATION_CONTEXT(2) 
PARAMETRIC_REPRESENTATION_CONTEXT() REPRESENTATION_CONTEXT('2D SPACE',''
  ) );
#2942 = FACE_BOUND('',#2943,.T.);
#2943 = EDGE_LOOP('',(#2944,#2974,#3002,#3030));
#2944 = ORIENTED_EDGE('',*,*,#2945,.T.);
#2945 = EDGE_CURVE('',#2946,#2948,#2950,.T.);
#2946 = VERTEX_POINT('',#2947);
#2947 = CARTESIAN_POINT('',(31.36,51.6,16.));
#2948 = VERTEX_POINT('',#2949);
#2949 = CARTESIAN_POINT('',(17.36,51.6,16.));
#2950 = SURFACE_CURVE('',#2951,(#2955,#2962),.PCURVE_S1.);
#2951 = LINE('',#2952,#2953);
#2952 = CARTESIAN_POINT('',(8.68,51.6,16.));
#2953 = VECTOR('',#2954,1.);
#2954 = DIRECTION('',(-1.,0.,0.));
#2955 = PCURVE('',#1870,#2956);
#2956 = DEFINITIONAL_REPRESENTATION('',(#2957),#2961);
#2957 = LINE('',#2958,#2959);
#2958 = CARTESIAN_POINT('',(8.68,51.6));
#2959 = VECTOR('',#2960,1.);
#2960 = DIRECTION('',(-1.,0.));
#2961 = ( GEOMETRIC_REPRESENTATION_CONTEXT(2) 
PARAMETRIC_REPRESENTATION_CONTEXT() REPRESENTATION_CONTEXT('2D SPACE',''
  ) );
#2962 = PCURVE('',#2963,#2968);
#2963 = PLANE('',#2964);
#2964 = AXIS2_PLACEMENT_3D('',#2965,#2966,#2967);
#2965 = CARTESIAN_POINT('',(17.36,51.6,12.9));
#2966 = DIRECTION('',(0.,1.,0.));
#2967 = DIRECTION('',(0.,-0.,1.));
#2968 = DEFINITIONAL_REPRESENTATION('',(#2969),#2973);
#2969 = LINE('',#2970,#2971);
#2970 = CARTESIAN_POINT('',(3.1,-8.68));
#2971 = VECTOR('',#2972,1.);
#2972 = DIRECTION('',(0.,-1.));
#2973 = ( GEOMETRIC_REPRESENTATION_CONTEXT(2) 
PARAMETRIC_REPRESENTATION_CONTEXT() REPRESENTATION_CONTEXT('2D SPACE',''
  ) );
#2974 = ORIENTED_EDGE('',*,*,#2975,.T.);
#2975 = EDGE_CURVE('',#2948,#2976,#2978,.T.);
#2976 = VERTEX_POINT('',#2977);
#2977 = CARTESIAN_POINT('',(17.36,65.6,16.));
#2978 = SURFACE_CURVE('',#2979,(#2983,#2990),.PCURVE_S1.);
#2979 = LINE('',#2980,#2981);
#2980 = CARTESIAN_POINT('',(17.36,25.8,16.));
#2981 = VECTOR('',#2982,1.);
#2982 = DIRECTION('',(0.,1.,0.));
#2983 = PCURVE('',#1870,#2984);
#2984 = DEFINITIONAL_REPRESENTATION('',(#2985),#2989);
#2985 = LINE('',#2986,#2987);
#2986 = CARTESIAN_POINT('',(17.36,25.8));
#2987 = VECTOR('',#2988,1.);
#2988 = DIRECTION('',(0.,1.));
#2989 = ( GEOMETRIC_REPRESENTATION_CONTEXT(2) 
PARAMETRIC_REPRESENTATION_CONTEXT() REPRESENTATION_CONTEXT('2D SPACE',''
  ) );
#2990 = PCURVE('',#2991,#2996);
#2991 = PLANE('',#2992);
#2992 = AXIS2_PLACEMENT_3D('',#2993,#2994,#2995);
#2993 = CARTESIAN_POINT('',(17.36,51.6,12.9));
#2994 = DIRECTION('',(1.,0.,0.));
#2995 = DIRECTION('',(0.,0.,1.));
#2996 = DEFINITIONAL_REPRESENTATION('',(#2997),#3001);
#2997 = LINE('',#2998,#2999);
#2998 = CARTESIAN_POINT('',(3.1,25.8));
#2999 = VECTOR('',#3000,1.);
#3000 = DIRECTION('',(0.,-1.));
#3001 = ( GEOMETRIC_REPRESENTATION_CONTEXT(2) 
PARAMETRIC_REPRESENTATION_CONTEXT() REPRESENTATION_CONTEXT('2D SPACE',''
  ) );
#3002 = ORIENTED_EDGE('',*,*,#3003,.F.);
#3003 = EDGE_CURVE('',#3004,#2976,#3006,.T.);
#3004 = VERTEX_POINT('',#3005);
#3005 = CARTESIAN_POINT('',(31.36,65.6,16.));
#3006 = SURFACE_CURVE('',#3007,(#3011,#3018),.PCURVE_S1.);
#3007 = LINE('',#3008,#3009);
#3008 = CARTESIAN_POINT('',(8.68,65.6,16.));
#3009 = VECTOR('',#3010,1.);
#3010 = DIRECTION('',(-1.,0.,0.));
#3011 = PCURVE('',#1870,#3012);
#3012 = DEFINITIONAL_REPRESENTATION('',(#3013),#3017);
#3013 = LINE('',#3014,#3015);
#3014 = CARTESIAN_POINT('',(8.68,65.6));
#3015 = VECTOR('',#3016,1.);
#3016 = DIRECTION('',(-1.,0.));
#3017 = ( GEOMETRIC_REPRESENTATION_CONTEXT(2) 
PARAMETRIC_REPRESENTATION_CONTEXT() REPRESENTATION_CONTEXT('2D SPACE',''
  ) );
#3018 = PCURVE('',#3019,#3024);
#3019 = PLANE('',#3020);
#3020 = AXIS2_PLACEMENT_3D('',#3021,#3022,#3023);
#3021 = CARTESIAN_POINT('',(17.36,65.6,12.9));
#3022 = DIRECTION('',(0.,1.,0.));
#3023 = DIRECTION('',(0.,-0.,1.));
#3024 = DEFINITIONAL_REPRESENTATION('',(#3025),#3029);
#3025 = LINE('',#3026,#3027);
#3026 = CARTESIAN_POINT('',(3.1,-8.68));
#3027 = VECTOR('',#3028,1.);
#3028 = DIRECTION('',(0.,-1.));
#3029 = ( GEOMETRIC_REPRESENTATION_CONTEXT(2) 
PARAMETRIC_REPRESENTATION_CONTEXT() REPRESENTATION_CONTEXT('2D SPACE',''
  ) );
#3030 = ORIENTED_EDGE('',*,*,#3031,.F.);
#3031 = EDGE_CURVE('',#2946,#3004,#3032,.T.);
#3032 = SURFACE_CURVE('',#3033,(#3037,#3044),.PCURVE_S1.);
#3033 = LINE('',#3034,#3035);
#3034 = CARTESIAN_POINT('',(31.36,25.8,16.));
#3035 = VECTOR('',#3036,1.);
#3036 = DIRECTION('',(0.,1.,0.));
#3037 = PCURVE('',#1870,#3038);
#3038 = DEFINITIONAL_REPRESENTATION('',(#3039),#3043);
#3039 = LINE('',#3040,#3041);
#3040 = CARTESIAN_POINT('',(31.36,25.8));
#3041 = VECTOR('',#3042,1.);
#3042 = DIRECTION('',(0.,1.));
#3043 = ( GEOMETRIC_REPRESENTATION_CONTEXT(2) 
PARAMETRIC_REPRESENTATION_CONTEXT() REPRESENTATION_CONTEXT('2D SPACE',''
  ) );
#3044 = PCURVE('',#3045,#3050);
#3045 = PLANE('',#3046);
#3046 = AXIS2_PLACEMENT_3D('',#3047,#3048,#3049);
#3047 = CARTESIAN_POINT('',(31.36,51.6,12.9));
#3048 = DIRECTION('',(1.,0.,0.));
#3049 = DIRECTION('',(0.,0.,1.));
#3050 = DEFINITIONAL_REPRESENTATION('',(#3051),#3055);
#3051 = LINE('',#3052,#3053);
#3052 = CARTESIAN_POINT('',(3.1,25.8));
#3053 = VECTOR('',#3054,1.);
#3054 = DIRECTION('',(0.,-1.));
#3055 = ( GEOMETRIC_REPRESENTATION_CONTEXT(2) 
PARAMETRIC_REPRESENTATION_CONTEXT() REPRESENTATION_CONTEXT('2D SPACE',''
  ) );
#3056 = FACE_BOUND('',#3057,.T.);
#3057 = EDGE_LOOP('',(#3058,#3088,#3116,#3144));
#3058 = ORIENTED_EDGE('',*,*,#3059,.T.);
#3059 = EDGE_CURVE('',#3060,#3062,#3064,.T.);
#3060 = VERTEX_POINT('',#3061);
#3061 = CARTESIAN_POINT('',(55.4,51.46,16.));
#3062 = VERTEX_POINT('',#3063);
#3063 = CARTESIAN_POINT('',(41.4,51.46,16.));
#3064 = SURFACE_CURVE('',#3065,(#3069,#3076),.PCURVE_S1.);
#3065 = LINE('',#3066,#3067);
#3066 = CARTESIAN_POINT('',(20.7,51.46,16.));
#3067 = VECTOR('',#3068,1.);
#3068 = DIRECTION('',(-1.,0.,0.));
#3069 = PCURVE('',#1870,#3070);
#3070 = DEFINITIONAL_REPRESENTATION('',(#3071),#3075);
#3071 = LINE('',#3072,#3073);
#3072 = CARTESIAN_POINT('',(20.7,51.46));
#3073 = VECTOR('',#3074,1.);
#3074 = DIRECTION('',(-1.,0.));
#3075 = ( GEOMETRIC_REPRESENTATION_CONTEXT(2) 
PARAMETRIC_REPRESENTATION_CONTEXT() REPRESENTATION_CONTEXT('2D SPACE',''
  ) );
#3076 = PCURVE('',#3077,#3082);
#3077 = PLANE('',#3078);
#3078 = AXIS2_PLACEMENT_3D('',#3079,#3080,#3081);
#3079 = CARTESIAN_POINT('',(41.4,51.46,12.9));
#3080 = DIRECTION('',(0.,1.,0.));
#3081 = DIRECTION('',(0.,-0.,1.));
#3082 = DEFINITIONAL_REPRESENTATION('',(#3083),#3087);
#3083 = LINE('',#3084,#3085);
#3084 = CARTESIAN_POINT('',(3.1,-20.7));
#3085 = VECTOR('',#3086,1.);
#3086 = DIRECTION('',(0.,-1.));
#3087 = ( GEOMETRIC_REPRESENTATION_CONTEXT(2) 
PARAMETRIC_REPRESENTATION_CONTEXT() REPRESENTATION_CONTEXT('2D SPACE',''
  ) );
#3088 = ORIENTED_EDGE('',*,*,#3089,.T.);
#3089 = EDGE_CURVE('',#3062,#3090,#3092,.T.);
#3090 = VERTEX_POINT('',#3091);
#3091 = CARTESIAN_POINT('',(41.4,65.46,16.));
#3092 = SURFACE_CURVE('',#3093,(#3097,#3104),.PCURVE_S1.);
#3093 = LINE('',#3094,#3095);
#3094 = CARTESIAN_POINT('',(41.4,25.73,16.));
#3095 = VECTOR('',#3096,1.);
#3096 = DIRECTION('',(0.,1.,0.));
#3097 = PCURVE('',#1870,#3098);
#3098 = DEFINITIONAL_REPRESENTATION('',(#3099),#3103);
#3099 = LINE('',#3100,#3101);
#3100 = CARTESIAN_POINT('',(41.4,25.73));
#3101 = VECTOR('',#3102,1.);
#3102 = DIRECTION('',(0.,1.));
#3103 = ( GEOMETRIC_REPRESENTATION_CONTEXT(2) 
PARAMETRIC_REPRESENTATION_CONTEXT() REPRESENTATION_CONTEXT('2D SPACE',''
  ) );
#3104 = PCURVE('',#3105,#3110);
#3105 = PLANE('',#3106);
#3106 = AXIS2_PLACEMENT_3D('',#3107,#3108,#3109);
#3107 = CARTESIAN_POINT('',(41.4,51.46,12.9));
#3108 = DIRECTION('',(1.,0.,0.));
#3109 = DIRECTION('',(0.,0.,1.));
#3110 = DEFINITIONAL_REPRESENTATION('',(#3111),#3115);
#3111 = LINE('',#3112,#3113);
#3112 = CARTESIAN_POINT('',(3.1,25.73));
#3113 = VECTOR('',#3114,1.);
#3114 = DIRECTION('',(0.,-1.));
#3115 = ( GEOMETRIC_REPRESENTATION_CONTEXT(2) 
PARAMETRIC_REPRESENTATION_CONTEXT() REPRESENTATION_CONTEXT('2D SPACE',''
  ) );
#3116 = ORIENTED_EDGE('',*,*,#3117,.F.);
#3117 = EDGE_CURVE('',#3118,#3090,#3120,.T.);
#3118 = VERTEX_POINT('',#3119);
#3119 = CARTESIAN_POINT('',(55.4,65.46,16.));
#3120 = SURFACE_CURVE('',#3121,(#3125,#3132),.PCURVE_S1.);
#3121 = LINE('',#3122,#3123);
#3122 = CARTESIAN_POINT('',(20.7,65.46,16.));
#3123 = VECTOR('',#3124,1.);
#3124 = DIRECTION('',(-1.,0.,0.));
#3125 = PCURVE('',#1870,#3126);
#3126 = DEFINITIONAL_REPRESENTATION('',(#3127),#3131);
#3127 = LINE('',#3128,#3129);
#3128 = CARTESIAN_POINT('',(20.7,65.46));
#3129 = VECTOR('',#3130,1.);
#3130 = DIRECTION('',(-1.,0.));
#3131 = ( GEOMETRIC_REPRESENTATION_CONTEXT(2) 
PARAMETRIC_REPRESENTATION_CONTEXT() REPRESENTATION_CONTEXT('2D SPACE',''
  ) );
#3132 = PCURVE('',#3133,#3138);
#3133 = PLANE('',#3134);
#3134 = AXIS2_PLACEMENT_3D('',#3135,#3136,#3137);
#3135 = CARTESIAN_POINT('',(41.4,65.46,12.9));
#3136 = DIRECTION('',(0.,1.,0.));
#3137 = DIRECTION('',(0.,-0.,1.));
#3138 = DEFINITIONAL_REPRESENTATION('',(#3139),#3143);
#3139 = LINE('',#3140,#3141);
#3140 = CARTESIAN_POINT('',(3.1,-20.7));
#3141 = VECTOR('',#3142,1.);
#3142 = DIRECTION('',(0.,-1.));
#3143 = ( GEOMETRIC_REPRESENTATION_CONTEXT(2) 
PARAMETRIC_REPRESENTATION_CONTEXT() REPRESENTATION_CONTEXT('2D SPACE',''
  ) );
#3144 = ORIENTED_EDGE('',*,*,#3145,.F.);
#3145 = EDGE_CURVE('',#3060,#3118,#3146,.T.);
#3146 = SURFACE_CURVE('',#3147,(#3151,#3158),.PCURVE_S1.);
#3147 = LINE('',#3148,#3149);
#3148 = CARTESIAN_POINT('',(55.4,25.73,16.));
#3149 = VECTOR('',#3150,1.);
#3150 = DIRECTION('',(0.,1.,0.));
#3151 = PCURVE('',#1870,#3152);
#3152 = DEFINITIONAL_REPRESENTATION('',(#3153),#3157);
#3153 = LINE('',#3154,#3155);
#3154 = CARTESIAN_POINT('',(55.4,25.73));
#3155 = VECTOR('',#3156,1.);
#3156 = DIRECTION('',(0.,1.));
#3157 = ( GEOMETRIC_REPRESENTATION_CONTEXT(2) 
PARAMETRIC_REPRESENTATION_CONTEXT() REPRESENTATION_CONTEXT('2D SPACE',''
  ) );
#3158 = PCURVE('',#3159,#3164);
#3159 = PLANE('',#3160);
#3160 = AXIS2_PLACEMENT_3D('',#3161,#3162,#3163);
#3161 = CARTESIAN_POINT('',(55.4,51.46,12.9));
#3162 = DIRECTION('',(1.,0.,0.));
#3163 = DIRECTION('',(0.,0.,1.));
#3164 = DEFINITIONAL_REPRESENTATION('',(#3165),#3169);
#3165 = LINE('',#3166,#3167);
#3166 = CARTESIAN_POINT('',(3.1,25.73));
#3167 = VECTOR('',#3168,1.);
#3168 = DIRECTION('',(0.,-1.));
#3169 = ( GEOMETRIC_REPRESENTATION_CONTEXT(2) 
PARAMETRIC_REPRESENTATION_CONTEXT() REPRESENTATION_CONTEXT('2D SPACE',''
  ) );
#3170 = FACE_BOUND('',#3171,.T.);
#3171 = EDGE_LOOP('',(#3172));
#3172 = ORIENTED_EDGE('',*,*,#3173,.T.);
#3173 = EDGE_CURVE('',#3174,#3174,#3176,.T.);
#3174 = VERTEX_POINT('',#3175);
#3175 = CARTESIAN_POINT('',(6.7,83.11,16.));
#3176 = SURFACE_CURVE('',#3177,(#3182,#3193),.PCURVE_S1.);
#3177 = CIRCLE('',#3178,1.7);
#3178 = AXIS2_PLACEMENT_3D('',#3179,#3180,#3181);
#3179 = CARTESIAN_POINT('',(5.,83.11,16.));
#3180 = DIRECTION('',(0.,0.,-1.));
#3181 = DIRECTION('',(1.,0.,0.));
#3182 = PCURVE('',#1870,#3183);
#3183 = DEFINITIONAL_REPRESENTATION('',(#3184),#3192);
#3184 = ( BOUNDED_CURVE() B_SPLINE_CURVE(2,(#3185,#3186,#3187,#3188,
#3189,#3190,#3191),.UNSPECIFIED.,.T.,.F.) B_SPLINE_CURVE_WITH_KNOTS((1,2
    ,2,2,2,1),(-2.094395102393,0.,2.094395102393,4.188790204786,
6.28318530718,8.377580409573),.UNSPECIFIED.) CURVE() 
GEOMETRIC_REPRESENTATION_ITEM() RATIONAL_B_SPLINE_CURVE((1.,0.5,1.,0.5,
1.,0.5,1.)) REPRESENTATION_ITEM('') );
#3185 = CARTESIAN_POINT('',(6.7,83.11));
#3186 = CARTESIAN_POINT('',(6.7,80.165513627133));
#3187 = CARTESIAN_POINT('',(4.15,81.637756813566));
#3188 = CARTESIAN_POINT('',(1.6,83.11));
#3189 = CARTESIAN_POINT('',(4.15,84.582243186434));
#3190 = CARTESIAN_POINT('',(6.7,86.054486372867));
#3191 = CARTESIAN_POINT('',(6.7,83.11));
#3192 = ( GEOMETRIC_REPRESENTATION_CONTEXT(2) 
PARAMETRIC_REPRESENTATION_CONTEXT() REPRESENTATION_CONTEXT('2D SPACE',''
  ) );
#3193 = PCURVE('',#3194,#3199);
#3194 = CYLINDRICAL_SURFACE('',#3195,1.7);
#3195 = AXIS2_PLACEMENT_3D('',#3196,#3197,#3198);
#3196 = CARTESIAN_POINT('',(5.,83.11,12.9));
#3197 = DIRECTION('',(-0.,-0.,-1.));
#3198 = DIRECTION('',(1.,0.,0.));
#3199 = DEFINITIONAL_REPRESENTATION('',(#3200),#3204);
#3200 = LINE('',#3201,#3202);
#3201 = CARTESIAN_POINT('',(-4.138911435803E-13,-3.1));
#3202 = VECTOR('',#3203,1.);
#3203 = DIRECTION('',(1.,-0.));
#3204 = ( GEOMETRIC_REPRESENTATION_CONTEXT(2) 
PARAMETRIC_REPRESENTATION_CONTEXT() REPRESENTATION_CONTEXT('2D SPACE',''
  ) );
#3205 = FACE_BOUND('',#3206,.T.);
#3206 = EDGE_LOOP('',(#3207));
#3207 = ORIENTED_EDGE('',*,*,#3208,.T.);
#3208 = EDGE_CURVE('',#3209,#3209,#3211,.T.);
#3209 = VERTEX_POINT('',#3210);
#3210 = CARTESIAN_POINT('',(66.74,60.64,16.));
#3211 = SURFACE_CURVE('',#3212,(#3217,#3228),.PCURVE_S1.);
#3212 = CIRCLE('',#3213,5.);
#3213 = AXIS2_PLACEMENT_3D('',#3214,#3215,#3216);
#3214 = CARTESIAN_POINT('',(61.74,60.64,16.));
#3215 = DIRECTION('',(0.,0.,-1.));
#3216 = DIRECTION('',(1.,0.,0.));
#3217 = PCURVE('',#1870,#3218);
#3218 = DEFINITIONAL_REPRESENTATION('',(#3219),#3227);
#3219 = ( BOUNDED_CURVE() B_SPLINE_CURVE(2,(#3220,#3221,#3222,#3223,
#3224,#3225,#3226),.UNSPECIFIED.,.T.,.F.) B_SPLINE_CURVE_WITH_KNOTS((1,2
    ,2,2,2,1),(-2.094395102393,0.,2.094395102393,4.188790204786,
6.28318530718,8.377580409573),.UNSPECIFIED.) CURVE() 
GEOMETRIC_REPRESENTATION_ITEM() RATIONAL_B_SPLINE_CURVE((1.,0.5,1.,0.5,
1.,0.5,1.)) REPRESENTATION_ITEM('') );
#3220 = CARTESIAN_POINT('',(66.74,60.64));
#3221 = CARTESIAN_POINT('',(66.74,51.979745962156));
#3222 = CARTESIAN_POINT('',(59.24,56.309872981078));
#3223 = CARTESIAN_POINT('',(51.74,60.64));
#3224 = CARTESIAN_POINT('',(59.24,64.970127018922));
#3225 = CARTESIAN_POINT('',(66.74,69.300254037844));
#3226 = CARTESIAN_POINT('',(66.74,60.64));
#3227 = ( GEOMETRIC_REPRESENTATION_CONTEXT(2) 
PARAMETRIC_REPRESENTATION_CONTEXT() REPRESENTATION_CONTEXT('2D SPACE',''
  ) );
#3228 = PCURVE('',#3229,#3234);
#3229 = CYLINDRICAL_SURFACE('',#3230,5.);
#3230 = AXIS2_PLACEMENT_3D('',#3231,#3232,#3233);
#3231 = CARTESIAN_POINT('',(61.74,60.64,12.9));
#3232 = DIRECTION('',(-0.,-0.,-1.));
#3233 = DIRECTION('',(1.,0.,0.));
#3234 = DEFINITIONAL_REPRESENTATION('',(#3235),#3239);
#3235 = LINE('',#3236,#3237);
#3236 = CARTESIAN_POINT('',(-4.138911435803E-13,-3.1));
#3237 = VECTOR('',#3238,1.);
#3238 = DIRECTION('',(1.,-0.));
#3239 = ( GEOMETRIC_REPRESENTATION_CONTEXT(2) 
PARAMETRIC_REPRESENTATION_CONTEXT() REPRESENTATION_CONTEXT('2D SPACE',''
  ) );
#3240 = FACE_BOUND('',#3241,.T.);
#3241 = EDGE_LOOP('',(#3242));
#3242 = ORIENTED_EDGE('',*,*,#3243,.T.);
#3243 = EDGE_CURVE('',#3244,#3244,#3246,.T.);
#3244 = VERTEX_POINT('',#3245);
#3245 = CARTESIAN_POINT('',(105.34,45.96,16.));
#3246 = SURFACE_CURVE('',#3247,(#3252,#3263),.PCURVE_S1.);
#3247 = CIRCLE('',#3248,3.5);
#3248 = AXIS2_PLACEMENT_3D('',#3249,#3250,#3251);
#3249 = CARTESIAN_POINT('',(101.84,45.96,16.));
#3250 = DIRECTION('',(0.,0.,-1.));
#3251 = DIRECTION('',(1.,0.,0.));
#3252 = PCURVE('',#1870,#3253);
#3253 = DEFINITIONAL_REPRESENTATION('',(#3254),#3262);
#3254 = ( BOUNDED_CURVE() B_SPLINE_CURVE(2,(#3255,#3256,#3257,#3258,
#3259,#3260,#3261),.UNSPECIFIED.,.T.,.F.) B_SPLINE_CURVE_WITH_KNOTS((1,2
    ,2,2,2,1),(-2.094395102393,0.,2.094395102393,4.188790204786,
6.28318530718,8.377580409573),.UNSPECIFIED.) CURVE() 
GEOMETRIC_REPRESENTATION_ITEM() RATIONAL_B_SPLINE_CURVE((1.,0.5,1.,0.5,
1.,0.5,1.)) REPRESENTATION_ITEM('') );
#3255 = CARTESIAN_POINT('',(105.34,45.96));
#3256 = CARTESIAN_POINT('',(105.34,39.897822173509));
#3257 = CARTESIAN_POINT('',(100.09,42.928911086754));
#3258 = CARTESIAN_POINT('',(94.84,45.96));
#3259 = CARTESIAN_POINT('',(100.09,48.991088913246));
#3260 = CARTESIAN_POINT('',(105.34,52.022177826491));
#3261 = CARTESIAN_POINT('',(105.34,45.96));
#3262 = ( GEOMETRIC_REPRESENTATION_CONTEXT(2) 
PARAMETRIC_REPRESENTATION_CONTEXT() REPRESENTATION_CONTEXT('2D SPACE',''
  ) );
#3263 = PCURVE('',#3264,#3269);
#3264 = CYLINDRICAL_SURFACE('',#3265,3.5);
#3265 = AXIS2_PLACEMENT_3D('',#3266,#3267,#3268);
#3266 = CARTESIAN_POINT('',(101.84,45.96,12.9));
#3267 = DIRECTION('',(-0.,-0.,-1.));
#3268 = DIRECTION('',(1.,0.,0.));
#3269 = DEFINITIONAL_REPRESENTATION('',(#3270),#3274);
#3270 = LINE('',#3271,#3272);
#3271 = CARTESIAN_POINT('',(-4.138911435803E-13,-3.1));
#3272 = VECTOR('',#3273,1.);
#3273 = DIRECTION('',(1.,-0.));
#3274 = ( GEOMETRIC_REPRESENTATION_CONTEXT(2) 
PARAMETRIC_REPRESENTATION_CONTEXT() REPRESENTATION_CONTEXT('2D SPACE',''
  ) );
#3275 = FACE_BOUND('',#3276,.T.);
#3276 = EDGE_LOOP('',(#3277));
#3277 = ORIENTED_EDGE('',*,*,#3278,.T.);
#3278 = EDGE_CURVE('',#3279,#3279,#3281,.T.);
#3279 = VERTEX_POINT('',#3280);
#3280 = CARTESIAN_POINT('',(116.56,83.11,16.));
#3281 = SURFACE_CURVE('',#3282,(#3287,#3298),.PCURVE_S1.);
#3282 = CIRCLE('',#3283,1.7);
#3283 = AXIS2_PLACEMENT_3D('',#3284,#3285,#3286);
#3284 = CARTESIAN_POINT('',(114.86,83.11,16.));
#3285 = DIRECTION('',(0.,0.,-1.));
#3286 = DIRECTION('',(1.,0.,0.));
#3287 = PCURVE('',#1870,#3288);
#3288 = DEFINITIONAL_REPRESENTATION('',(#3289),#3297);
#3289 = ( BOUNDED_CURVE() B_SPLINE_CURVE(2,(#3290,#3291,#3292,#3293,
#3294,#3295,#3296),.UNSPECIFIED.,.T.,.F.) B_SPLINE_CURVE_WITH_KNOTS((1,2
    ,2,2,2,1),(-2.094395102393,0.,2.094395102393,4.188790204786,
6.28318530718,8.377580409573),.UNSPECIFIED.) CURVE() 
GEOMETRIC_REPRESENTATION_ITEM() RATIONAL_B_SPLINE_CURVE((1.,0.5,1.,0.5,
1.,0.5,1.)) REPRESENTATION_ITEM('') );
#3290 = CARTESIAN_POINT('',(116.56,83.11));
#3291 = CARTESIAN_POINT('',(116.56,80.165513627133));
#3292 = CARTESIAN_POINT('',(114.01,81.637756813566));
#3293 = CARTESIAN_POINT('',(111.46,83.11));
#3294 = CARTESIAN_POINT('',(114.01,84.582243186434));
#3295 = CARTESIAN_POINT('',(116.56,86.054486372867));
#3296 = CARTESIAN_POINT('',(116.56,83.11));
#3297 = ( GEOMETRIC_REPRESENTATION_CONTEXT(2) 
PARAMETRIC_REPRESENTATION_CONTEXT() REPRESENTATION_CONTEXT('2D SPACE',''
  ) );
#3298 = PCURVE('',#3299,#3304);
#3299 = CYLINDRICAL_SURFACE('',#3300,1.7);
#3300 = AXIS2_PLACEMENT_3D('',#3301,#3302,#3303);
#3301 = CARTESIAN_POINT('',(114.86,83.11,12.9));
#3302 = DIRECTION('',(-0.,-0.,-1.));
#3303 = DIRECTION('',(1.,0.,0.));
#3304 = DEFINITIONAL_REPRESENTATION('',(#3305),#3309);
#3305 = LINE('',#3306,#3307);
#3306 = CARTESIAN_POINT('',(-4.138911435803E-13,-3.1));
#3307 = VECTOR('',#3308,1.);
#3308 = DIRECTION('',(1.,-0.));
#3309 = ( GEOMETRIC_REPRESENTATION_CONTEXT(2) 
PARAMETRIC_REPRESENTATION_CONTEXT() REPRESENTATION_CONTEXT('2D SPACE',''
  ) );
#3310 = ADVANCED_FACE('',(#3311),#1844,.T.);
#3311 = FACE_BOUND('',#3312,.T.);
#3312 = EDGE_LOOP('',(#3313,#3336,#3337,#3338));
#3313 = ORIENTED_EDGE('',*,*,#3314,.F.);
#3314 = EDGE_CURVE('',#1801,#3315,#3317,.T.);
#3315 = VERTEX_POINT('',#3316);
#3316 = CARTESIAN_POINT('',(75.545,88.11,13.));
#3317 = SURFACE_CURVE('',#3318,(#3322,#3329),.PCURVE_S1.);
#3318 = LINE('',#3319,#3320);
#3319 = CARTESIAN_POINT('',(0.,88.11,13.));
#3320 = VECTOR('',#3321,1.);
#3321 = DIRECTION('',(1.,0.,0.));
#3322 = PCURVE('',#1844,#3323);
#3323 = DEFINITIONAL_REPRESENTATION('',(#3324),#3328);
#3324 = LINE('',#3325,#3326);
#3325 = CARTESIAN_POINT('',(0.,0.));
#3326 = VECTOR('',#3327,1.);
#3327 = DIRECTION('',(0.,1.));
#3328 = ( GEOMETRIC_REPRESENTATION_CONTEXT(2) 
PARAMETRIC_REPRESENTATION_CONTEXT() REPRESENTATION_CONTEXT('2D SPACE',''
  ) );
#3329 = PCURVE('',#1816,#3330);
#3330 = DEFINITIONAL_REPRESENTATION('',(#3331),#3335);
#3331 = LINE('',#3332,#3333);
#3332 = CARTESIAN_POINT('',(0.,88.11));
#3333 = VECTOR('',#3334,1.);
#3334 = DIRECTION('',(1.,0.));
#3335 = ( GEOMETRIC_REPRESENTATION_CONTEXT(2) 
PARAMETRIC_REPRESENTATION_CONTEXT() REPRESENTATION_CONTEXT('2D SPACE',''
  ) );
#3336 = ORIENTED_EDGE('',*,*,#1828,.T.);
#3337 = ORIENTED_EDGE('',*,*,#1961,.T.);
#3338 = ORIENTED_EDGE('',*,*,#3339,.F.);
#3339 = EDGE_CURVE('',#3315,#1962,#3340,.T.);
#3340 = SURFACE_CURVE('',#3341,(#3345,#3352),.PCURVE_S1.);
#3341 = LINE('',#3342,#3343);
#3342 = CARTESIAN_POINT('',(75.545,88.11,12.9));
#3343 = VECTOR('',#3344,1.);
#3344 = DIRECTION('',(0.,0.,1.));
#3345 = PCURVE('',#1844,#3346);
#3346 = DEFINITIONAL_REPRESENTATION('',(#3347),#3351);
#3347 = LINE('',#3348,#3349);
#3348 = CARTESIAN_POINT('',(-1.E-01,75.545));
#3349 = VECTOR('',#3350,1.);
#3350 = DIRECTION('',(1.,0.));
#3351 = ( GEOMETRIC_REPRESENTATION_CONTEXT(2) 
PARAMETRIC_REPRESENTATION_CONTEXT() REPRESENTATION_CONTEXT('2D SPACE',''
  ) );
#3352 = PCURVE('',#2107,#3353);
#3353 = DEFINITIONAL_REPRESENTATION('',(#3354),#3358);
#3354 = LINE('',#3355,#3356);
#3355 = CARTESIAN_POINT('',(0.,-6.));
#3356 = VECTOR('',#3357,1.);
#3357 = DIRECTION('',(1.,0.));
#3358 = ( GEOMETRIC_REPRESENTATION_CONTEXT(2) 
PARAMETRIC_REPRESENTATION_CONTEXT() REPRESENTATION_CONTEXT('2D SPACE',''
  ) );
#3359 = ADVANCED_FACE('',(#3360,#3478,#3508,#3602,#3696,#3790,#3884,
    #3978,#4008,#4038,#4132,#4162,#4256,#4350,#4380,#4410,#4440),#1816,
  .F.);
#3360 = FACE_BOUND('',#3361,.F.);
#3361 = EDGE_LOOP('',(#3362,#3363,#3364,#3365,#3388,#3411,#3434,#3457));
#3362 = ORIENTED_EDGE('',*,*,#3314,.F.);
#3363 = ORIENTED_EDGE('',*,*,#1800,.F.);
#3364 = ORIENTED_EDGE('',*,*,#1885,.T.);
#3365 = ORIENTED_EDGE('',*,*,#3366,.T.);
#3366 = EDGE_CURVE('',#1886,#3367,#3369,.T.);
#3367 = VERTEX_POINT('',#3368);
#3368 = CARTESIAN_POINT('',(119.86,88.11,13.));
#3369 = SURFACE_CURVE('',#3370,(#3374,#3381),.PCURVE_S1.);
#3370 = LINE('',#3371,#3372);
#3371 = CARTESIAN_POINT('',(119.86,0.,13.));
#3372 = VECTOR('',#3373,1.);
#3373 = DIRECTION('',(0.,1.,0.));
#3374 = PCURVE('',#1816,#3375);
#3375 = DEFINITIONAL_REPRESENTATION('',(#3376),#3380);
#3376 = LINE('',#3377,#3378);
#3377 = CARTESIAN_POINT('',(119.86,0.));
#3378 = VECTOR('',#3379,1.);
#3379 = DIRECTION('',(0.,1.));
#3380 = ( GEOMETRIC_REPRESENTATION_CONTEXT(2) 
PARAMETRIC_REPRESENTATION_CONTEXT() REPRESENTATION_CONTEXT('2D SPACE',''
  ) );
#3381 = PCURVE('',#1946,#3382);
#3382 = DEFINITIONAL_REPRESENTATION('',(#3383),#3387);
#3383 = LINE('',#3384,#3385);
#3384 = CARTESIAN_POINT('',(0.,0.));
#3385 = VECTOR('',#3386,1.);
#3386 = DIRECTION('',(0.,-1.));
#3387 = ( GEOMETRIC_REPRESENTATION_CONTEXT(2) 
PARAMETRIC_REPRESENTATION_CONTEXT() REPRESENTATION_CONTEXT('2D SPACE',''
  ) );
#3388 = ORIENTED_EDGE('',*,*,#3389,.F.);
#3389 = EDGE_CURVE('',#3390,#3367,#3392,.T.);
#3390 = VERTEX_POINT('',#3391);
#3391 = CARTESIAN_POINT('',(89.545,88.11,13.));
#3392 = SURFACE_CURVE('',#3393,(#3397,#3404),.PCURVE_S1.);
#3393 = LINE('',#3394,#3395);
#3394 = CARTESIAN_POINT('',(0.,88.11,13.));
#3395 = VECTOR('',#3396,1.);
#3396 = DIRECTION('',(1.,0.,0.));
#3397 = PCURVE('',#1816,#3398);
#3398 = DEFINITIONAL_REPRESENTATION('',(#3399),#3403);
#3399 = LINE('',#3400,#3401);
#3400 = CARTESIAN_POINT('',(0.,88.11));
#3401 = VECTOR('',#3402,1.);
#3402 = DIRECTION('',(1.,0.));
#3403 = ( GEOMETRIC_REPRESENTATION_CONTEXT(2) 
PARAMETRIC_REPRESENTATION_CONTEXT() REPRESENTATION_CONTEXT('2D SPACE',''
  ) );
#3404 = PCURVE('',#2025,#3405);
#3405 = DEFINITIONAL_REPRESENTATION('',(#3406),#3410);
#3406 = LINE('',#3407,#3408);
#3407 = CARTESIAN_POINT('',(0.,0.));
#3408 = VECTOR('',#3409,1.);
#3409 = DIRECTION('',(0.,1.));
#3410 = ( GEOMETRIC_REPRESENTATION_CONTEXT(2) 
PARAMETRIC_REPRESENTATION_CONTEXT() REPRESENTATION_CONTEXT('2D SPACE',''
  ) );
#3411 = ORIENTED_EDGE('',*,*,#3412,.F.);
#3412 = EDGE_CURVE('',#3413,#3390,#3415,.T.);
#3413 = VERTEX_POINT('',#3414);
#3414 = CARTESIAN_POINT('',(89.545,82.11,13.));
#3415 = SURFACE_CURVE('',#3416,(#3420,#3427),.PCURVE_S1.);
#3416 = LINE('',#3417,#3418);
#3417 = CARTESIAN_POINT('',(89.545,41.055,13.));
#3418 = VECTOR('',#3419,1.);
#3419 = DIRECTION('',(0.,1.,0.));
#3420 = PCURVE('',#1816,#3421);
#3421 = DEFINITIONAL_REPRESENTATION('',(#3422),#3426);
#3422 = LINE('',#3423,#3424);
#3423 = CARTESIAN_POINT('',(89.545,41.055));
#3424 = VECTOR('',#3425,1.);
#3425 = DIRECTION('',(0.,1.));
#3426 = ( GEOMETRIC_REPRESENTATION_CONTEXT(2) 
PARAMETRIC_REPRESENTATION_CONTEXT() REPRESENTATION_CONTEXT('2D SPACE',''
  ) );
#3427 = PCURVE('',#2053,#3428);
#3428 = DEFINITIONAL_REPRESENTATION('',(#3429),#3433);
#3429 = LINE('',#3430,#3431);
#3430 = CARTESIAN_POINT('',(1.E-01,41.055));
#3431 = VECTOR('',#3432,1.);
#3432 = DIRECTION('',(0.,-1.));
#3433 = ( GEOMETRIC_REPRESENTATION_CONTEXT(2) 
PARAMETRIC_REPRESENTATION_CONTEXT() REPRESENTATION_CONTEXT('2D SPACE',''
  ) );
#3434 = ORIENTED_EDGE('',*,*,#3435,.T.);
#3435 = EDGE_CURVE('',#3413,#3436,#3438,.T.);
#3436 = VERTEX_POINT('',#3437);
#3437 = CARTESIAN_POINT('',(75.545,82.11,13.));
#3438 = SURFACE_CURVE('',#3439,(#3443,#3450),.PCURVE_S1.);
#3439 = LINE('',#3440,#3441);
#3440 = CARTESIAN_POINT('',(37.7725,82.11,13.));
#3441 = VECTOR('',#3442,1.);
#3442 = DIRECTION('',(-1.,0.,0.));
#3443 = PCURVE('',#1816,#3444);
#3444 = DEFINITIONAL_REPRESENTATION('',(#3445),#3449);
#3445 = LINE('',#3446,#3447);
#3446 = CARTESIAN_POINT('',(37.7725,82.11));
#3447 = VECTOR('',#3448,1.);
#3448 = DIRECTION('',(-1.,0.));
#3449 = ( GEOMETRIC_REPRESENTATION_CONTEXT(2) 
PARAMETRIC_REPRESENTATION_CONTEXT() REPRESENTATION_CONTEXT('2D SPACE',''
  ) );
#3450 = PCURVE('',#2081,#3451);
#3451 = DEFINITIONAL_REPRESENTATION('',(#3452),#3456);
#3452 = LINE('',#3453,#3454);
#3453 = CARTESIAN_POINT('',(1.E-01,-37.7725));
#3454 = VECTOR('',#3455,1.);
#3455 = DIRECTION('',(0.,-1.));
#3456 = ( GEOMETRIC_REPRESENTATION_CONTEXT(2) 
PARAMETRIC_REPRESENTATION_CONTEXT() REPRESENTATION_CONTEXT('2D SPACE',''
  ) );
#3457 = ORIENTED_EDGE('',*,*,#3458,.T.);
#3458 = EDGE_CURVE('',#3436,#3315,#3459,.T.);
#3459 = SURFACE_CURVE('',#3460,(#3464,#3471),.PCURVE_S1.);
#3460 = LINE('',#3461,#3462);
#3461 = CARTESIAN_POINT('',(75.545,41.055,13.));
#3462 = VECTOR('',#3463,1.);
#3463 = DIRECTION('',(0.,1.,0.));
#3464 = PCURVE('',#1816,#3465);
#3465 = DEFINITIONAL_REPRESENTATION('',(#3466),#3470);
#3466 = LINE('',#3467,#3468);
#3467 = CARTESIAN_POINT('',(75.545,41.055));
#3468 = VECTOR('',#3469,1.);
#3469 = DIRECTION('',(0.,1.));
#3470 = ( GEOMETRIC_REPRESENTATION_CONTEXT(2) 
PARAMETRIC_REPRESENTATION_CONTEXT() REPRESENTATION_CONTEXT('2D SPACE',''
  ) );
#3471 = PCURVE('',#2107,#3472);
#3472 = DEFINITIONAL_REPRESENTATION('',(#3473),#3477);
#3473 = LINE('',#3474,#3475);
#3474 = CARTESIAN_POINT('',(1.E-01,41.055));
#3475 = VECTOR('',#3476,1.);
#3476 = DIRECTION('',(0.,-1.));
#3477 = ( GEOMETRIC_REPRESENTATION_CONTEXT(2) 
PARAMETRIC_REPRESENTATION_CONTEXT() REPRESENTATION_CONTEXT('2D SPACE',''
  ) );
#3478 = FACE_BOUND('',#3479,.F.);
#3479 = EDGE_LOOP('',(#3480));
#3480 = ORIENTED_EDGE('',*,*,#3481,.T.);
#3481 = EDGE_CURVE('',#3482,#3482,#3484,.T.);
#3482 = VERTEX_POINT('',#3483);
#3483 = CARTESIAN_POINT('',(6.7,5.,13.));
#3484 = SURFACE_CURVE('',#3485,(#3490,#3501),.PCURVE_S1.);
#3485 = CIRCLE('',#3486,1.7);
#3486 = AXIS2_PLACEMENT_3D('',#3487,#3488,#3489);
#3487 = CARTESIAN_POINT('',(5.,5.,13.));
#3488 = DIRECTION('',(0.,0.,-1.));
#3489 = DIRECTION('',(1.,0.,0.));
#3490 = PCURVE('',#1816,#3491);
#3491 = DEFINITIONAL_REPRESENTATION('',(#3492),#3500);
#3492 = ( BOUNDED_CURVE() B_SPLINE_CURVE(2,(#3493,#3494,#3495,#3496,
#3497,#3498,#3499),.UNSPECIFIED.,.T.,.F.) B_SPLINE_CURVE_WITH_KNOTS((1,2
    ,2,2,2,1),(-2.094395102393,0.,2.094395102393,4.188790204786,
6.28318530718,8.377580409573),.UNSPECIFIED.) CURVE() 
GEOMETRIC_REPRESENTATION_ITEM() RATIONAL_B_SPLINE_CURVE((1.,0.5,1.,0.5,
1.,0.5,1.)) REPRESENTATION_ITEM('') );
#3493 = CARTESIAN_POINT('',(6.7,5.));
#3494 = CARTESIAN_POINT('',(6.7,2.055513627133));
#3495 = CARTESIAN_POINT('',(4.15,3.527756813566));
#3496 = CARTESIAN_POINT('',(1.6,5.));
#3497 = CARTESIAN_POINT('',(4.15,6.472243186434));
#3498 = CARTESIAN_POINT('',(6.7,7.944486372867));
#3499 = CARTESIAN_POINT('',(6.7,5.));
#3500 = ( GEOMETRIC_REPRESENTATION_CONTEXT(2) 
PARAMETRIC_REPRESENTATION_CONTEXT() REPRESENTATION_CONTEXT('2D SPACE',''
  ) );
#3501 = PCURVE('',#2142,#3502);
#3502 = DEFINITIONAL_REPRESENTATION('',(#3503),#3507);
#3503 = LINE('',#3504,#3505);
#3504 = CARTESIAN_POINT('',(-4.138911435803E-13,-0.1));
#3505 = VECTOR('',#3506,1.);
#3506 = DIRECTION('',(1.,-0.));
#3507 = ( GEOMETRIC_REPRESENTATION_CONTEXT(2) 
PARAMETRIC_REPRESENTATION_CONTEXT() REPRESENTATION_CONTEXT('2D SPACE',''
  ) );
#3508 = FACE_BOUND('',#3509,.F.);
#3509 = EDGE_LOOP('',(#3510,#3535,#3558,#3581));
#3510 = ORIENTED_EDGE('',*,*,#3511,.T.);
#3511 = EDGE_CURVE('',#3512,#3514,#3516,.T.);
#3512 = VERTEX_POINT('',#3513);
#3513 = CARTESIAN_POINT('',(31.66,10.5,13.));
#3514 = VERTEX_POINT('',#3515);
#3515 = CARTESIAN_POINT('',(17.66,10.5,13.));
#3516 = SURFACE_CURVE('',#3517,(#3521,#3528),.PCURVE_S1.);
#3517 = LINE('',#3518,#3519);
#3518 = CARTESIAN_POINT('',(8.83,10.5,13.));
#3519 = VECTOR('',#3520,1.);
#3520 = DIRECTION('',(-1.,0.,0.));
#3521 = PCURVE('',#1816,#3522);
#3522 = DEFINITIONAL_REPRESENTATION('',(#3523),#3527);
#3523 = LINE('',#3524,#3525);
#3524 = CARTESIAN_POINT('',(8.83,10.5));
#3525 = VECTOR('',#3526,1.);
#3526 = DIRECTION('',(-1.,0.));
#3527 = ( GEOMETRIC_REPRESENTATION_CONTEXT(2) 
PARAMETRIC_REPRESENTATION_CONTEXT() REPRESENTATION_CONTEXT('2D SPACE',''
  ) );
#3528 = PCURVE('',#2174,#3529);
#3529 = DEFINITIONAL_REPRESENTATION('',(#3530),#3534);
#3530 = LINE('',#3531,#3532);
#3531 = CARTESIAN_POINT('',(1.E-01,-8.83));
#3532 = VECTOR('',#3533,1.);
#3533 = DIRECTION('',(0.,-1.));
#3534 = ( GEOMETRIC_REPRESENTATION_CONTEXT(2) 
PARAMETRIC_REPRESENTATION_CONTEXT() REPRESENTATION_CONTEXT('2D SPACE',''
  ) );
#3535 = ORIENTED_EDGE('',*,*,#3536,.T.);
#3536 = EDGE_CURVE('',#3514,#3537,#3539,.T.);
#3537 = VERTEX_POINT('',#3538);
#3538 = CARTESIAN_POINT('',(17.66,24.5,13.));
#3539 = SURFACE_CURVE('',#3540,(#3544,#3551),.PCURVE_S1.);
#3540 = LINE('',#3541,#3542);
#3541 = CARTESIAN_POINT('',(17.66,5.25,13.));
#3542 = VECTOR('',#3543,1.);
#3543 = DIRECTION('',(0.,1.,0.));
#3544 = PCURVE('',#1816,#3545);
#3545 = DEFINITIONAL_REPRESENTATION('',(#3546),#3550);
#3546 = LINE('',#3547,#3548);
#3547 = CARTESIAN_POINT('',(17.66,5.25));
#3548 = VECTOR('',#3549,1.);
#3549 = DIRECTION('',(0.,1.));
#3550 = ( GEOMETRIC_REPRESENTATION_CONTEXT(2) 
PARAMETRIC_REPRESENTATION_CONTEXT() REPRESENTATION_CONTEXT('2D SPACE',''
  ) );
#3551 = PCURVE('',#2202,#3552);
#3552 = DEFINITIONAL_REPRESENTATION('',(#3553),#3557);
#3553 = LINE('',#3554,#3555);
#3554 = CARTESIAN_POINT('',(1.E-01,5.25));
#3555 = VECTOR('',#3556,1.);
#3556 = DIRECTION('',(0.,-1.));
#3557 = ( GEOMETRIC_REPRESENTATION_CONTEXT(2) 
PARAMETRIC_REPRESENTATION_CONTEXT() REPRESENTATION_CONTEXT('2D SPACE',''
  ) );
#3558 = ORIENTED_EDGE('',*,*,#3559,.F.);
#3559 = EDGE_CURVE('',#3560,#3537,#3562,.T.);
#3560 = VERTEX_POINT('',#3561);
#3561 = CARTESIAN_POINT('',(31.66,24.5,13.));
#3562 = SURFACE_CURVE('',#3563,(#3567,#3574),.PCURVE_S1.);
#3563 = LINE('',#3564,#3565);
#3564 = CARTESIAN_POINT('',(8.83,24.5,13.));
#3565 = VECTOR('',#3566,1.);
#3566 = DIRECTION('',(-1.,0.,0.));
#3567 = PCURVE('',#1816,#3568);
#3568 = DEFINITIONAL_REPRESENTATION('',(#3569),#3573);
#3569 = LINE('',#3570,#3571);
#3570 = CARTESIAN_POINT('',(8.83,24.5));
#3571 = VECTOR('',#3572,1.);
#3572 = DIRECTION('',(-1.,0.));
#3573 = ( GEOMETRIC_REPRESENTATION_CONTEXT(2) 
PARAMETRIC_REPRESENTATION_CONTEXT() REPRESENTATION_CONTEXT('2D SPACE',''
  ) );
#3574 = PCURVE('',#2230,#3575);
#3575 = DEFINITIONAL_REPRESENTATION('',(#3576),#3580);
#3576 = LINE('',#3577,#3578);
#3577 = CARTESIAN_POINT('',(1.E-01,-8.83));
#3578 = VECTOR('',#3579,1.);
#3579 = DIRECTION('',(0.,-1.));
#3580 = ( GEOMETRIC_REPRESENTATION_CONTEXT(2) 
PARAMETRIC_REPRESENTATION_CONTEXT() REPRESENTATION_CONTEXT('2D SPACE',''
  ) );
#3581 = ORIENTED_EDGE('',*,*,#3582,.F.);
#3582 = EDGE_CURVE('',#3512,#3560,#3583,.T.);
#3583 = SURFACE_CURVE('',#3584,(#3588,#3595),.PCURVE_S1.);
#3584 = LINE('',#3585,#3586);
#3585 = CARTESIAN_POINT('',(31.66,5.25,13.));
#3586 = VECTOR('',#3587,1.);
#3587 = DIRECTION('',(0.,1.,0.));
#3588 = PCURVE('',#1816,#3589);
#3589 = DEFINITIONAL_REPRESENTATION('',(#3590),#3594);
#3590 = LINE('',#3591,#3592);
#3591 = CARTESIAN_POINT('',(31.66,5.25));
#3592 = VECTOR('',#3593,1.);
#3593 = DIRECTION('',(0.,1.));
#3594 = ( GEOMETRIC_REPRESENTATION_CONTEXT(2) 
PARAMETRIC_REPRESENTATION_CONTEXT() REPRESENTATION_CONTEXT('2D SPACE',''
  ) );
#3595 = PCURVE('',#2256,#3596);
#3596 = DEFINITIONAL_REPRESENTATION('',(#3597),#3601);
#3597 = LINE('',#3598,#3599);
#3598 = CARTESIAN_POINT('',(1.E-01,5.25));
#3599 = VECTOR('',#3600,1.);
#3600 = DIRECTION('',(0.,-1.));
#3601 = ( GEOMETRIC_REPRESENTATION_CONTEXT(2) 
PARAMETRIC_REPRESENTATION_CONTEXT() REPRESENTATION_CONTEXT('2D SPACE',''
  ) );
#3602 = FACE_BOUND('',#3603,.F.);
#3603 = EDGE_LOOP('',(#3604,#3629,#3652,#3675));
#3604 = ORIENTED_EDGE('',*,*,#3605,.T.);
#3605 = EDGE_CURVE('',#3606,#3608,#3610,.T.);
#3606 = VERTEX_POINT('',#3607);
#3607 = CARTESIAN_POINT('',(55.5,10.46,13.));
#3608 = VERTEX_POINT('',#3609);
#3609 = CARTESIAN_POINT('',(41.5,10.46,13.));
#3610 = SURFACE_CURVE('',#3611,(#3615,#3622),.PCURVE_S1.);
#3611 = LINE('',#3612,#3613);
#3612 = CARTESIAN_POINT('',(20.75,10.46,13.));
#3613 = VECTOR('',#3614,1.);
#3614 = DIRECTION('',(-1.,0.,0.));
#3615 = PCURVE('',#1816,#3616);
#3616 = DEFINITIONAL_REPRESENTATION('',(#3617),#3621);
#3617 = LINE('',#3618,#3619);
#3618 = CARTESIAN_POINT('',(20.75,10.46));
#3619 = VECTOR('',#3620,1.);
#3620 = DIRECTION('',(-1.,0.));
#3621 = ( GEOMETRIC_REPRESENTATION_CONTEXT(2) 
PARAMETRIC_REPRESENTATION_CONTEXT() REPRESENTATION_CONTEXT('2D SPACE',''
  ) );
#3622 = PCURVE('',#2288,#3623);
#3623 = DEFINITIONAL_REPRESENTATION('',(#3624),#3628);
#3624 = LINE('',#3625,#3626);
#3625 = CARTESIAN_POINT('',(1.E-01,-20.75));
#3626 = VECTOR('',#3627,1.);
#3627 = DIRECTION('',(0.,-1.));
#3628 = ( GEOMETRIC_REPRESENTATION_CONTEXT(2) 
PARAMETRIC_REPRESENTATION_CONTEXT() REPRESENTATION_CONTEXT('2D SPACE',''
  ) );
#3629 = ORIENTED_EDGE('',*,*,#3630,.T.);
#3630 = EDGE_CURVE('',#3608,#3631,#3633,.T.);
#3631 = VERTEX_POINT('',#3632);
#3632 = CARTESIAN_POINT('',(41.5,24.46,13.));
#3633 = SURFACE_CURVE('',#3634,(#3638,#3645),.PCURVE_S1.);
#3634 = LINE('',#3635,#3636);
#3635 = CARTESIAN_POINT('',(41.5,5.23,13.));
#3636 = VECTOR('',#3637,1.);
#3637 = DIRECTION('',(0.,1.,0.));
#3638 = PCURVE('',#1816,#3639);
#3639 = DEFINITIONAL_REPRESENTATION('',(#3640),#3644);
#3640 = LINE('',#3641,#3642);
#3641 = CARTESIAN_POINT('',(41.5,5.23));
#3642 = VECTOR('',#3643,1.);
#3643 = DIRECTION('',(0.,1.));
#3644 = ( GEOMETRIC_REPRESENTATION_CONTEXT(2) 
PARAMETRIC_REPRESENTATION_CONTEXT() REPRESENTATION_CONTEXT('2D SPACE',''
  ) );
#3645 = PCURVE('',#2316,#3646);
#3646 = DEFINITIONAL_REPRESENTATION('',(#3647),#3651);
#3647 = LINE('',#3648,#3649);
#3648 = CARTESIAN_POINT('',(1.E-01,5.23));
#3649 = VECTOR('',#3650,1.);
#3650 = DIRECTION('',(0.,-1.));
#3651 = ( GEOMETRIC_REPRESENTATION_CONTEXT(2) 
PARAMETRIC_REPRESENTATION_CONTEXT() REPRESENTATION_CONTEXT('2D SPACE',''
  ) );
#3652 = ORIENTED_EDGE('',*,*,#3653,.F.);
#3653 = EDGE_CURVE('',#3654,#3631,#3656,.T.);
#3654 = VERTEX_POINT('',#3655);
#3655 = CARTESIAN_POINT('',(55.5,24.46,13.));
#3656 = SURFACE_CURVE('',#3657,(#3661,#3668),.PCURVE_S1.);
#3657 = LINE('',#3658,#3659);
#3658 = CARTESIAN_POINT('',(20.75,24.46,13.));
#3659 = VECTOR('',#3660,1.);
#3660 = DIRECTION('',(-1.,0.,0.));
#3661 = PCURVE('',#1816,#3662);
#3662 = DEFINITIONAL_REPRESENTATION('',(#3663),#3667);
#3663 = LINE('',#3664,#3665);
#3664 = CARTESIAN_POINT('',(20.75,24.46));
#3665 = VECTOR('',#3666,1.);
#3666 = DIRECTION('',(-1.,0.));
#3667 = ( GEOMETRIC_REPRESENTATION_CONTEXT(2) 
PARAMETRIC_REPRESENTATION_CONTEXT() REPRESENTATION_CONTEXT('2D SPACE',''
  ) );
#3668 = PCURVE('',#2344,#3669);
#3669 = DEFINITIONAL_REPRESENTATION('',(#3670),#3674);
#3670 = LINE('',#3671,#3672);
#3671 = CARTESIAN_POINT('',(1.E-01,-20.75));
#3672 = VECTOR('',#3673,1.);
#3673 = DIRECTION('',(0.,-1.));
#3674 = ( GEOMETRIC_REPRESENTATION_CONTEXT(2) 
PARAMETRIC_REPRESENTATION_CONTEXT() REPRESENTATION_CONTEXT('2D SPACE',''
  ) );
#3675 = ORIENTED_EDGE('',*,*,#3676,.F.);
#3676 = EDGE_CURVE('',#3606,#3654,#3677,.T.);
#3677 = SURFACE_CURVE('',#3678,(#3682,#3689),.PCURVE_S1.);
#3678 = LINE('',#3679,#3680);
#3679 = CARTESIAN_POINT('',(55.5,5.23,13.));
#3680 = VECTOR('',#3681,1.);
#3681 = DIRECTION('',(0.,1.,0.));
#3682 = PCURVE('',#1816,#3683);
#3683 = DEFINITIONAL_REPRESENTATION('',(#3684),#3688);
#3684 = LINE('',#3685,#3686);
#3685 = CARTESIAN_POINT('',(55.5,5.23));
#3686 = VECTOR('',#3687,1.);
#3687 = DIRECTION('',(0.,1.));
#3688 = ( GEOMETRIC_REPRESENTATION_CONTEXT(2) 
PARAMETRIC_REPRESENTATION_CONTEXT() REPRESENTATION_CONTEXT('2D SPACE',''
  ) );
#3689 = PCURVE('',#2370,#3690);
#3690 = DEFINITIONAL_REPRESENTATION('',(#3691),#3695);
#3691 = LINE('',#3692,#3693);
#3692 = CARTESIAN_POINT('',(1.E-01,5.23));
#3693 = VECTOR('',#3694,1.);
#3694 = DIRECTION('',(0.,-1.));
#3695 = ( GEOMETRIC_REPRESENTATION_CONTEXT(2) 
PARAMETRIC_REPRESENTATION_CONTEXT() REPRESENTATION_CONTEXT('2D SPACE',''
  ) );
#3696 = FACE_BOUND('',#3697,.F.);
#3697 = EDGE_LOOP('',(#3698,#3723,#3746,#3769));
#3698 = ORIENTED_EDGE('',*,*,#3699,.T.);
#3699 = EDGE_CURVE('',#3700,#3702,#3704,.T.);
#3700 = VERTEX_POINT('',#3701);
#3701 = CARTESIAN_POINT('',(31.76,30.9,13.));
#3702 = VERTEX_POINT('',#3703);
#3703 = CARTESIAN_POINT('',(17.76,30.9,13.));
#3704 = SURFACE_CURVE('',#3705,(#3709,#3716),.PCURVE_S1.);
#3705 = LINE('',#3706,#3707);
#3706 = CARTESIAN_POINT('',(8.88,30.9,13.));
#3707 = VECTOR('',#3708,1.);
#3708 = DIRECTION('',(-1.,0.,0.));
#3709 = PCURVE('',#1816,#3710);
#3710 = DEFINITIONAL_REPRESENTATION('',(#3711),#3715);
#3711 = LINE('',#3712,#3713);
#3712 = CARTESIAN_POINT('',(8.88,30.9));
#3713 = VECTOR('',#3714,1.);
#3714 = DIRECTION('',(-1.,0.));
#3715 = ( GEOMETRIC_REPRESENTATION_CONTEXT(2) 
PARAMETRIC_REPRESENTATION_CONTEXT() REPRESENTATION_CONTEXT('2D SPACE',''
  ) );
#3716 = PCURVE('',#2402,#3717);
#3717 = DEFINITIONAL_REPRESENTATION('',(#3718),#3722);
#3718 = LINE('',#3719,#3720);
#3719 = CARTESIAN_POINT('',(1.E-01,-8.88));
#3720 = VECTOR('',#3721,1.);
#3721 = DIRECTION('',(0.,-1.));
#3722 = ( GEOMETRIC_REPRESENTATION_CONTEXT(2) 
PARAMETRIC_REPRESENTATION_CONTEXT() REPRESENTATION_CONTEXT('2D SPACE',''
  ) );
#3723 = ORIENTED_EDGE('',*,*,#3724,.T.);
#3724 = EDGE_CURVE('',#3702,#3725,#3727,.T.);
#3725 = VERTEX_POINT('',#3726);
#3726 = CARTESIAN_POINT('',(17.76,44.9,13.));
#3727 = SURFACE_CURVE('',#3728,(#3732,#3739),.PCURVE_S1.);
#3728 = LINE('',#3729,#3730);
#3729 = CARTESIAN_POINT('',(17.76,15.45,13.));
#3730 = VECTOR('',#3731,1.);
#3731 = DIRECTION('',(0.,1.,0.));
#3732 = PCURVE('',#1816,#3733);
#3733 = DEFINITIONAL_REPRESENTATION('',(#3734),#3738);
#3734 = LINE('',#3735,#3736);
#3735 = CARTESIAN_POINT('',(17.76,15.45));
#3736 = VECTOR('',#3737,1.);
#3737 = DIRECTION('',(0.,1.));
#3738 = ( GEOMETRIC_REPRESENTATION_CONTEXT(2) 
PARAMETRIC_REPRESENTATION_CONTEXT() REPRESENTATION_CONTEXT('2D SPACE',''
  ) );
#3739 = PCURVE('',#2430,#3740);
#3740 = DEFINITIONAL_REPRESENTATION('',(#3741),#3745);
#3741 = LINE('',#3742,#3743);
#3742 = CARTESIAN_POINT('',(1.E-01,15.45));
#3743 = VECTOR('',#3744,1.);
#3744 = DIRECTION('',(0.,-1.));
#3745 = ( GEOMETRIC_REPRESENTATION_CONTEXT(2) 
PARAMETRIC_REPRESENTATION_CONTEXT() REPRESENTATION_CONTEXT('2D SPACE',''
  ) );
#3746 = ORIENTED_EDGE('',*,*,#3747,.F.);
#3747 = EDGE_CURVE('',#3748,#3725,#3750,.T.);
#3748 = VERTEX_POINT('',#3749);
#3749 = CARTESIAN_POINT('',(31.76,44.9,13.));
#3750 = SURFACE_CURVE('',#3751,(#3755,#3762),.PCURVE_S1.);
#3751 = LINE('',#3752,#3753);
#3752 = CARTESIAN_POINT('',(8.88,44.9,13.));
#3753 = VECTOR('',#3754,1.);
#3754 = DIRECTION('',(-1.,0.,0.));
#3755 = PCURVE('',#1816,#3756);
#3756 = DEFINITIONAL_REPRESENTATION('',(#3757),#3761);
#3757 = LINE('',#3758,#3759);
#3758 = CARTESIAN_POINT('',(8.88,44.9));
#3759 = VECTOR('',#3760,1.);
#3760 = DIRECTION('',(-1.,0.));
#3761 = ( GEOMETRIC_REPRESENTATION_CONTEXT(2) 
PARAMETRIC_REPRESENTATION_CONTEXT() REPRESENTATION_CONTEXT('2D SPACE',''
  ) );
#3762 = PCURVE('',#2458,#3763);
#3763 = DEFINITIONAL_REPRESENTATION('',(#3764),#3768);
#3764 = LINE('',#3765,#3766);
#3765 = CARTESIAN_POINT('',(1.E-01,-8.88));
#3766 = VECTOR('',#3767,1.);
#3767 = DIRECTION('',(0.,-1.));
#3768 = ( GEOMETRIC_REPRESENTATION_CONTEXT(2) 
PARAMETRIC_REPRESENTATION_CONTEXT() REPRESENTATION_CONTEXT('2D SPACE',''
  ) );
#3769 = ORIENTED_EDGE('',*,*,#3770,.F.);
#3770 = EDGE_CURVE('',#3700,#3748,#3771,.T.);
#3771 = SURFACE_CURVE('',#3772,(#3776,#3783),.PCURVE_S1.);
#3772 = LINE('',#3773,#3774);
#3773 = CARTESIAN_POINT('',(31.76,15.45,13.));
#3774 = VECTOR('',#3775,1.);
#3775 = DIRECTION('',(0.,1.,0.));
#3776 = PCURVE('',#1816,#3777);
#3777 = DEFINITIONAL_REPRESENTATION('',(#3778),#3782);
#3778 = LINE('',#3779,#3780);
#3779 = CARTESIAN_POINT('',(31.76,15.45));
#3780 = VECTOR('',#3781,1.);
#3781 = DIRECTION('',(0.,1.));
#3782 = ( GEOMETRIC_REPRESENTATION_CONTEXT(2) 
PARAMETRIC_REPRESENTATION_CONTEXT() REPRESENTATION_CONTEXT('2D SPACE',''
  ) );
#3783 = PCURVE('',#2484,#3784);
#3784 = DEFINITIONAL_REPRESENTATION('',(#3785),#3789);
#3785 = LINE('',#3786,#3787);
#3786 = CARTESIAN_POINT('',(1.E-01,15.45));
#3787 = VECTOR('',#3788,1.);
#3788 = DIRECTION('',(0.,-1.));
#3789 = ( GEOMETRIC_REPRESENTATION_CONTEXT(2) 
PARAMETRIC_REPRESENTATION_CONTEXT() REPRESENTATION_CONTEXT('2D SPACE',''
  ) );
#3790 = FACE_BOUND('',#3791,.F.);
#3791 = EDGE_LOOP('',(#3792,#3817,#3840,#3863));
#3792 = ORIENTED_EDGE('',*,*,#3793,.T.);
#3793 = EDGE_CURVE('',#3794,#3796,#3798,.T.);
#3794 = VERTEX_POINT('',#3795);
#3795 = CARTESIAN_POINT('',(55.39,30.7,13.));
#3796 = VERTEX_POINT('',#3797);
#3797 = CARTESIAN_POINT('',(41.39,30.7,13.));
#3798 = SURFACE_CURVE('',#3799,(#3803,#3810),.PCURVE_S1.);
#3799 = LINE('',#3800,#3801);
#3800 = CARTESIAN_POINT('',(20.695,30.7,13.));
#3801 = VECTOR('',#3802,1.);
#3802 = DIRECTION('',(-1.,0.,0.));
#3803 = PCURVE('',#1816,#3804);
#3804 = DEFINITIONAL_REPRESENTATION('',(#3805),#3809);
#3805 = LINE('',#3806,#3807);
#3806 = CARTESIAN_POINT('',(20.695,30.7));
#3807 = VECTOR('',#3808,1.);
#3808 = DIRECTION('',(-1.,0.));
#3809 = ( GEOMETRIC_REPRESENTATION_CONTEXT(2) 
PARAMETRIC_REPRESENTATION_CONTEXT() REPRESENTATION_CONTEXT('2D SPACE',''
  ) );
#3810 = PCURVE('',#2516,#3811);
#3811 = DEFINITIONAL_REPRESENTATION('',(#3812),#3816);
#3812 = LINE('',#3813,#3814);
#3813 = CARTESIAN_POINT('',(1.E-01,-20.695));
#3814 = VECTOR('',#3815,1.);
#3815 = DIRECTION('',(0.,-1.));
#3816 = ( GEOMETRIC_REPRESENTATION_CONTEXT(2) 
PARAMETRIC_REPRESENTATION_CONTEXT() REPRESENTATION_CONTEXT('2D SPACE',''
  ) );
#3817 = ORIENTED_EDGE('',*,*,#3818,.T.);
#3818 = EDGE_CURVE('',#3796,#3819,#3821,.T.);
#3819 = VERTEX_POINT('',#3820);
#3820 = CARTESIAN_POINT('',(41.39,44.7,13.));
#3821 = SURFACE_CURVE('',#3822,(#3826,#3833),.PCURVE_S1.);
#3822 = LINE('',#3823,#3824);
#3823 = CARTESIAN_POINT('',(41.39,15.35,13.));
#3824 = VECTOR('',#3825,1.);
#3825 = DIRECTION('',(0.,1.,0.));
#3826 = PCURVE('',#1816,#3827);
#3827 = DEFINITIONAL_REPRESENTATION('',(#3828),#3832);
#3828 = LINE('',#3829,#3830);
#3829 = CARTESIAN_POINT('',(41.39,15.35));
#3830 = VECTOR('',#3831,1.);
#3831 = DIRECTION('',(0.,1.));
#3832 = ( GEOMETRIC_REPRESENTATION_CONTEXT(2) 
PARAMETRIC_REPRESENTATION_CONTEXT() REPRESENTATION_CONTEXT('2D SPACE',''
  ) );
#3833 = PCURVE('',#2544,#3834);
#3834 = DEFINITIONAL_REPRESENTATION('',(#3835),#3839);
#3835 = LINE('',#3836,#3837);
#3836 = CARTESIAN_POINT('',(1.E-01,15.35));
#3837 = VECTOR('',#3838,1.);
#3838 = DIRECTION('',(0.,-1.));
#3839 = ( GEOMETRIC_REPRESENTATION_CONTEXT(2) 
PARAMETRIC_REPRESENTATION_CONTEXT() REPRESENTATION_CONTEXT('2D SPACE',''
  ) );
#3840 = ORIENTED_EDGE('',*,*,#3841,.F.);
#3841 = EDGE_CURVE('',#3842,#3819,#3844,.T.);
#3842 = VERTEX_POINT('',#3843);
#3843 = CARTESIAN_POINT('',(55.39,44.7,13.));
#3844 = SURFACE_CURVE('',#3845,(#3849,#3856),.PCURVE_S1.);
#3845 = LINE('',#3846,#3847);
#3846 = CARTESIAN_POINT('',(20.695,44.7,13.));
#3847 = VECTOR('',#3848,1.);
#3848 = DIRECTION('',(-1.,0.,0.));
#3849 = PCURVE('',#1816,#3850);
#3850 = DEFINITIONAL_REPRESENTATION('',(#3851),#3855);
#3851 = LINE('',#3852,#3853);
#3852 = CARTESIAN_POINT('',(20.695,44.7));
#3853 = VECTOR('',#3854,1.);
#3854 = DIRECTION('',(-1.,0.));
#3855 = ( GEOMETRIC_REPRESENTATION_CONTEXT(2) 
PARAMETRIC_REPRESENTATION_CONTEXT() REPRESENTATION_CONTEXT('2D SPACE',''
  ) );
#3856 = PCURVE('',#2572,#3857);
#3857 = DEFINITIONAL_REPRESENTATION('',(#3858),#3862);
#3858 = LINE('',#3859,#3860);
#3859 = CARTESIAN_POINT('',(1.E-01,-20.695));
#3860 = VECTOR('',#3861,1.);
#3861 = DIRECTION('',(0.,-1.));
#3862 = ( GEOMETRIC_REPRESENTATION_CONTEXT(2) 
PARAMETRIC_REPRESENTATION_CONTEXT() REPRESENTATION_CONTEXT('2D SPACE',''
  ) );
#3863 = ORIENTED_EDGE('',*,*,#3864,.F.);
#3864 = EDGE_CURVE('',#3794,#3842,#3865,.T.);
#3865 = SURFACE_CURVE('',#3866,(#3870,#3877),.PCURVE_S1.);
#3866 = LINE('',#3867,#3868);
#3867 = CARTESIAN_POINT('',(55.39,15.35,13.));
#3868 = VECTOR('',#3869,1.);
#3869 = DIRECTION('',(0.,1.,0.));
#3870 = PCURVE('',#1816,#3871);
#3871 = DEFINITIONAL_REPRESENTATION('',(#3872),#3876);
#3872 = LINE('',#3873,#3874);
#3873 = CARTESIAN_POINT('',(55.39,15.35));
#3874 = VECTOR('',#3875,1.);
#3875 = DIRECTION('',(0.,1.));
#3876 = ( GEOMETRIC_REPRESENTATION_CONTEXT(2) 
PARAMETRIC_REPRESENTATION_CONTEXT() REPRESENTATION_CONTEXT('2D SPACE',''
  ) );
#3877 = PCURVE('',#2598,#3878);
#3878 = DEFINITIONAL_REPRESENTATION('',(#3879),#3883);
#3879 = LINE('',#3880,#3881);
#3880 = CARTESIAN_POINT('',(1.E-01,15.35));
#3881 = VECTOR('',#3882,1.);
#3882 = DIRECTION('',(0.,-1.));
#3883 = ( GEOMETRIC_REPRESENTATION_CONTEXT(2) 
PARAMETRIC_REPRESENTATION_CONTEXT() REPRESENTATION_CONTEXT('2D SPACE',''
  ) );
#3884 = FACE_BOUND('',#3885,.F.);
#3885 = EDGE_LOOP('',(#3886,#3911,#3934,#3957));
#3886 = ORIENTED_EDGE('',*,*,#3887,.T.);
#3887 = EDGE_CURVE('',#3888,#3890,#3892,.T.);
#3888 = VERTEX_POINT('',#3889);
#3889 = CARTESIAN_POINT('',(79.63,10.56,13.));
#3890 = VERTEX_POINT('',#3891);
#3891 = CARTESIAN_POINT('',(65.63,10.56,13.));
#3892 = SURFACE_CURVE('',#3893,(#3897,#3904),.PCURVE_S1.);
#3893 = LINE('',#3894,#3895);
#3894 = CARTESIAN_POINT('',(32.815,10.56,13.));
#3895 = VECTOR('',#3896,1.);
#3896 = DIRECTION('',(-1.,0.,0.));
#3897 = PCURVE('',#1816,#3898);
#3898 = DEFINITIONAL_REPRESENTATION('',(#3899),#3903);
#3899 = LINE('',#3900,#3901);
#3900 = CARTESIAN_POINT('',(32.815,10.56));
#3901 = VECTOR('',#3902,1.);
#3902 = DIRECTION('',(-1.,0.));
#3903 = ( GEOMETRIC_REPRESENTATION_CONTEXT(2) 
PARAMETRIC_REPRESENTATION_CONTEXT() REPRESENTATION_CONTEXT('2D SPACE',''
  ) );
#3904 = PCURVE('',#2630,#3905);
#3905 = DEFINITIONAL_REPRESENTATION('',(#3906),#3910);
#3906 = LINE('',#3907,#3908);
#3907 = CARTESIAN_POINT('',(1.E-01,-32.815));
#3908 = VECTOR('',#3909,1.);
#3909 = DIRECTION('',(0.,-1.));
#3910 = ( GEOMETRIC_REPRESENTATION_CONTEXT(2) 
PARAMETRIC_REPRESENTATION_CONTEXT() REPRESENTATION_CONTEXT('2D SPACE',''
  ) );
#3911 = ORIENTED_EDGE('',*,*,#3912,.T.);
#3912 = EDGE_CURVE('',#3890,#3913,#3915,.T.);
#3913 = VERTEX_POINT('',#3914);
#3914 = CARTESIAN_POINT('',(65.63,24.56,13.));
#3915 = SURFACE_CURVE('',#3916,(#3920,#3927),.PCURVE_S1.);
#3916 = LINE('',#3917,#3918);
#3917 = CARTESIAN_POINT('',(65.63,5.28,13.));
#3918 = VECTOR('',#3919,1.);
#3919 = DIRECTION('',(0.,1.,0.));
#3920 = PCURVE('',#1816,#3921);
#3921 = DEFINITIONAL_REPRESENTATION('',(#3922),#3926);
#3922 = LINE('',#3923,#3924);
#3923 = CARTESIAN_POINT('',(65.63,5.28));
#3924 = VECTOR('',#3925,1.);
#3925 = DIRECTION('',(0.,1.));
#3926 = ( GEOMETRIC_REPRESENTATION_CONTEXT(2) 
PARAMETRIC_REPRESENTATION_CONTEXT() REPRESENTATION_CONTEXT('2D SPACE',''
  ) );
#3927 = PCURVE('',#2658,#3928);
#3928 = DEFINITIONAL_REPRESENTATION('',(#3929),#3933);
#3929 = LINE('',#3930,#3931);
#3930 = CARTESIAN_POINT('',(1.E-01,5.28));
#3931 = VECTOR('',#3932,1.);
#3932 = DIRECTION('',(0.,-1.));
#3933 = ( GEOMETRIC_REPRESENTATION_CONTEXT(2) 
PARAMETRIC_REPRESENTATION_CONTEXT() REPRESENTATION_CONTEXT('2D SPACE',''
  ) );
#3934 = ORIENTED_EDGE('',*,*,#3935,.F.);
#3935 = EDGE_CURVE('',#3936,#3913,#3938,.T.);
#3936 = VERTEX_POINT('',#3937);
#3937 = CARTESIAN_POINT('',(79.63,24.56,13.));
#3938 = SURFACE_CURVE('',#3939,(#3943,#3950),.PCURVE_S1.);
#3939 = LINE('',#3940,#3941);
#3940 = CARTESIAN_POINT('',(32.815,24.56,13.));
#3941 = VECTOR('',#3942,1.);
#3942 = DIRECTION('',(-1.,0.,0.));
#3943 = PCURVE('',#1816,#3944);
#3944 = DEFINITIONAL_REPRESENTATION('',(#3945),#3949);
#3945 = LINE('',#3946,#3947);
#3946 = CARTESIAN_POINT('',(32.815,24.56));
#3947 = VECTOR('',#3948,1.);
#3948 = DIRECTION('',(-1.,0.));
#3949 = ( GEOMETRIC_REPRESENTATION_CONTEXT(2) 
PARAMETRIC_REPRESENTATION_CONTEXT() REPRESENTATION_CONTEXT('2D SPACE',''
  ) );
#3950 = PCURVE('',#2686,#3951);
#3951 = DEFINITIONAL_REPRESENTATION('',(#3952),#3956);
#3952 = LINE('',#3953,#3954);
#3953 = CARTESIAN_POINT('',(1.E-01,-32.815));
#3954 = VECTOR('',#3955,1.);
#3955 = DIRECTION('',(0.,-1.));
#3956 = ( GEOMETRIC_REPRESENTATION_CONTEXT(2) 
PARAMETRIC_REPRESENTATION_CONTEXT() REPRESENTATION_CONTEXT('2D SPACE',''
  ) );
#3957 = ORIENTED_EDGE('',*,*,#3958,.F.);
#3958 = EDGE_CURVE('',#3888,#3936,#3959,.T.);
#3959 = SURFACE_CURVE('',#3960,(#3964,#3971),.PCURVE_S1.);
#3960 = LINE('',#3961,#3962);
#3961 = CARTESIAN_POINT('',(79.63,5.28,13.));
#3962 = VECTOR('',#3963,1.);
#3963 = DIRECTION('',(0.,1.,0.));
#3964 = PCURVE('',#1816,#3965);
#3965 = DEFINITIONAL_REPRESENTATION('',(#3966),#3970);
#3966 = LINE('',#3967,#3968);
#3967 = CARTESIAN_POINT('',(79.63,5.28));
#3968 = VECTOR('',#3969,1.);
#3969 = DIRECTION('',(0.,1.));
#3970 = ( GEOMETRIC_REPRESENTATION_CONTEXT(2) 
PARAMETRIC_REPRESENTATION_CONTEXT() REPRESENTATION_CONTEXT('2D SPACE',''
  ) );
#3971 = PCURVE('',#2712,#3972);
#3972 = DEFINITIONAL_REPRESENTATION('',(#3973),#3977);
#3973 = LINE('',#3974,#3975);
#3974 = CARTESIAN_POINT('',(1.E-01,5.28));
#3975 = VECTOR('',#3976,1.);
#3976 = DIRECTION('',(0.,-1.));
#3977 = ( GEOMETRIC_REPRESENTATION_CONTEXT(2) 
PARAMETRIC_REPRESENTATION_CONTEXT() REPRESENTATION_CONTEXT('2D SPACE',''
  ) );
#3978 = FACE_BOUND('',#3979,.F.);
#3979 = EDGE_LOOP('',(#3980));
#3980 = ORIENTED_EDGE('',*,*,#3981,.T.);
#3981 = EDGE_CURVE('',#3982,#3982,#3984,.T.);
#3982 = VERTEX_POINT('',#3983);
#3983 = CARTESIAN_POINT('',(116.56,5.,13.));
#3984 = SURFACE_CURVE('',#3985,(#3990,#4001),.PCURVE_S1.);
#3985 = CIRCLE('',#3986,1.7);
#3986 = AXIS2_PLACEMENT_3D('',#3987,#3988,#3989);
#3987 = CARTESIAN_POINT('',(114.86,5.,13.));
#3988 = DIRECTION('',(0.,0.,-1.));
#3989 = DIRECTION('',(1.,0.,0.));
#3990 = PCURVE('',#1816,#3991);
#3991 = DEFINITIONAL_REPRESENTATION('',(#3992),#4000);
#3992 = ( BOUNDED_CURVE() B_SPLINE_CURVE(2,(#3993,#3994,#3995,#3996,
#3997,#3998,#3999),.UNSPECIFIED.,.T.,.F.) B_SPLINE_CURVE_WITH_KNOTS((1,2
    ,2,2,2,1),(-2.094395102393,0.,2.094395102393,4.188790204786,
6.28318530718,8.377580409573),.UNSPECIFIED.) CURVE() 
GEOMETRIC_REPRESENTATION_ITEM() RATIONAL_B_SPLINE_CURVE((1.,0.5,1.,0.5,
1.,0.5,1.)) REPRESENTATION_ITEM('') );
#3993 = CARTESIAN_POINT('',(116.56,5.));
#3994 = CARTESIAN_POINT('',(116.56,2.055513627133));
#3995 = CARTESIAN_POINT('',(114.01,3.527756813566));
#3996 = CARTESIAN_POINT('',(111.46,5.));
#3997 = CARTESIAN_POINT('',(114.01,6.472243186434));
#3998 = CARTESIAN_POINT('',(116.56,7.944486372867));
#3999 = CARTESIAN_POINT('',(116.56,5.));
#4000 = ( GEOMETRIC_REPRESENTATION_CONTEXT(2) 
PARAMETRIC_REPRESENTATION_CONTEXT() REPRESENTATION_CONTEXT('2D SPACE',''
  ) );
#4001 = PCURVE('',#2747,#4002);
#4002 = DEFINITIONAL_REPRESENTATION('',(#4003),#4007);
#4003 = LINE('',#4004,#4005);
#4004 = CARTESIAN_POINT('',(-4.138911435803E-13,-0.1));
#4005 = VECTOR('',#4006,1.);
#4006 = DIRECTION('',(1.,-0.));
#4007 = ( GEOMETRIC_REPRESENTATION_CONTEXT(2) 
PARAMETRIC_REPRESENTATION_CONTEXT() REPRESENTATION_CONTEXT('2D SPACE',''
  ) );
#4008 = FACE_BOUND('',#4009,.F.);
#4009 = EDGE_LOOP('',(#4010));
#4010 = ORIENTED_EDGE('',*,*,#4011,.T.);
#4011 = EDGE_CURVE('',#4012,#4012,#4014,.T.);
#4012 = VERTEX_POINT('',#4013);
#4013 = CARTESIAN_POINT('',(67.54,39.64,13.));
#4014 = SURFACE_CURVE('',#4015,(#4020,#4031),.PCURVE_S1.);
#4015 = CIRCLE('',#4016,5.);
#4016 = AXIS2_PLACEMENT_3D('',#4017,#4018,#4019);
#4017 = CARTESIAN_POINT('',(62.54,39.64,13.));
#4018 = DIRECTION('',(0.,0.,-1.));
#4019 = DIRECTION('',(1.,0.,0.));
#4020 = PCURVE('',#1816,#4021);
#4021 = DEFINITIONAL_REPRESENTATION('',(#4022),#4030);
#4022 = ( BOUNDED_CURVE() B_SPLINE_CURVE(2,(#4023,#4024,#4025,#4026,
#4027,#4028,#4029),.UNSPECIFIED.,.T.,.F.) B_SPLINE_CURVE_WITH_KNOTS((1,2
    ,2,2,2,1),(-2.094395102393,0.,2.094395102393,4.188790204786,
6.28318530718,8.377580409573),.UNSPECIFIED.) CURVE() 
GEOMETRIC_REPRESENTATION_ITEM() RATIONAL_B_SPLINE_CURVE((1.,0.5,1.,0.5,
1.,0.5,1.)) REPRESENTATION_ITEM('') );
#4023 = CARTESIAN_POINT('',(67.54,39.64));
#4024 = CARTESIAN_POINT('',(67.54,30.979745962156));
#4025 = CARTESIAN_POINT('',(60.04,35.309872981078));
#4026 = CARTESIAN_POINT('',(52.54,39.64));
#4027 = CARTESIAN_POINT('',(60.04,43.970127018922));
#4028 = CARTESIAN_POINT('',(67.54,48.300254037844));
#4029 = CARTESIAN_POINT('',(67.54,39.64));
#4030 = ( GEOMETRIC_REPRESENTATION_CONTEXT(2) 
PARAMETRIC_REPRESENTATION_CONTEXT() REPRESENTATION_CONTEXT('2D SPACE',''
  ) );
#4031 = PCURVE('',#2782,#4032);
#4032 = DEFINITIONAL_REPRESENTATION('',(#4033),#4037);
#4033 = LINE('',#4034,#4035);
#4034 = CARTESIAN_POINT('',(-4.138911435803E-13,-0.1));
#4035 = VECTOR('',#4036,1.);
#4036 = DIRECTION('',(1.,-0.));
#4037 = ( GEOMETRIC_REPRESENTATION_CONTEXT(2) 
PARAMETRIC_REPRESENTATION_CONTEXT() REPRESENTATION_CONTEXT('2D SPACE',''
  ) );
#4038 = FACE_BOUND('',#4039,.F.);
#4039 = EDGE_LOOP('',(#4040,#4065,#4088,#4111));
#4040 = ORIENTED_EDGE('',*,*,#4041,.T.);
#4041 = EDGE_CURVE('',#4042,#4044,#4046,.T.);
#4042 = VERTEX_POINT('',#4043);
#4043 = CARTESIAN_POINT('',(96.288,20.082,13.));
#4044 = VERTEX_POINT('',#4045);
#4045 = CARTESIAN_POINT('',(89.288,20.082,13.));
#4046 = SURFACE_CURVE('',#4047,(#4051,#4058),.PCURVE_S1.);
#4047 = LINE('',#4048,#4049);
#4048 = CARTESIAN_POINT('',(44.644,20.082,13.));
#4049 = VECTOR('',#4050,1.);
#4050 = DIRECTION('',(-1.,0.,0.));
#4051 = PCURVE('',#1816,#4052);
#4052 = DEFINITIONAL_REPRESENTATION('',(#4053),#4057);
#4053 = LINE('',#4054,#4055);
#4054 = CARTESIAN_POINT('',(44.644,20.082));
#4055 = VECTOR('',#4056,1.);
#4056 = DIRECTION('',(-1.,0.));
#4057 = ( GEOMETRIC_REPRESENTATION_CONTEXT(2) 
PARAMETRIC_REPRESENTATION_CONTEXT() REPRESENTATION_CONTEXT('2D SPACE',''
  ) );
#4058 = PCURVE('',#2814,#4059);
#4059 = DEFINITIONAL_REPRESENTATION('',(#4060),#4064);
#4060 = LINE('',#4061,#4062);
#4061 = CARTESIAN_POINT('',(1.E-01,-44.644));
#4062 = VECTOR('',#4063,1.);
#4063 = DIRECTION('',(0.,-1.));
#4064 = ( GEOMETRIC_REPRESENTATION_CONTEXT(2) 
PARAMETRIC_REPRESENTATION_CONTEXT() REPRESENTATION_CONTEXT('2D SPACE',''
  ) );
#4065 = ORIENTED_EDGE('',*,*,#4066,.T.);
#4066 = EDGE_CURVE('',#4044,#4067,#4069,.T.);
#4067 = VERTEX_POINT('',#4068);
#4068 = CARTESIAN_POINT('',(89.288,44.582,13.));
#4069 = SURFACE_CURVE('',#4070,(#4074,#4081),.PCURVE_S1.);
#4070 = LINE('',#4071,#4072);
#4071 = CARTESIAN_POINT('',(89.288,10.041,13.));
#4072 = VECTOR('',#4073,1.);
#4073 = DIRECTION('',(0.,1.,0.));
#4074 = PCURVE('',#1816,#4075);
#4075 = DEFINITIONAL_REPRESENTATION('',(#4076),#4080);
#4076 = LINE('',#4077,#4078);
#4077 = CARTESIAN_POINT('',(89.288,10.041));
#4078 = VECTOR('',#4079,1.);
#4079 = DIRECTION('',(0.,1.));
#4080 = ( GEOMETRIC_REPRESENTATION_CONTEXT(2) 
PARAMETRIC_REPRESENTATION_CONTEXT() REPRESENTATION_CONTEXT('2D SPACE',''
  ) );
#4081 = PCURVE('',#2842,#4082);
#4082 = DEFINITIONAL_REPRESENTATION('',(#4083),#4087);
#4083 = LINE('',#4084,#4085);
#4084 = CARTESIAN_POINT('',(1.E-01,10.041));
#4085 = VECTOR('',#4086,1.);
#4086 = DIRECTION('',(0.,-1.));
#4087 = ( GEOMETRIC_REPRESENTATION_CONTEXT(2) 
PARAMETRIC_REPRESENTATION_CONTEXT() REPRESENTATION_CONTEXT('2D SPACE',''
  ) );
#4088 = ORIENTED_EDGE('',*,*,#4089,.F.);
#4089 = EDGE_CURVE('',#4090,#4067,#4092,.T.);
#4090 = VERTEX_POINT('',#4091);
#4091 = CARTESIAN_POINT('',(96.288,44.582,13.));
#4092 = SURFACE_CURVE('',#4093,(#4097,#4104),.PCURVE_S1.);
#4093 = LINE('',#4094,#4095);
#4094 = CARTESIAN_POINT('',(44.644,44.582,13.));
#4095 = VECTOR('',#4096,1.);
#4096 = DIRECTION('',(-1.,0.,0.));
#4097 = PCURVE('',#1816,#4098);
#4098 = DEFINITIONAL_REPRESENTATION('',(#4099),#4103);
#4099 = LINE('',#4100,#4101);
#4100 = CARTESIAN_POINT('',(44.644,44.582));
#4101 = VECTOR('',#4102,1.);
#4102 = DIRECTION('',(-1.,0.));
#4103 = ( GEOMETRIC_REPRESENTATION_CONTEXT(2) 
PARAMETRIC_REPRESENTATION_CONTEXT() REPRESENTATION_CONTEXT('2D SPACE',''
  ) );
#4104 = PCURVE('',#2870,#4105);
#4105 = DEFINITIONAL_REPRESENTATION('',(#4106),#4110);
#4106 = LINE('',#4107,#4108);
#4107 = CARTESIAN_POINT('',(1.E-01,-44.644));
#4108 = VECTOR('',#4109,1.);
#4109 = DIRECTION('',(0.,-1.));
#4110 = ( GEOMETRIC_REPRESENTATION_CONTEXT(2) 
PARAMETRIC_REPRESENTATION_CONTEXT() REPRESENTATION_CONTEXT('2D SPACE',''
  ) );
#4111 = ORIENTED_EDGE('',*,*,#4112,.F.);
#4112 = EDGE_CURVE('',#4042,#4090,#4113,.T.);
#4113 = SURFACE_CURVE('',#4114,(#4118,#4125),.PCURVE_S1.);
#4114 = LINE('',#4115,#4116);
#4115 = CARTESIAN_POINT('',(96.288,10.041,13.));
#4116 = VECTOR('',#4117,1.);
#4117 = DIRECTION('',(0.,1.,0.));
#4118 = PCURVE('',#1816,#4119);
#4119 = DEFINITIONAL_REPRESENTATION('',(#4120),#4124);
#4120 = LINE('',#4121,#4122);
#4121 = CARTESIAN_POINT('',(96.288,10.041));
#4122 = VECTOR('',#4123,1.);
#4123 = DIRECTION('',(0.,1.));
#4124 = ( GEOMETRIC_REPRESENTATION_CONTEXT(2) 
PARAMETRIC_REPRESENTATION_CONTEXT() REPRESENTATION_CONTEXT('2D SPACE',''
  ) );
#4125 = PCURVE('',#2896,#4126);
#4126 = DEFINITIONAL_REPRESENTATION('',(#4127),#4131);
#4127 = LINE('',#4128,#4129);
#4128 = CARTESIAN_POINT('',(1.E-01,10.041));
#4129 = VECTOR('',#4130,1.);
#4130 = DIRECTION('',(0.,-1.));
#4131 = ( GEOMETRIC_REPRESENTATION_CONTEXT(2) 
PARAMETRIC_REPRESENTATION_CONTEXT() REPRESENTATION_CONTEXT('2D SPACE',''
  ) );
#4132 = FACE_BOUND('',#4133,.F.);
#4133 = EDGE_LOOP('',(#4134));
#4134 = ORIENTED_EDGE('',*,*,#4135,.T.);
#4135 = EDGE_CURVE('',#4136,#4136,#4138,.T.);
#4136 = VERTEX_POINT('',#4137);
#4137 = CARTESIAN_POINT('',(105.34,29.6,13.));
#4138 = SURFACE_CURVE('',#4139,(#4144,#4155),.PCURVE_S1.);
#4139 = CIRCLE('',#4140,3.5);
#4140 = AXIS2_PLACEMENT_3D('',#4141,#4142,#4143);
#4141 = CARTESIAN_POINT('',(101.84,29.6,13.));
#4142 = DIRECTION('',(0.,0.,-1.));
#4143 = DIRECTION('',(1.,0.,0.));
#4144 = PCURVE('',#1816,#4145);
#4145 = DEFINITIONAL_REPRESENTATION('',(#4146),#4154);
#4146 = ( BOUNDED_CURVE() B_SPLINE_CURVE(2,(#4147,#4148,#4149,#4150,
#4151,#4152,#4153),.UNSPECIFIED.,.T.,.F.) B_SPLINE_CURVE_WITH_KNOTS((1,2
    ,2,2,2,1),(-2.094395102393,0.,2.094395102393,4.188790204786,
6.28318530718,8.377580409573),.UNSPECIFIED.) CURVE() 
GEOMETRIC_REPRESENTATION_ITEM() RATIONAL_B_SPLINE_CURVE((1.,0.5,1.,0.5,
1.,0.5,1.)) REPRESENTATION_ITEM('') );
#4147 = CARTESIAN_POINT('',(105.34,29.6));
#4148 = CARTESIAN_POINT('',(105.34,23.537822173509));
#4149 = CARTESIAN_POINT('',(100.09,26.568911086754));
#4150 = CARTESIAN_POINT('',(94.84,29.6));
#4151 = CARTESIAN_POINT('',(100.09,32.631088913246));
#4152 = CARTESIAN_POINT('',(105.34,35.662177826491));
#4153 = CARTESIAN_POINT('',(105.34,29.6));
#4154 = ( GEOMETRIC_REPRESENTATION_CONTEXT(2) 
PARAMETRIC_REPRESENTATION_CONTEXT() REPRESENTATION_CONTEXT('2D SPACE',''
  ) );
#4155 = PCURVE('',#2931,#4156);
#4156 = DEFINITIONAL_REPRESENTATION('',(#4157),#4161);
#4157 = LINE('',#4158,#4159);
#4158 = CARTESIAN_POINT('',(-4.138911435803E-13,-0.1));
#4159 = VECTOR('',#4160,1.);
#4160 = DIRECTION('',(1.,-0.));
#4161 = ( GEOMETRIC_REPRESENTATION_CONTEXT(2) 
PARAMETRIC_REPRESENTATION_CONTEXT() REPRESENTATION_CONTEXT('2D SPACE',''
  ) );
#4162 = FACE_BOUND('',#4163,.F.);
#4163 = EDGE_LOOP('',(#4164,#4189,#4212,#4235));
#4164 = ORIENTED_EDGE('',*,*,#4165,.T.);
#4165 = EDGE_CURVE('',#4166,#4168,#4170,.T.);
#4166 = VERTEX_POINT('',#4167);
#4167 = CARTESIAN_POINT('',(31.36,51.6,13.));
#4168 = VERTEX_POINT('',#4169);
#4169 = CARTESIAN_POINT('',(17.36,51.6,13.));
#4170 = SURFACE_CURVE('',#4171,(#4175,#4182),.PCURVE_S1.);
#4171 = LINE('',#4172,#4173);
#4172 = CARTESIAN_POINT('',(8.68,51.6,13.));
#4173 = VECTOR('',#4174,1.);
#4174 = DIRECTION('',(-1.,0.,0.));
#4175 = PCURVE('',#1816,#4176);
#4176 = DEFINITIONAL_REPRESENTATION('',(#4177),#4181);
#4177 = LINE('',#4178,#4179);
#4178 = CARTESIAN_POINT('',(8.68,51.6));
#4179 = VECTOR('',#4180,1.);
#4180 = DIRECTION('',(-1.,0.));
#4181 = ( GEOMETRIC_REPRESENTATION_CONTEXT(2) 
PARAMETRIC_REPRESENTATION_CONTEXT() REPRESENTATION_CONTEXT('2D SPACE',''
  ) );
#4182 = PCURVE('',#2963,#4183);
#4183 = DEFINITIONAL_REPRESENTATION('',(#4184),#4188);
#4184 = LINE('',#4185,#4186);
#4185 = CARTESIAN_POINT('',(1.E-01,-8.68));
#4186 = VECTOR('',#4187,1.);
#4187 = DIRECTION('',(0.,-1.));
#4188 = ( GEOMETRIC_REPRESENTATION_CONTEXT(2) 
PARAMETRIC_REPRESENTATION_CONTEXT() REPRESENTATION_CONTEXT('2D SPACE',''
  ) );
#4189 = ORIENTED_EDGE('',*,*,#4190,.T.);
#4190 = EDGE_CURVE('',#4168,#4191,#4193,.T.);
#4191 = VERTEX_POINT('',#4192);
#4192 = CARTESIAN_POINT('',(17.36,65.6,13.));
#4193 = SURFACE_CURVE('',#4194,(#4198,#4205),.PCURVE_S1.);
#4194 = LINE('',#4195,#4196);
#4195 = CARTESIAN_POINT('',(17.36,25.8,13.));
#4196 = VECTOR('',#4197,1.);
#4197 = DIRECTION('',(0.,1.,0.));
#4198 = PCURVE('',#1816,#4199);
#4199 = DEFINITIONAL_REPRESENTATION('',(#4200),#4204);
#4200 = LINE('',#4201,#4202);
#4201 = CARTESIAN_POINT('',(17.36,25.8));
#4202 = VECTOR('',#4203,1.);
#4203 = DIRECTION('',(0.,1.));
#4204 = ( GEOMETRIC_REPRESENTATION_CONTEXT(2) 
PARAMETRIC_REPRESENTATION_CONTEXT() REPRESENTATION_CONTEXT('2D SPACE',''
  ) );
#4205 = PCURVE('',#2991,#4206);
#4206 = DEFINITIONAL_REPRESENTATION('',(#4207),#4211);
#4207 = LINE('',#4208,#4209);
#4208 = CARTESIAN_POINT('',(1.E-01,25.8));
#4209 = VECTOR('',#4210,1.);
#4210 = DIRECTION('',(0.,-1.));
#4211 = ( GEOMETRIC_REPRESENTATION_CONTEXT(2) 
PARAMETRIC_REPRESENTATION_CONTEXT() REPRESENTATION_CONTEXT('2D SPACE',''
  ) );
#4212 = ORIENTED_EDGE('',*,*,#4213,.F.);
#4213 = EDGE_CURVE('',#4214,#4191,#4216,.T.);
#4214 = VERTEX_POINT('',#4215);
#4215 = CARTESIAN_POINT('',(31.36,65.6,13.));
#4216 = SURFACE_CURVE('',#4217,(#4221,#4228),.PCURVE_S1.);
#4217 = LINE('',#4218,#4219);
#4218 = CARTESIAN_POINT('',(8.68,65.6,13.));
#4219 = VECTOR('',#4220,1.);
#4220 = DIRECTION('',(-1.,0.,0.));
#4221 = PCURVE('',#1816,#4222);
#4222 = DEFINITIONAL_REPRESENTATION('',(#4223),#4227);
#4223 = LINE('',#4224,#4225);
#4224 = CARTESIAN_POINT('',(8.68,65.6));
#4225 = VECTOR('',#4226,1.);
#4226 = DIRECTION('',(-1.,0.));
#4227 = ( GEOMETRIC_REPRESENTATION_CONTEXT(2) 
PARAMETRIC_REPRESENTATION_CONTEXT() REPRESENTATION_CONTEXT('2D SPACE',''
  ) );
#4228 = PCURVE('',#3019,#4229);
#4229 = DEFINITIONAL_REPRESENTATION('',(#4230),#4234);
#4230 = LINE('',#4231,#4232);
#4231 = CARTESIAN_POINT('',(1.E-01,-8.68));
#4232 = VECTOR('',#4233,1.);
#4233 = DIRECTION('',(0.,-1.));
#4234 = ( GEOMETRIC_REPRESENTATION_CONTEXT(2) 
PARAMETRIC_REPRESENTATION_CONTEXT() REPRESENTATION_CONTEXT('2D SPACE',''
  ) );
#4235 = ORIENTED_EDGE('',*,*,#4236,.F.);
#4236 = EDGE_CURVE('',#4166,#4214,#4237,.T.);
#4237 = SURFACE_CURVE('',#4238,(#4242,#4249),.PCURVE_S1.);
#4238 = LINE('',#4239,#4240);
#4239 = CARTESIAN_POINT('',(31.36,25.8,13.));
#4240 = VECTOR('',#4241,1.);
#4241 = DIRECTION('',(0.,1.,0.));
#4242 = PCURVE('',#1816,#4243);
#4243 = DEFINITIONAL_REPRESENTATION('',(#4244),#4248);
#4244 = LINE('',#4245,#4246);
#4245 = CARTESIAN_POINT('',(31.36,25.8));
#4246 = VECTOR('',#4247,1.);
#4247 = DIRECTION('',(0.,1.));
#4248 = ( GEOMETRIC_REPRESENTATION_CONTEXT(2) 
PARAMETRIC_REPRESENTATION_CONTEXT() REPRESENTATION_CONTEXT('2D SPACE',''
  ) );
#4249 = PCURVE('',#3045,#4250);
#4250 = DEFINITIONAL_REPRESENTATION('',(#4251),#4255);
#4251 = LINE('',#4252,#4253);
#4252 = CARTESIAN_POINT('',(1.E-01,25.8));
#4253 = VECTOR('',#4254,1.);
#4254 = DIRECTION('',(0.,-1.));
#4255 = ( GEOMETRIC_REPRESENTATION_CONTEXT(2) 
PARAMETRIC_REPRESENTATION_CONTEXT() REPRESENTATION_CONTEXT('2D SPACE',''
  ) );
#4256 = FACE_BOUND('',#4257,.F.);
#4257 = EDGE_LOOP('',(#4258,#4283,#4306,#4329));
#4258 = ORIENTED_EDGE('',*,*,#4259,.T.);
#4259 = EDGE_CURVE('',#4260,#4262,#4264,.T.);
#4260 = VERTEX_POINT('',#4261);
#4261 = CARTESIAN_POINT('',(55.4,51.46,13.));
#4262 = VERTEX_POINT('',#4263);
#4263 = CARTESIAN_POINT('',(41.4,51.46,13.));
#4264 = SURFACE_CURVE('',#4265,(#4269,#4276),.PCURVE_S1.);
#4265 = LINE('',#4266,#4267);
#4266 = CARTESIAN_POINT('',(20.7,51.46,13.));
#4267 = VECTOR('',#4268,1.);
#4268 = DIRECTION('',(-1.,0.,0.));
#4269 = PCURVE('',#1816,#4270);
#4270 = DEFINITIONAL_REPRESENTATION('',(#4271),#4275);
#4271 = LINE('',#4272,#4273);
#4272 = CARTESIAN_POINT('',(20.7,51.46));
#4273 = VECTOR('',#4274,1.);
#4274 = DIRECTION('',(-1.,0.));
#4275 = ( GEOMETRIC_REPRESENTATION_CONTEXT(2) 
PARAMETRIC_REPRESENTATION_CONTEXT() REPRESENTATION_CONTEXT('2D SPACE',''
  ) );
#4276 = PCURVE('',#3077,#4277);
#4277 = DEFINITIONAL_REPRESENTATION('',(#4278),#4282);
#4278 = LINE('',#4279,#4280);
#4279 = CARTESIAN_POINT('',(1.E-01,-20.7));
#4280 = VECTOR('',#4281,1.);
#4281 = DIRECTION('',(0.,-1.));
#4282 = ( GEOMETRIC_REPRESENTATION_CONTEXT(2) 
PARAMETRIC_REPRESENTATION_CONTEXT() REPRESENTATION_CONTEXT('2D SPACE',''
  ) );
#4283 = ORIENTED_EDGE('',*,*,#4284,.T.);
#4284 = EDGE_CURVE('',#4262,#4285,#4287,.T.);
#4285 = VERTEX_POINT('',#4286);
#4286 = CARTESIAN_POINT('',(41.4,65.46,13.));
#4287 = SURFACE_CURVE('',#4288,(#4292,#4299),.PCURVE_S1.);
#4288 = LINE('',#4289,#4290);
#4289 = CARTESIAN_POINT('',(41.4,25.73,13.));
#4290 = VECTOR('',#4291,1.);
#4291 = DIRECTION('',(0.,1.,0.));
#4292 = PCURVE('',#1816,#4293);
#4293 = DEFINITIONAL_REPRESENTATION('',(#4294),#4298);
#4294 = LINE('',#4295,#4296);
#4295 = CARTESIAN_POINT('',(41.4,25.73));
#4296 = VECTOR('',#4297,1.);
#4297 = DIRECTION('',(0.,1.));
#4298 = ( GEOMETRIC_REPRESENTATION_CONTEXT(2) 
PARAMETRIC_REPRESENTATION_CONTEXT() REPRESENTATION_CONTEXT('2D SPACE',''
  ) );
#4299 = PCURVE('',#3105,#4300);
#4300 = DEFINITIONAL_REPRESENTATION('',(#4301),#4305);
#4301 = LINE('',#4302,#4303);
#4302 = CARTESIAN_POINT('',(1.E-01,25.73));
#4303 = VECTOR('',#4304,1.);
#4304 = DIRECTION('',(0.,-1.));
#4305 = ( GEOMETRIC_REPRESENTATION_CONTEXT(2) 
PARAMETRIC_REPRESENTATION_CONTEXT() REPRESENTATION_CONTEXT('2D SPACE',''
  ) );
#4306 = ORIENTED_EDGE('',*,*,#4307,.F.);
#4307 = EDGE_CURVE('',#4308,#4285,#4310,.T.);
#4308 = VERTEX_POINT('',#4309);
#4309 = CARTESIAN_POINT('',(55.4,65.46,13.));
#4310 = SURFACE_CURVE('',#4311,(#4315,#4322),.PCURVE_S1.);
#4311 = LINE('',#4312,#4313);
#4312 = CARTESIAN_POINT('',(20.7,65.46,13.));
#4313 = VECTOR('',#4314,1.);
#4314 = DIRECTION('',(-1.,0.,0.));
#4315 = PCURVE('',#1816,#4316);
#4316 = DEFINITIONAL_REPRESENTATION('',(#4317),#4321);
#4317 = LINE('',#4318,#4319);
#4318 = CARTESIAN_POINT('',(20.7,65.46));
#4319 = VECTOR('',#4320,1.);
#4320 = DIRECTION('',(-1.,0.));
#4321 = ( GEOMETRIC_REPRESENTATION_CONTEXT(2) 
PARAMETRIC_REPRESENTATION_CONTEXT() REPRESENTATION_CONTEXT('2D SPACE',''
  ) );
#4322 = PCURVE('',#3133,#4323);
#4323 = DEFINITIONAL_REPRESENTATION('',(#4324),#4328);
#4324 = LINE('',#4325,#4326);
#4325 = CARTESIAN_POINT('',(1.E-01,-20.7));
#4326 = VECTOR('',#4327,1.);
#4327 = DIRECTION('',(0.,-1.));
#4328 = ( GEOMETRIC_REPRESENTATION_CONTEXT(2) 
PARAMETRIC_REPRESENTATION_CONTEXT() REPRESENTATION_CONTEXT('2D SPACE',''
  ) );
#4329 = ORIENTED_EDGE('',*,*,#4330,.F.);
#4330 = EDGE_CURVE('',#4260,#4308,#4331,.T.);
#4331 = SURFACE_CURVE('',#4332,(#4336,#4343),.PCURVE_S1.);
#4332 = LINE('',#4333,#4334);
#4333 = CARTESIAN_POINT('',(55.4,25.73,13.));
#4334 = VECTOR('',#4335,1.);
#4335 = DIRECTION('',(0.,1.,0.));
#4336 = PCURVE('',#1816,#4337);
#4337 = DEFINITIONAL_REPRESENTATION('',(#4338),#4342);
#4338 = LINE('',#4339,#4340);
#4339 = CARTESIAN_POINT('',(55.4,25.73));
#4340 = VECTOR('',#4341,1.);
#4341 = DIRECTION('',(0.,1.));
#4342 = ( GEOMETRIC_REPRESENTATION_CONTEXT(2) 
PARAMETRIC_REPRESENTATION_CONTEXT() REPRESENTATION_CONTEXT('2D SPACE',''
  ) );
#4343 = PCURVE('',#3159,#4344);
#4344 = DEFINITIONAL_REPRESENTATION('',(#4345),#4349);
#4345 = LINE('',#4346,#4347);
#4346 = CARTESIAN_POINT('',(1.E-01,25.73));
#4347 = VECTOR('',#4348,1.);
#4348 = DIRECTION('',(0.,-1.));
#4349 = ( GEOMETRIC_REPRESENTATION_CONTEXT(2) 
PARAMETRIC_REPRESENTATION_CONTEXT() REPRESENTATION_CONTEXT('2D SPACE',''
  ) );
#4350 = FACE_BOUND('',#4351,.F.);
#4351 = EDGE_LOOP('',(#4352));
#4352 = ORIENTED_EDGE('',*,*,#4353,.T.);
#4353 = EDGE_CURVE('',#4354,#4354,#4356,.T.);
#4354 = VERTEX_POINT('',#4355);
#4355 = CARTESIAN_POINT('',(6.7,83.11,13.));
#4356 = SURFACE_CURVE('',#4357,(#4362,#4373),.PCURVE_S1.);
#4357 = CIRCLE('',#4358,1.7);
#4358 = AXIS2_PLACEMENT_3D('',#4359,#4360,#4361);
#4359 = CARTESIAN_POINT('',(5.,83.11,13.));
#4360 = DIRECTION('',(0.,0.,-1.));
#4361 = DIRECTION('',(1.,0.,0.));
#4362 = PCURVE('',#1816,#4363);
#4363 = DEFINITIONAL_REPRESENTATION('',(#4364),#4372);
#4364 = ( BOUNDED_CURVE() B_SPLINE_CURVE(2,(#4365,#4366,#4367,#4368,
#4369,#4370,#4371),.UNSPECIFIED.,.T.,.F.) B_SPLINE_CURVE_WITH_KNOTS((1,2
    ,2,2,2,1),(-2.094395102393,0.,2.094395102393,4.188790204786,
6.28318530718,8.377580409573),.UNSPECIFIED.) CURVE() 
GEOMETRIC_REPRESENTATION_ITEM() RATIONAL_B_SPLINE_CURVE((1.,0.5,1.,0.5,
1.,0.5,1.)) REPRESENTATION_ITEM('') );
#4365 = CARTESIAN_POINT('',(6.7,83.11));
#4366 = CARTESIAN_POINT('',(6.7,80.165513627133));
#4367 = CARTESIAN_POINT('',(4.15,81.637756813566));
#4368 = CARTESIAN_POINT('',(1.6,83.11));
#4369 = CARTESIAN_POINT('',(4.15,84.582243186434));
#4370 = CARTESIAN_POINT('',(6.7,86.054486372867));
#4371 = CARTESIAN_POINT('',(6.7,83.11));
#4372 = ( GEOMETRIC_REPRESENTATION_CONTEXT(2) 
PARAMETRIC_REPRESENTATION_CONTEXT() REPRESENTATION_CONTEXT('2D SPACE',''
  ) );
#4373 = PCURVE('',#3194,#4374);
#4374 = DEFINITIONAL_REPRESENTATION('',(#4375),#4379);
#4375 = LINE('',#4376,#4377);
#4376 = CARTESIAN_POINT('',(-4.138911435803E-13,-0.1));
#4377 = VECTOR('',#4378,1.);
#4378 = DIRECTION('',(1.,-0.));
#4379 = ( GEOMETRIC_REPRESENTATION_CONTEXT(2) 
PARAMETRIC_REPRESENTATION_CONTEXT() REPRESENTATION_CONTEXT('2D SPACE',''
  ) );
#4380 = FACE_BOUND('',#4381,.F.);
#4381 = EDGE_LOOP('',(#4382));
#4382 = ORIENTED_EDGE('',*,*,#4383,.T.);
#4383 = EDGE_CURVE('',#4384,#4384,#4386,.T.);
#4384 = VERTEX_POINT('',#4385);
#4385 = CARTESIAN_POINT('',(66.74,60.64,13.));
#4386 = SURFACE_CURVE('',#4387,(#4392,#4403),.PCURVE_S1.);
#4387 = CIRCLE('',#4388,5.);
#4388 = AXIS2_PLACEMENT_3D('',#4389,#4390,#4391);
#4389 = CARTESIAN_POINT('',(61.74,60.64,13.));
#4390 = DIRECTION('',(0.,0.,-1.));
#4391 = DIRECTION('',(1.,0.,0.));
#4392 = PCURVE('',#1816,#4393);
#4393 = DEFINITIONAL_REPRESENTATION('',(#4394),#4402);
#4394 = ( BOUNDED_CURVE() B_SPLINE_CURVE(2,(#4395,#4396,#4397,#4398,
#4399,#4400,#4401),.UNSPECIFIED.,.T.,.F.) B_SPLINE_CURVE_WITH_KNOTS((1,2
    ,2,2,2,1),(-2.094395102393,0.,2.094395102393,4.188790204786,
6.28318530718,8.377580409573),.UNSPECIFIED.) CURVE() 
GEOMETRIC_REPRESENTATION_ITEM() RATIONAL_B_SPLINE_CURVE((1.,0.5,1.,0.5,
1.,0.5,1.)) REPRESENTATION_ITEM('') );
#4395 = CARTESIAN_POINT('',(66.74,60.64));
#4396 = CARTESIAN_POINT('',(66.74,51.979745962156));
#4397 = CARTESIAN_POINT('',(59.24,56.309872981078));
#4398 = CARTESIAN_POINT('',(51.74,60.64));
#4399 = CARTESIAN_POINT('',(59.24,64.970127018922));
#4400 = CARTESIAN_POINT('',(66.74,69.300254037844));
#4401 = CARTESIAN_POINT('',(66.74,60.64));
#4402 = ( GEOMETRIC_REPRESENTATION_CONTEXT(2) 
PARAMETRIC_REPRESENTATION_CONTEXT() REPRESENTATION_CONTEXT('2D SPACE',''
  ) );
#4403 = PCURVE('',#3229,#4404);
#4404 = DEFINITIONAL_REPRESENTATION('',(#4405),#4409);
#4405 = LINE('',#4406,#4407);
#4406 = CARTESIAN_POINT('',(-4.138911435803E-13,-0.1));
#4407 = VECTOR('',#4408,1.);
#4408 = DIRECTION('',(1.,-0.));
#4409 = ( GEOMETRIC_REPRESENTATION_CONTEXT(2) 
PARAMETRIC_REPRESENTATION_CONTEXT() REPRESENTATION_CONTEXT('2D SPACE',''
  ) );
#4410 = FACE_BOUND('',#4411,.F.);
#4411 = EDGE_LOOP('',(#4412));
#4412 = ORIENTED_EDGE('',*,*,#4413,.T.);
#4413 = EDGE_CURVE('',#4414,#4414,#4416,.T.);
#4414 = VERTEX_POINT('',#4415);
#4415 = CARTESIAN_POINT('',(105.34,45.96,13.));
#4416 = SURFACE_CURVE('',#4417,(#4422,#4433),.PCURVE_S1.);
#4417 = CIRCLE('',#4418,3.5);
#4418 = AXIS2_PLACEMENT_3D('',#4419,#4420,#4421);
#4419 = CARTESIAN_POINT('',(101.84,45.96,13.));
#4420 = DIRECTION('',(0.,0.,-1.));
#4421 = DIRECTION('',(1.,0.,0.));
#4422 = PCURVE('',#1816,#4423);
#4423 = DEFINITIONAL_REPRESENTATION('',(#4424),#4432);
#4424 = ( BOUNDED_CURVE() B_SPLINE_CURVE(2,(#4425,#4426,#4427,#4428,
#4429,#4430,#4431),.UNSPECIFIED.,.T.,.F.) B_SPLINE_CURVE_WITH_KNOTS((1,2
    ,2,2,2,1),(-2.094395102393,0.,2.094395102393,4.188790204786,
6.28318530718,8.377580409573),.UNSPECIFIED.) CURVE() 
GEOMETRIC_REPRESENTATION_ITEM() RATIONAL_B_SPLINE_CURVE((1.,0.5,1.,0.5,
1.,0.5,1.)) REPRESENTATION_ITEM('') );
#4425 = CARTESIAN_POINT('',(105.34,45.96));
#4426 = CARTESIAN_POINT('',(105.34,39.897822173509));
#4427 = CARTESIAN_POINT('',(100.09,42.928911086754));
#4428 = CARTESIAN_POINT('',(94.84,45.96));
#4429 = CARTESIAN_POINT('',(100.09,48.991088913246));
#4430 = CARTESIAN_POINT('',(105.34,52.022177826491));
#4431 = CARTESIAN_POINT('',(105.34,45.96));
#4432 = ( GEOMETRIC_REPRESENTATION_CONTEXT(2) 
PARAMETRIC_REPRESENTATION_CONTEXT() REPRESENTATION_CONTEXT('2D SPACE',''
  ) );
#4433 = PCURVE('',#3264,#4434);
#4434 = DEFINITIONAL_REPRESENTATION('',(#4435),#4439);
#4435 = LINE('',#4436,#4437);
#4436 = CARTESIAN_POINT('',(-4.138911435803E-13,-0.1));
#4437 = VECTOR('',#4438,1.);
#4438 = DIRECTION('',(1.,-0.));
#4439 = ( GEOMETRIC_REPRESENTATION_CONTEXT(2) 
PARAMETRIC_REPRESENTATION_CONTEXT() REPRESENTATION_CONTEXT('2D SPACE',''
  ) );
#4440 = FACE_BOUND('',#4441,.F.);
#4441 = EDGE_LOOP('',(#4442));
#4442 = ORIENTED_EDGE('',*,*,#4443,.T.);
#4443 = EDGE_CURVE('',#4444,#4444,#4446,.T.);
#4444 = VERTEX_POINT('',#4445);
#4445 = CARTESIAN_POINT('',(116.56,83.11,13.));
#4446 = SURFACE_CURVE('',#4447,(#4452,#4463),.PCURVE_S1.);
#4447 = CIRCLE('',#4448,1.7);
#4448 = AXIS2_PLACEMENT_3D('',#4449,#4450,#4451);
#4449 = CARTESIAN_POINT('',(114.86,83.11,13.));
#4450 = DIRECTION('',(0.,0.,-1.));
#4451 = DIRECTION('',(1.,0.,0.));
#4452 = PCURVE('',#1816,#4453);
#4453 = DEFINITIONAL_REPRESENTATION('',(#4454),#4462);
#4454 = ( BOUNDED_CURVE() B_SPLINE_CURVE(2,(#4455,#4456,#4457,#4458,
#4459,#4460,#4461),.UNSPECIFIED.,.T.,.F.) B_SPLINE_CURVE_WITH_KNOTS((1,2
    ,2,2,2,1),(-2.094395102393,0.,2.094395102393,4.188790204786,
6.28318530718,8.377580409573),.UNSPECIFIED.) CURVE() 
GEOMETRIC_REPRESENTATION_ITEM() RATIONAL_B_SPLINE_CURVE((1.,0.5,1.,0.5,
1.,0.5,1.)) REPRESENTATION_ITEM('') );
#4455 = CARTESIAN_POINT('',(116.56,83.11));
#4456 = CARTESIAN_POINT('',(116.56,80.165513627133));
#4457 = CARTESIAN_POINT('',(114.01,81.637756813566));
#4458 = CARTESIAN_POINT('',(111.46,83.11));
#4459 = CARTESIAN_POINT('',(114.01,84.582243186434));
#4460 = CARTESIAN_POINT('',(116.56,86.054486372867));
#4461 = CARTESIAN_POINT('',(116.56,83.11));
#4462 = ( GEOMETRIC_REPRESENTATION_CONTEXT(2) 
PARAMETRIC_REPRESENTATION_CONTEXT() REPRESENTATION_CONTEXT('2D SPACE',''
  ) );
#4463 = PCURVE('',#3299,#4464);
#4464 = DEFINITIONAL_REPRESENTATION('',(#4465),#4469);
#4465 = LINE('',#4466,#4467);
#4466 = CARTESIAN_POINT('',(-4.138911435803E-13,-0.1));
#4467 = VECTOR('',#4468,1.);
#4468 = DIRECTION('',(1.,-0.));
#4469 = ( GEOMETRIC_REPRESENTATION_CONTEXT(2) 
PARAMETRIC_REPRESENTATION_CONTEXT() REPRESENTATION_CONTEXT('2D SPACE',''
  ) );
#4470 = ADVANCED_FACE('',(#4471),#1946,.T.);
#4471 = FACE_BOUND('',#4472,.T.);
#4472 = EDGE_LOOP('',(#4473,#4474,#4475,#4496));
#4473 = ORIENTED_EDGE('',*,*,#1932,.F.);
#4474 = ORIENTED_EDGE('',*,*,#3366,.T.);
#4475 = ORIENTED_EDGE('',*,*,#4476,.T.);
#4476 = EDGE_CURVE('',#3367,#1987,#4477,.T.);
#4477 = SURFACE_CURVE('',#4478,(#4482,#4489),.PCURVE_S1.);
#4478 = LINE('',#4479,#4480);
#4479 = CARTESIAN_POINT('',(119.86,88.11,13.));
#4480 = VECTOR('',#4481,1.);
#4481 = DIRECTION('',(0.,0.,1.));
#4482 = PCURVE('',#1946,#4483);
#4483 = DEFINITIONAL_REPRESENTATION('',(#4484),#4488);
#4484 = LINE('',#4485,#4486);
#4485 = CARTESIAN_POINT('',(0.,-88.11));
#4486 = VECTOR('',#4487,1.);
#4487 = DIRECTION('',(1.,0.));
#4488 = ( GEOMETRIC_REPRESENTATION_CONTEXT(2) 
PARAMETRIC_REPRESENTATION_CONTEXT() REPRESENTATION_CONTEXT('2D SPACE',''
  ) );
#4489 = PCURVE('',#2025,#4490);
#4490 = DEFINITIONAL_REPRESENTATION('',(#4491),#4495);
#4491 = LINE('',#4492,#4493);
#4492 = CARTESIAN_POINT('',(0.,119.86));
#4493 = VECTOR('',#4494,1.);
#4494 = DIRECTION('',(1.,0.));
#4495 = ( GEOMETRIC_REPRESENTATION_CONTEXT(2) 
PARAMETRIC_REPRESENTATION_CONTEXT() REPRESENTATION_CONTEXT('2D SPACE',''
  ) );
#4496 = ORIENTED_EDGE('',*,*,#1986,.F.);
#4497 = ADVANCED_FACE('',(#4498),#2107,.T.);
#4498 = FACE_BOUND('',#4499,.T.);
#4499 = EDGE_LOOP('',(#4500,#4521,#4522,#4523));
#4500 = ORIENTED_EDGE('',*,*,#4501,.F.);
#4501 = EDGE_CURVE('',#3436,#2066,#4502,.T.);
#4502 = SURFACE_CURVE('',#4503,(#4507,#4514),.PCURVE_S1.);
#4503 = LINE('',#4504,#4505);
#4504 = CARTESIAN_POINT('',(75.545,82.11,12.9));
#4505 = VECTOR('',#4506,1.);
#4506 = DIRECTION('',(0.,0.,1.));
#4507 = PCURVE('',#2107,#4508);
#4508 = DEFINITIONAL_REPRESENTATION('',(#4509),#4513);
#4509 = LINE('',#4510,#4511);
#4510 = CARTESIAN_POINT('',(0.,0.));
#4511 = VECTOR('',#4512,1.);
#4512 = DIRECTION('',(1.,0.));
#4513 = ( GEOMETRIC_REPRESENTATION_CONTEXT(2) 
PARAMETRIC_REPRESENTATION_CONTEXT() REPRESENTATION_CONTEXT('2D SPACE',''
  ) );
#4514 = PCURVE('',#2081,#4515);
#4515 = DEFINITIONAL_REPRESENTATION('',(#4516),#4520);
#4516 = LINE('',#4517,#4518);
#4517 = CARTESIAN_POINT('',(0.,0.));
#4518 = VECTOR('',#4519,1.);
#4519 = DIRECTION('',(1.,0.));
#4520 = ( GEOMETRIC_REPRESENTATION_CONTEXT(2) 
PARAMETRIC_REPRESENTATION_CONTEXT() REPRESENTATION_CONTEXT('2D SPACE',''
  ) );
#4521 = ORIENTED_EDGE('',*,*,#3458,.T.);
#4522 = ORIENTED_EDGE('',*,*,#3339,.T.);
#4523 = ORIENTED_EDGE('',*,*,#2093,.F.);
#4524 = ADVANCED_FACE('',(#4525),#2081,.T.);
#4525 = FACE_BOUND('',#4526,.T.);
#4526 = EDGE_LOOP('',(#4527,#4548,#4549,#4550));
#4527 = ORIENTED_EDGE('',*,*,#4528,.F.);
#4528 = EDGE_CURVE('',#3413,#2038,#4529,.T.);
#4529 = SURFACE_CURVE('',#4530,(#4534,#4541),.PCURVE_S1.);
#4530 = LINE('',#4531,#4532);
#4531 = CARTESIAN_POINT('',(89.545,82.11,12.9));
#4532 = VECTOR('',#4533,1.);
#4533 = DIRECTION('',(0.,0.,1.));
#4534 = PCURVE('',#2081,#4535);
#4535 = DEFINITIONAL_REPRESENTATION('',(#4536),#4540);
#4536 = LINE('',#4537,#4538);
#4537 = CARTESIAN_POINT('',(0.,14.));
#4538 = VECTOR('',#4539,1.);
#4539 = DIRECTION('',(1.,0.));
#4540 = ( GEOMETRIC_REPRESENTATION_CONTEXT(2) 
PARAMETRIC_REPRESENTATION_CONTEXT() REPRESENTATION_CONTEXT('2D SPACE',''
  ) );
#4541 = PCURVE('',#2053,#4542);
#4542 = DEFINITIONAL_REPRESENTATION('',(#4543),#4547);
#4543 = LINE('',#4544,#4545);
#4544 = CARTESIAN_POINT('',(0.,0.));
#4545 = VECTOR('',#4546,1.);
#4546 = DIRECTION('',(1.,0.));
#4547 = ( GEOMETRIC_REPRESENTATION_CONTEXT(2) 
PARAMETRIC_REPRESENTATION_CONTEXT() REPRESENTATION_CONTEXT('2D SPACE',''
  ) );
#4548 = ORIENTED_EDGE('',*,*,#3435,.T.);
#4549 = ORIENTED_EDGE('',*,*,#4501,.T.);
#4550 = ORIENTED_EDGE('',*,*,#2065,.F.);
#4551 = ADVANCED_FACE('',(#4552),#2053,.F.);
#4552 = FACE_BOUND('',#4553,.F.);
#4553 = EDGE_LOOP('',(#4554,#4555,#4556,#4577));
#4554 = ORIENTED_EDGE('',*,*,#4528,.F.);
#4555 = ORIENTED_EDGE('',*,*,#3412,.T.);
#4556 = ORIENTED_EDGE('',*,*,#4557,.T.);
#4557 = EDGE_CURVE('',#3390,#2010,#4558,.T.);
#4558 = SURFACE_CURVE('',#4559,(#4563,#4570),.PCURVE_S1.);
#4559 = LINE('',#4560,#4561);
#4560 = CARTESIAN_POINT('',(89.545,88.11,12.9));
#4561 = VECTOR('',#4562,1.);
#4562 = DIRECTION('',(0.,0.,1.));
#4563 = PCURVE('',#2053,#4564);
#4564 = DEFINITIONAL_REPRESENTATION('',(#4565),#4569);
#4565 = LINE('',#4566,#4567);
#4566 = CARTESIAN_POINT('',(0.,-6.));
#4567 = VECTOR('',#4568,1.);
#4568 = DIRECTION('',(1.,0.));
#4569 = ( GEOMETRIC_REPRESENTATION_CONTEXT(2) 
PARAMETRIC_REPRESENTATION_CONTEXT() REPRESENTATION_CONTEXT('2D SPACE',''
  ) );
#4570 = PCURVE('',#2025,#4571);
#4571 = DEFINITIONAL_REPRESENTATION('',(#4572),#4576);
#4572 = LINE('',#4573,#4574);
#4573 = CARTESIAN_POINT('',(-1.E-01,89.545));
#4574 = VECTOR('',#4575,1.);
#4575 = DIRECTION('',(1.,0.));
#4576 = ( GEOMETRIC_REPRESENTATION_CONTEXT(2) 
PARAMETRIC_REPRESENTATION_CONTEXT() REPRESENTATION_CONTEXT('2D SPACE',''
  ) );
#4577 = ORIENTED_EDGE('',*,*,#2037,.F.);
#4578 = ADVANCED_FACE('',(#4579),#2025,.T.);
#4579 = FACE_BOUND('',#4580,.T.);
#4580 = EDGE_LOOP('',(#4581,#4582,#4583,#4584));
#4581 = ORIENTED_EDGE('',*,*,#3389,.F.);
#4582 = ORIENTED_EDGE('',*,*,#4557,.T.);
#4583 = ORIENTED_EDGE('',*,*,#2009,.T.);
#4584 = ORIENTED_EDGE('',*,*,#4476,.F.);
#4585 = ADVANCED_FACE('',(#4586),#2142,.F.);
#4586 = FACE_BOUND('',#4587,.F.);
#4587 = EDGE_LOOP('',(#4588,#4609,#4610,#4611));
#4588 = ORIENTED_EDGE('',*,*,#4589,.T.);
#4589 = EDGE_CURVE('',#3482,#2122,#4590,.T.);
#4590 = SEAM_CURVE('',#4591,(#4595,#4602),.PCURVE_S1.);
#4591 = LINE('',#4592,#4593);
#4592 = CARTESIAN_POINT('',(6.7,5.,12.9));
#4593 = VECTOR('',#4594,1.);
#4594 = DIRECTION('',(0.,0.,1.));
#4595 = PCURVE('',#2142,#4596);
#4596 = DEFINITIONAL_REPRESENTATION('',(#4597),#4601);
#4597 = LINE('',#4598,#4599);
#4598 = CARTESIAN_POINT('',(-4.138911435803E-13,0.));
#4599 = VECTOR('',#4600,1.);
#4600 = DIRECTION('',(-0.,-1.));
#4601 = ( GEOMETRIC_REPRESENTATION_CONTEXT(2) 
PARAMETRIC_REPRESENTATION_CONTEXT() REPRESENTATION_CONTEXT('2D SPACE',''
  ) );
#4602 = PCURVE('',#2142,#4603);
#4603 = DEFINITIONAL_REPRESENTATION('',(#4604),#4608);
#4604 = LINE('',#4605,#4606);
#4605 = CARTESIAN_POINT('',(6.28318530718,0.));
#4606 = VECTOR('',#4607,1.);
#4607 = DIRECTION('',(-0.,-1.));
#4608 = ( GEOMETRIC_REPRESENTATION_CONTEXT(2) 
PARAMETRIC_REPRESENTATION_CONTEXT() REPRESENTATION_CONTEXT('2D SPACE',''
  ) );
#4609 = ORIENTED_EDGE('',*,*,#2121,.T.);
#4610 = ORIENTED_EDGE('',*,*,#4589,.F.);
#4611 = ORIENTED_EDGE('',*,*,#3481,.F.);
#4612 = ADVANCED_FACE('',(#4613),#2174,.T.);
#4613 = FACE_BOUND('',#4614,.T.);
#4614 = EDGE_LOOP('',(#4615,#4636,#4637,#4658));
#4615 = ORIENTED_EDGE('',*,*,#4616,.F.);
#4616 = EDGE_CURVE('',#3512,#2157,#4617,.T.);
#4617 = SURFACE_CURVE('',#4618,(#4622,#4629),.PCURVE_S1.);
#4618 = LINE('',#4619,#4620);
#4619 = CARTESIAN_POINT('',(31.66,10.5,12.9));
#4620 = VECTOR('',#4621,1.);
#4621 = DIRECTION('',(0.,0.,1.));
#4622 = PCURVE('',#2174,#4623);
#4623 = DEFINITIONAL_REPRESENTATION('',(#4624),#4628);
#4624 = LINE('',#4625,#4626);
#4625 = CARTESIAN_POINT('',(0.,14.));
#4626 = VECTOR('',#4627,1.);
#4627 = DIRECTION('',(1.,0.));
#4628 = ( GEOMETRIC_REPRESENTATION_CONTEXT(2) 
PARAMETRIC_REPRESENTATION_CONTEXT() REPRESENTATION_CONTEXT('2D SPACE',''
  ) );
#4629 = PCURVE('',#2256,#4630);
#4630 = DEFINITIONAL_REPRESENTATION('',(#4631),#4635);
#4631 = LINE('',#4632,#4633);
#4632 = CARTESIAN_POINT('',(0.,0.));
#4633 = VECTOR('',#4634,1.);
#4634 = DIRECTION('',(1.,0.));
#4635 = ( GEOMETRIC_REPRESENTATION_CONTEXT(2) 
PARAMETRIC_REPRESENTATION_CONTEXT() REPRESENTATION_CONTEXT('2D SPACE',''
  ) );
#4636 = ORIENTED_EDGE('',*,*,#3511,.T.);
#4637 = ORIENTED_EDGE('',*,*,#4638,.T.);
#4638 = EDGE_CURVE('',#3514,#2159,#4639,.T.);
#4639 = SURFACE_CURVE('',#4640,(#4644,#4651),.PCURVE_S1.);
#4640 = LINE('',#4641,#4642);
#4641 = CARTESIAN_POINT('',(17.66,10.5,12.9));
#4642 = VECTOR('',#4643,1.);
#4643 = DIRECTION('',(0.,0.,1.));
#4644 = PCURVE('',#2174,#4645);
#4645 = DEFINITIONAL_REPRESENTATION('',(#4646),#4650);
#4646 = LINE('',#4647,#4648);
#4647 = CARTESIAN_POINT('',(0.,0.));
#4648 = VECTOR('',#4649,1.);
#4649 = DIRECTION('',(1.,0.));
#4650 = ( GEOMETRIC_REPRESENTATION_CONTEXT(2) 
PARAMETRIC_REPRESENTATION_CONTEXT() REPRESENTATION_CONTEXT('2D SPACE',''
  ) );
#4651 = PCURVE('',#2202,#4652);
#4652 = DEFINITIONAL_REPRESENTATION('',(#4653),#4657);
#4653 = LINE('',#4654,#4655);
#4654 = CARTESIAN_POINT('',(0.,0.));
#4655 = VECTOR('',#4656,1.);
#4656 = DIRECTION('',(1.,0.));
#4657 = ( GEOMETRIC_REPRESENTATION_CONTEXT(2) 
PARAMETRIC_REPRESENTATION_CONTEXT() REPRESENTATION_CONTEXT('2D SPACE',''
  ) );
#4658 = ORIENTED_EDGE('',*,*,#2156,.F.);
#4659 = ADVANCED_FACE('',(#4660),#2256,.F.);
#4660 = FACE_BOUND('',#4661,.F.);
#4661 = EDGE_LOOP('',(#4662,#4663,#4664,#4685));
#4662 = ORIENTED_EDGE('',*,*,#4616,.F.);
#4663 = ORIENTED_EDGE('',*,*,#3582,.T.);
#4664 = ORIENTED_EDGE('',*,*,#4665,.T.);
#4665 = EDGE_CURVE('',#3560,#2215,#4666,.T.);
#4666 = SURFACE_CURVE('',#4667,(#4671,#4678),.PCURVE_S1.);
#4667 = LINE('',#4668,#4669);
#4668 = CARTESIAN_POINT('',(31.66,24.5,12.9));
#4669 = VECTOR('',#4670,1.);
#4670 = DIRECTION('',(0.,0.,1.));
#4671 = PCURVE('',#2256,#4672);
#4672 = DEFINITIONAL_REPRESENTATION('',(#4673),#4677);
#4673 = LINE('',#4674,#4675);
#4674 = CARTESIAN_POINT('',(0.,-14.));
#4675 = VECTOR('',#4676,1.);
#4676 = DIRECTION('',(1.,0.));
#4677 = ( GEOMETRIC_REPRESENTATION_CONTEXT(2) 
PARAMETRIC_REPRESENTATION_CONTEXT() REPRESENTATION_CONTEXT('2D SPACE',''
  ) );
#4678 = PCURVE('',#2230,#4679);
#4679 = DEFINITIONAL_REPRESENTATION('',(#4680),#4684);
#4680 = LINE('',#4681,#4682);
#4681 = CARTESIAN_POINT('',(0.,14.));
#4682 = VECTOR('',#4683,1.);
#4683 = DIRECTION('',(1.,0.));
#4684 = ( GEOMETRIC_REPRESENTATION_CONTEXT(2) 
PARAMETRIC_REPRESENTATION_CONTEXT() REPRESENTATION_CONTEXT('2D SPACE',''
  ) );
#4685 = ORIENTED_EDGE('',*,*,#2242,.F.);
#4686 = ADVANCED_FACE('',(#4687),#2202,.T.);
#4687 = FACE_BOUND('',#4688,.T.);
#4688 = EDGE_LOOP('',(#4689,#4690,#4691,#4712));
#4689 = ORIENTED_EDGE('',*,*,#4638,.F.);
#4690 = ORIENTED_EDGE('',*,*,#3536,.T.);
#4691 = ORIENTED_EDGE('',*,*,#4692,.T.);
#4692 = EDGE_CURVE('',#3537,#2187,#4693,.T.);
#4693 = SURFACE_CURVE('',#4694,(#4698,#4705),.PCURVE_S1.);
#4694 = LINE('',#4695,#4696);
#4695 = CARTESIAN_POINT('',(17.66,24.5,12.9));
#4696 = VECTOR('',#4697,1.);
#4697 = DIRECTION('',(0.,0.,1.));
#4698 = PCURVE('',#2202,#4699);
#4699 = DEFINITIONAL_REPRESENTATION('',(#4700),#4704);
#4700 = LINE('',#4701,#4702);
#4701 = CARTESIAN_POINT('',(0.,-14.));
#4702 = VECTOR('',#4703,1.);
#4703 = DIRECTION('',(1.,0.));
#4704 = ( GEOMETRIC_REPRESENTATION_CONTEXT(2) 
PARAMETRIC_REPRESENTATION_CONTEXT() REPRESENTATION_CONTEXT('2D SPACE',''
  ) );
#4705 = PCURVE('',#2230,#4706);
#4706 = DEFINITIONAL_REPRESENTATION('',(#4707),#4711);
#4707 = LINE('',#4708,#4709);
#4708 = CARTESIAN_POINT('',(0.,0.));
#4709 = VECTOR('',#4710,1.);
#4710 = DIRECTION('',(1.,0.));
#4711 = ( GEOMETRIC_REPRESENTATION_CONTEXT(2) 
PARAMETRIC_REPRESENTATION_CONTEXT() REPRESENTATION_CONTEXT('2D SPACE',''
  ) );
#4712 = ORIENTED_EDGE('',*,*,#2186,.F.);
#4713 = ADVANCED_FACE('',(#4714),#2230,.F.);
#4714 = FACE_BOUND('',#4715,.F.);
#4715 = EDGE_LOOP('',(#4716,#4717,#4718,#4719));
#4716 = ORIENTED_EDGE('',*,*,#4665,.F.);
#4717 = ORIENTED_EDGE('',*,*,#3559,.T.);
#4718 = ORIENTED_EDGE('',*,*,#4692,.T.);
#4719 = ORIENTED_EDGE('',*,*,#2214,.F.);
#4720 = ADVANCED_FACE('',(#4721),#2288,.T.);
#4721 = FACE_BOUND('',#4722,.T.);
#4722 = EDGE_LOOP('',(#4723,#4744,#4745,#4766));
#4723 = ORIENTED_EDGE('',*,*,#4724,.F.);
#4724 = EDGE_CURVE('',#3606,#2271,#4725,.T.);
#4725 = SURFACE_CURVE('',#4726,(#4730,#4737),.PCURVE_S1.);
#4726 = LINE('',#4727,#4728);
#4727 = CARTESIAN_POINT('',(55.5,10.46,12.9));
#4728 = VECTOR('',#4729,1.);
#4729 = DIRECTION('',(0.,0.,1.));
#4730 = PCURVE('',#2288,#4731);
#4731 = DEFINITIONAL_REPRESENTATION('',(#4732),#4736);
#4732 = LINE('',#4733,#4734);
#4733 = CARTESIAN_POINT('',(0.,14.));
#4734 = VECTOR('',#4735,1.);
#4735 = DIRECTION('',(1.,0.));
#4736 = ( GEOMETRIC_REPRESENTATION_CONTEXT(2) 
PARAMETRIC_REPRESENTATION_CONTEXT() REPRESENTATION_CONTEXT('2D SPACE',''
  ) );
#4737 = PCURVE('',#2370,#4738);
#4738 = DEFINITIONAL_REPRESENTATION('',(#4739),#4743);
#4739 = LINE('',#4740,#4741);
#4740 = CARTESIAN_POINT('',(0.,0.));
#4741 = VECTOR('',#4742,1.);
#4742 = DIRECTION('',(1.,0.));
#4743 = ( GEOMETRIC_REPRESENTATION_CONTEXT(2) 
PARAMETRIC_REPRESENTATION_CONTEXT() REPRESENTATION_CONTEXT('2D SPACE',''
  ) );
#4744 = ORIENTED_EDGE('',*,*,#3605,.T.);
#4745 = ORIENTED_EDGE('',*,*,#4746,.T.);
#4746 = EDGE_CURVE('',#3608,#2273,#4747,.T.);
#4747 = SURFACE_CURVE('',#4748,(#4752,#4759),.PCURVE_S1.);
#4748 = LINE('',#4749,#4750);
#4749 = CARTESIAN_POINT('',(41.5,10.46,12.9));
#4750 = VECTOR('',#4751,1.);
#4751 = DIRECTION('',(0.,0.,1.));
#4752 = PCURVE('',#2288,#4753);
#4753 = DEFINITIONAL_REPRESENTATION('',(#4754),#4758);
#4754 = LINE('',#4755,#4756);
#4755 = CARTESIAN_POINT('',(0.,0.));
#4756 = VECTOR('',#4757,1.);
#4757 = DIRECTION('',(1.,0.));
#4758 = ( GEOMETRIC_REPRESENTATION_CONTEXT(2) 
PARAMETRIC_REPRESENTATION_CONTEXT() REPRESENTATION_CONTEXT('2D SPACE',''
  ) );
#4759 = PCURVE('',#2316,#4760);
#4760 = DEFINITIONAL_REPRESENTATION('',(#4761),#4765);
#4761 = LINE('',#4762,#4763);
#4762 = CARTESIAN_POINT('',(0.,0.));
#4763 = VECTOR('',#4764,1.);
#4764 = DIRECTION('',(1.,0.));
#4765 = ( GEOMETRIC_REPRESENTATION_CONTEXT(2) 
PARAMETRIC_REPRESENTATION_CONTEXT() REPRESENTATION_CONTEXT('2D SPACE',''
  ) );
#4766 = ORIENTED_EDGE('',*,*,#2270,.F.);
#4767 = ADVANCED_FACE('',(#4768),#2370,.F.);
#4768 = FACE_BOUND('',#4769,.F.);
#4769 = EDGE_LOOP('',(#4770,#4771,#4772,#4793));
#4770 = ORIENTED_EDGE('',*,*,#4724,.F.);
#4771 = ORIENTED_EDGE('',*,*,#3676,.T.);
#4772 = ORIENTED_EDGE('',*,*,#4773,.T.);
#4773 = EDGE_CURVE('',#3654,#2329,#4774,.T.);
#4774 = SURFACE_CURVE('',#4775,(#4779,#4786),.PCURVE_S1.);
#4775 = LINE('',#4776,#4777);
#4776 = CARTESIAN_POINT('',(55.5,24.46,12.9));
#4777 = VECTOR('',#4778,1.);
#4778 = DIRECTION('',(0.,0.,1.));
#4779 = PCURVE('',#2370,#4780);
#4780 = DEFINITIONAL_REPRESENTATION('',(#4781),#4785);
#4781 = LINE('',#4782,#4783);
#4782 = CARTESIAN_POINT('',(0.,-14.));
#4783 = VECTOR('',#4784,1.);
#4784 = DIRECTION('',(1.,0.));
#4785 = ( GEOMETRIC_REPRESENTATION_CONTEXT(2) 
PARAMETRIC_REPRESENTATION_CONTEXT() REPRESENTATION_CONTEXT('2D SPACE',''
  ) );
#4786 = PCURVE('',#2344,#4787);
#4787 = DEFINITIONAL_REPRESENTATION('',(#4788),#4792);
#4788 = LINE('',#4789,#4790);
#4789 = CARTESIAN_POINT('',(0.,14.));
#4790 = VECTOR('',#4791,1.);
#4791 = DIRECTION('',(1.,0.));
#4792 = ( GEOMETRIC_REPRESENTATION_CONTEXT(2) 
PARAMETRIC_REPRESENTATION_CONTEXT() REPRESENTATION_CONTEXT('2D SPACE',''
  ) );
#4793 = ORIENTED_EDGE('',*,*,#2356,.F.);
#4794 = ADVANCED_FACE('',(#4795),#2316,.T.);
#4795 = FACE_BOUND('',#4796,.T.);
#4796 = EDGE_LOOP('',(#4797,#4798,#4799,#4820));
#4797 = ORIENTED_EDGE('',*,*,#4746,.F.);
#4798 = ORIENTED_EDGE('',*,*,#3630,.T.);
#4799 = ORIENTED_EDGE('',*,*,#4800,.T.);
#4800 = EDGE_CURVE('',#3631,#2301,#4801,.T.);
#4801 = SURFACE_CURVE('',#4802,(#4806,#4813),.PCURVE_S1.);
#4802 = LINE('',#4803,#4804);
#4803 = CARTESIAN_POINT('',(41.5,24.46,12.9));
#4804 = VECTOR('',#4805,1.);
#4805 = DIRECTION('',(0.,0.,1.));
#4806 = PCURVE('',#2316,#4807);
#4807 = DEFINITIONAL_REPRESENTATION('',(#4808),#4812);
#4808 = LINE('',#4809,#4810);
#4809 = CARTESIAN_POINT('',(0.,-14.));
#4810 = VECTOR('',#4811,1.);
#4811 = DIRECTION('',(1.,0.));
#4812 = ( GEOMETRIC_REPRESENTATION_CONTEXT(2) 
PARAMETRIC_REPRESENTATION_CONTEXT() REPRESENTATION_CONTEXT('2D SPACE',''
  ) );
#4813 = PCURVE('',#2344,#4814);
#4814 = DEFINITIONAL_REPRESENTATION('',(#4815),#4819);
#4815 = LINE('',#4816,#4817);
#4816 = CARTESIAN_POINT('',(0.,0.));
#4817 = VECTOR('',#4818,1.);
#4818 = DIRECTION('',(1.,0.));
#4819 = ( GEOMETRIC_REPRESENTATION_CONTEXT(2) 
PARAMETRIC_REPRESENTATION_CONTEXT() REPRESENTATION_CONTEXT('2D SPACE',''
  ) );
#4820 = ORIENTED_EDGE('',*,*,#2300,.F.);
#4821 = ADVANCED_FACE('',(#4822),#2344,.F.);
#4822 = FACE_BOUND('',#4823,.F.);
#4823 = EDGE_LOOP('',(#4824,#4825,#4826,#4827));
#4824 = ORIENTED_EDGE('',*,*,#4773,.F.);
#4825 = ORIENTED_EDGE('',*,*,#3653,.T.);
#4826 = ORIENTED_EDGE('',*,*,#4800,.T.);
#4827 = ORIENTED_EDGE('',*,*,#2328,.F.);
#4828 = ADVANCED_FACE('',(#4829),#2402,.T.);
#4829 = FACE_BOUND('',#4830,.T.);
#4830 = EDGE_LOOP('',(#4831,#4852,#4853,#4874));
#4831 = ORIENTED_EDGE('',*,*,#4832,.F.);
#4832 = EDGE_CURVE('',#3700,#2385,#4833,.T.);
#4833 = SURFACE_CURVE('',#4834,(#4838,#4845),.PCURVE_S1.);
#4834 = LINE('',#4835,#4836);
#4835 = CARTESIAN_POINT('',(31.76,30.9,12.9));
#4836 = VECTOR('',#4837,1.);
#4837 = DIRECTION('',(0.,0.,1.));
#4838 = PCURVE('',#2402,#4839);
#4839 = DEFINITIONAL_REPRESENTATION('',(#4840),#4844);
#4840 = LINE('',#4841,#4842);
#4841 = CARTESIAN_POINT('',(0.,14.));
#4842 = VECTOR('',#4843,1.);
#4843 = DIRECTION('',(1.,0.));
#4844 = ( GEOMETRIC_REPRESENTATION_CONTEXT(2) 
PARAMETRIC_REPRESENTATION_CONTEXT() REPRESENTATION_CONTEXT('2D SPACE',''
  ) );
#4845 = PCURVE('',#2484,#4846);
#4846 = DEFINITIONAL_REPRESENTATION('',(#4847),#4851);
#4847 = LINE('',#4848,#4849);
#4848 = CARTESIAN_POINT('',(0.,0.));
#4849 = VECTOR('',#4850,1.);
#4850 = DIRECTION('',(1.,0.));
#4851 = ( GEOMETRIC_REPRESENTATION_CONTEXT(2) 
PARAMETRIC_REPRESENTATION_CONTEXT() REPRESENTATION_CONTEXT('2D SPACE',''
  ) );
#4852 = ORIENTED_EDGE('',*,*,#3699,.T.);
#4853 = ORIENTED_EDGE('',*,*,#4854,.T.);
#4854 = EDGE_CURVE('',#3702,#2387,#4855,.T.);
#4855 = SURFACE_CURVE('',#4856,(#4860,#4867),.PCURVE_S1.);
#4856 = LINE('',#4857,#4858);
#4857 = CARTESIAN_POINT('',(17.76,30.9,12.9));
#4858 = VECTOR('',#4859,1.);
#4859 = DIRECTION('',(0.,0.,1.));
#4860 = PCURVE('',#2402,#4861);
#4861 = DEFINITIONAL_REPRESENTATION('',(#4862),#4866);
#4862 = LINE('',#4863,#4864);
#4863 = CARTESIAN_POINT('',(0.,0.));
#4864 = VECTOR('',#4865,1.);
#4865 = DIRECTION('',(1.,0.));
#4866 = ( GEOMETRIC_REPRESENTATION_CONTEXT(2) 
PARAMETRIC_REPRESENTATION_CONTEXT() REPRESENTATION_CONTEXT('2D SPACE',''
  ) );
#4867 = PCURVE('',#2430,#4868);
#4868 = DEFINITIONAL_REPRESENTATION('',(#4869),#4873);
#4869 = LINE('',#4870,#4871);
#4870 = CARTESIAN_POINT('',(0.,0.));
#4871 = VECTOR('',#4872,1.);
#4872 = DIRECTION('',(1.,0.));
#4873 = ( GEOMETRIC_REPRESENTATION_CONTEXT(2) 
PARAMETRIC_REPRESENTATION_CONTEXT() REPRESENTATION_CONTEXT('2D SPACE',''
  ) );
#4874 = ORIENTED_EDGE('',*,*,#2384,.F.);
#4875 = ADVANCED_FACE('',(#4876),#2484,.F.);
#4876 = FACE_BOUND('',#4877,.F.);
#4877 = EDGE_LOOP('',(#4878,#4879,#4880,#4901));
#4878 = ORIENTED_EDGE('',*,*,#4832,.F.);
#4879 = ORIENTED_EDGE('',*,*,#3770,.T.);
#4880 = ORIENTED_EDGE('',*,*,#4881,.T.);
#4881 = EDGE_CURVE('',#3748,#2443,#4882,.T.);
#4882 = SURFACE_CURVE('',#4883,(#4887,#4894),.PCURVE_S1.);
#4883 = LINE('',#4884,#4885);
#4884 = CARTESIAN_POINT('',(31.76,44.9,12.9));
#4885 = VECTOR('',#4886,1.);
#4886 = DIRECTION('',(0.,0.,1.));
#4887 = PCURVE('',#2484,#4888);
#4888 = DEFINITIONAL_REPRESENTATION('',(#4889),#4893);
#4889 = LINE('',#4890,#4891);
#4890 = CARTESIAN_POINT('',(0.,-14.));
#4891 = VECTOR('',#4892,1.);
#4892 = DIRECTION('',(1.,0.));
#4893 = ( GEOMETRIC_REPRESENTATION_CONTEXT(2) 
PARAMETRIC_REPRESENTATION_CONTEXT() REPRESENTATION_CONTEXT('2D SPACE',''
  ) );
#4894 = PCURVE('',#2458,#4895);
#4895 = DEFINITIONAL_REPRESENTATION('',(#4896),#4900);
#4896 = LINE('',#4897,#4898);
#4897 = CARTESIAN_POINT('',(0.,14.));
#4898 = VECTOR('',#4899,1.);
#4899 = DIRECTION('',(1.,0.));
#4900 = ( GEOMETRIC_REPRESENTATION_CONTEXT(2) 
PARAMETRIC_REPRESENTATION_CONTEXT() REPRESENTATION_CONTEXT('2D SPACE',''
  ) );
#4901 = ORIENTED_EDGE('',*,*,#2470,.F.);
#4902 = ADVANCED_FACE('',(#4903),#2430,.T.);
#4903 = FACE_BOUND('',#4904,.T.);
#4904 = EDGE_LOOP('',(#4905,#4906,#4907,#4928));
#4905 = ORIENTED_EDGE('',*,*,#4854,.F.);
#4906 = ORIENTED_EDGE('',*,*,#3724,.T.);
#4907 = ORIENTED_EDGE('',*,*,#4908,.T.);
#4908 = EDGE_CURVE('',#3725,#2415,#4909,.T.);
#4909 = SURFACE_CURVE('',#4910,(#4914,#4921),.PCURVE_S1.);
#4910 = LINE('',#4911,#4912);
#4911 = CARTESIAN_POINT('',(17.76,44.9,12.9));
#4912 = VECTOR('',#4913,1.);
#4913 = DIRECTION('',(0.,0.,1.));
#4914 = PCURVE('',#2430,#4915);
#4915 = DEFINITIONAL_REPRESENTATION('',(#4916),#4920);
#4916 = LINE('',#4917,#4918);
#4917 = CARTESIAN_POINT('',(0.,-14.));
#4918 = VECTOR('',#4919,1.);
#4919 = DIRECTION('',(1.,0.));
#4920 = ( GEOMETRIC_REPRESENTATION_CONTEXT(2) 
PARAMETRIC_REPRESENTATION_CONTEXT() REPRESENTATION_CONTEXT('2D SPACE',''
  ) );
#4921 = PCURVE('',#2458,#4922);
#4922 = DEFINITIONAL_REPRESENTATION('',(#4923),#4927);
#4923 = LINE('',#4924,#4925);
#4924 = CARTESIAN_POINT('',(0.,0.));
#4925 = VECTOR('',#4926,1.);
#4926 = DIRECTION('',(1.,0.));
#4927 = ( GEOMETRIC_REPRESENTATION_CONTEXT(2) 
PARAMETRIC_REPRESENTATION_CONTEXT() REPRESENTATION_CONTEXT('2D SPACE',''
  ) );
#4928 = ORIENTED_EDGE('',*,*,#2414,.F.);
#4929 = ADVANCED_FACE('',(#4930),#2458,.F.);
#4930 = FACE_BOUND('',#4931,.F.);
#4931 = EDGE_LOOP('',(#4932,#4933,#4934,#4935));
#4932 = ORIENTED_EDGE('',*,*,#4881,.F.);
#4933 = ORIENTED_EDGE('',*,*,#3747,.T.);
#4934 = ORIENTED_EDGE('',*,*,#4908,.T.);
#4935 = ORIENTED_EDGE('',*,*,#2442,.F.);
#4936 = ADVANCED_FACE('',(#4937),#2516,.T.);
#4937 = FACE_BOUND('',#4938,.T.);
#4938 = EDGE_LOOP('',(#4939,#4960,#4961,#4982));
#4939 = ORIENTED_EDGE('',*,*,#4940,.F.);
#4940 = EDGE_CURVE('',#3794,#2499,#4941,.T.);
#4941 = SURFACE_CURVE('',#4942,(#4946,#4953),.PCURVE_S1.);
#4942 = LINE('',#4943,#4944);
#4943 = CARTESIAN_POINT('',(55.39,30.7,12.9));
#4944 = VECTOR('',#4945,1.);
#4945 = DIRECTION('',(0.,0.,1.));
#4946 = PCURVE('',#2516,#4947);
#4947 = DEFINITIONAL_REPRESENTATION('',(#4948),#4952);
#4948 = LINE('',#4949,#4950);
#4949 = CARTESIAN_POINT('',(0.,14.));
#4950 = VECTOR('',#4951,1.);
#4951 = DIRECTION('',(1.,0.));
#4952 = ( GEOMETRIC_REPRESENTATION_CONTEXT(2) 
PARAMETRIC_REPRESENTATION_CONTEXT() REPRESENTATION_CONTEXT('2D SPACE',''
  ) );
#4953 = PCURVE('',#2598,#4954);
#4954 = DEFINITIONAL_REPRESENTATION('',(#4955),#4959);
#4955 = LINE('',#4956,#4957);
#4956 = CARTESIAN_POINT('',(0.,0.));
#4957 = VECTOR('',#4958,1.);
#4958 = DIRECTION('',(1.,0.));
#4959 = ( GEOMETRIC_REPRESENTATION_CONTEXT(2) 
PARAMETRIC_REPRESENTATION_CONTEXT() REPRESENTATION_CONTEXT('2D SPACE',''
  ) );
#4960 = ORIENTED_EDGE('',*,*,#3793,.T.);
#4961 = ORIENTED_EDGE('',*,*,#4962,.T.);
#4962 = EDGE_CURVE('',#3796,#2501,#4963,.T.);
#4963 = SURFACE_CURVE('',#4964,(#4968,#4975),.PCURVE_S1.);
#4964 = LINE('',#4965,#4966);
#4965 = CARTESIAN_POINT('',(41.39,30.7,12.9));
#4966 = VECTOR('',#4967,1.);
#4967 = DIRECTION('',(0.,0.,1.));
#4968 = PCURVE('',#2516,#4969);
#4969 = DEFINITIONAL_REPRESENTATION('',(#4970),#4974);
#4970 = LINE('',#4971,#4972);
#4971 = CARTESIAN_POINT('',(0.,0.));
#4972 = VECTOR('',#4973,1.);
#4973 = DIRECTION('',(1.,0.));
#4974 = ( GEOMETRIC_REPRESENTATION_CONTEXT(2) 
PARAMETRIC_REPRESENTATION_CONTEXT() REPRESENTATION_CONTEXT('2D SPACE',''
  ) );
#4975 = PCURVE('',#2544,#4976);
#4976 = DEFINITIONAL_REPRESENTATION('',(#4977),#4981);
#4977 = LINE('',#4978,#4979);
#4978 = CARTESIAN_POINT('',(0.,0.));
#4979 = VECTOR('',#4980,1.);
#4980 = DIRECTION('',(1.,0.));
#4981 = ( GEOMETRIC_REPRESENTATION_CONTEXT(2) 
PARAMETRIC_REPRESENTATION_CONTEXT() REPRESENTATION_CONTEXT('2D SPACE',''
  ) );
#4982 = ORIENTED_EDGE('',*,*,#2498,.F.);
#4983 = ADVANCED_FACE('',(#4984),#2598,.F.);
#4984 = FACE_BOUND('',#4985,.F.);
#4985 = EDGE_LOOP('',(#4986,#4987,#4988,#5009));
#4986 = ORIENTED_EDGE('',*,*,#4940,.F.);
#4987 = ORIENTED_EDGE('',*,*,#3864,.T.);
#4988 = ORIENTED_EDGE('',*,*,#4989,.T.);
#4989 = EDGE_CURVE('',#3842,#2557,#4990,.T.);
#4990 = SURFACE_CURVE('',#4991,(#4995,#5002),.PCURVE_S1.);
#4991 = LINE('',#4992,#4993);
#4992 = CARTESIAN_POINT('',(55.39,44.7,12.9));
#4993 = VECTOR('',#4994,1.);
#4994 = DIRECTION('',(0.,0.,1.));
#4995 = PCURVE('',#2598,#4996);
#4996 = DEFINITIONAL_REPRESENTATION('',(#4997),#5001);
#4997 = LINE('',#4998,#4999);
#4998 = CARTESIAN_POINT('',(0.,-14.));
#4999 = VECTOR('',#5000,1.);
#5000 = DIRECTION('',(1.,0.));
#5001 = ( GEOMETRIC_REPRESENTATION_CONTEXT(2) 
PARAMETRIC_REPRESENTATION_CONTEXT() REPRESENTATION_CONTEXT('2D SPACE',''
  ) );
#5002 = PCURVE('',#2572,#5003);
#5003 = DEFINITIONAL_REPRESENTATION('',(#5004),#5008);
#5004 = LINE('',#5005,#5006);
#5005 = CARTESIAN_POINT('',(0.,14.));
#5006 = VECTOR('',#5007,1.);
#5007 = DIRECTION('',(1.,0.));
#5008 = ( GEOMETRIC_REPRESENTATION_CONTEXT(2) 
PARAMETRIC_REPRESENTATION_CONTEXT() REPRESENTATION_CONTEXT('2D SPACE',''
  ) );
#5009 = ORIENTED_EDGE('',*,*,#2584,.F.);
#5010 = ADVANCED_FACE('',(#5011),#2544,.T.);
#5011 = FACE_BOUND('',#5012,.T.);
#5012 = EDGE_LOOP('',(#5013,#5014,#5015,#5036));
#5013 = ORIENTED_EDGE('',*,*,#4962,.F.);
#5014 = ORIENTED_EDGE('',*,*,#3818,.T.);
#5015 = ORIENTED_EDGE('',*,*,#5016,.T.);
#5016 = EDGE_CURVE('',#3819,#2529,#5017,.T.);
#5017 = SURFACE_CURVE('',#5018,(#5022,#5029),.PCURVE_S1.);
#5018 = LINE('',#5019,#5020);
#5019 = CARTESIAN_POINT('',(41.39,44.7,12.9));
#5020 = VECTOR('',#5021,1.);
#5021 = DIRECTION('',(0.,0.,1.));
#5022 = PCURVE('',#2544,#5023);
#5023 = DEFINITIONAL_REPRESENTATION('',(#5024),#5028);
#5024 = LINE('',#5025,#5026);
#5025 = CARTESIAN_POINT('',(0.,-14.));
#5026 = VECTOR('',#5027,1.);
#5027 = DIRECTION('',(1.,0.));
#5028 = ( GEOMETRIC_REPRESENTATION_CONTEXT(2) 
PARAMETRIC_REPRESENTATION_CONTEXT() REPRESENTATION_CONTEXT('2D SPACE',''
  ) );
#5029 = PCURVE('',#2572,#5030);
#5030 = DEFINITIONAL_REPRESENTATION('',(#5031),#5035);
#5031 = LINE('',#5032,#5033);
#5032 = CARTESIAN_POINT('',(0.,0.));
#5033 = VECTOR('',#5034,1.);
#5034 = DIRECTION('',(1.,0.));
#5035 = ( GEOMETRIC_REPRESENTATION_CONTEXT(2) 
PARAMETRIC_REPRESENTATION_CONTEXT() REPRESENTATION_CONTEXT('2D SPACE',''
  ) );
#5036 = ORIENTED_EDGE('',*,*,#2528,.F.);
#5037 = ADVANCED_FACE('',(#5038),#2572,.F.);
#5038 = FACE_BOUND('',#5039,.F.);
#5039 = EDGE_LOOP('',(#5040,#5041,#5042,#5043));
#5040 = ORIENTED_EDGE('',*,*,#4989,.F.);
#5041 = ORIENTED_EDGE('',*,*,#3841,.T.);
#5042 = ORIENTED_EDGE('',*,*,#5016,.T.);
#5043 = ORIENTED_EDGE('',*,*,#2556,.F.);
#5044 = ADVANCED_FACE('',(#5045),#2630,.T.);
#5045 = FACE_BOUND('',#5046,.T.);
#5046 = EDGE_LOOP('',(#5047,#5068,#5069,#5090));
#5047 = ORIENTED_EDGE('',*,*,#5048,.F.);
#5048 = EDGE_CURVE('',#3888,#2613,#5049,.T.);
#5049 = SURFACE_CURVE('',#5050,(#5054,#5061),.PCURVE_S1.);
#5050 = LINE('',#5051,#5052);
#5051 = CARTESIAN_POINT('',(79.63,10.56,12.9));
#5052 = VECTOR('',#5053,1.);
#5053 = DIRECTION('',(0.,0.,1.));
#5054 = PCURVE('',#2630,#5055);
#5055 = DEFINITIONAL_REPRESENTATION('',(#5056),#5060);
#5056 = LINE('',#5057,#5058);
#5057 = CARTESIAN_POINT('',(0.,14.));
#5058 = VECTOR('',#5059,1.);
#5059 = DIRECTION('',(1.,0.));
#5060 = ( GEOMETRIC_REPRESENTATION_CONTEXT(2) 
PARAMETRIC_REPRESENTATION_CONTEXT() REPRESENTATION_CONTEXT('2D SPACE',''
  ) );
#5061 = PCURVE('',#2712,#5062);
#5062 = DEFINITIONAL_REPRESENTATION('',(#5063),#5067);
#5063 = LINE('',#5064,#5065);
#5064 = CARTESIAN_POINT('',(0.,0.));
#5065 = VECTOR('',#5066,1.);
#5066 = DIRECTION('',(1.,0.));
#5067 = ( GEOMETRIC_REPRESENTATION_CONTEXT(2) 
PARAMETRIC_REPRESENTATION_CONTEXT() REPRESENTATION_CONTEXT('2D SPACE',''
  ) );
#5068 = ORIENTED_EDGE('',*,*,#3887,.T.);
#5069 = ORIENTED_EDGE('',*,*,#5070,.T.);
#5070 = EDGE_CURVE('',#3890,#2615,#5071,.T.);
#5071 = SURFACE_CURVE('',#5072,(#5076,#5083),.PCURVE_S1.);
#5072 = LINE('',#5073,#5074);
#5073 = CARTESIAN_POINT('',(65.63,10.56,12.9));
#5074 = VECTOR('',#5075,1.);
#5075 = DIRECTION('',(0.,0.,1.));
#5076 = PCURVE('',#2630,#5077);
#5077 = DEFINITIONAL_REPRESENTATION('',(#5078),#5082);
#5078 = LINE('',#5079,#5080);
#5079 = CARTESIAN_POINT('',(0.,0.));
#5080 = VECTOR('',#5081,1.);
#5081 = DIRECTION('',(1.,0.));
#5082 = ( GEOMETRIC_REPRESENTATION_CONTEXT(2) 
PARAMETRIC_REPRESENTATION_CONTEXT() REPRESENTATION_CONTEXT('2D SPACE',''
  ) );
#5083 = PCURVE('',#2658,#5084);
#5084 = DEFINITIONAL_REPRESENTATION('',(#5085),#5089);
#5085 = LINE('',#5086,#5087);
#5086 = CARTESIAN_POINT('',(0.,0.));
#5087 = VECTOR('',#5088,1.);
#5088 = DIRECTION('',(1.,0.));
#5089 = ( GEOMETRIC_REPRESENTATION_CONTEXT(2) 
PARAMETRIC_REPRESENTATION_CONTEXT() REPRESENTATION_CONTEXT('2D SPACE',''
  ) );
#5090 = ORIENTED_EDGE('',*,*,#2612,.F.);
#5091 = ADVANCED_FACE('',(#5092),#2712,.F.);
#5092 = FACE_BOUND('',#5093,.F.);
#5093 = EDGE_LOOP('',(#5094,#5095,#5096,#5117));
#5094 = ORIENTED_EDGE('',*,*,#5048,.F.);
#5095 = ORIENTED_EDGE('',*,*,#3958,.T.);
#5096 = ORIENTED_EDGE('',*,*,#5097,.T.);
#5097 = EDGE_CURVE('',#3936,#2671,#5098,.T.);
#5098 = SURFACE_CURVE('',#5099,(#5103,#5110),.PCURVE_S1.);
#5099 = LINE('',#5100,#5101);
#5100 = CARTESIAN_POINT('',(79.63,24.56,12.9));
#5101 = VECTOR('',#5102,1.);
#5102 = DIRECTION('',(0.,0.,1.));
#5103 = PCURVE('',#2712,#5104);
#5104 = DEFINITIONAL_REPRESENTATION('',(#5105),#5109);
#5105 = LINE('',#5106,#5107);
#5106 = CARTESIAN_POINT('',(0.,-14.));
#5107 = VECTOR('',#5108,1.);
#5108 = DIRECTION('',(1.,0.));
#5109 = ( GEOMETRIC_REPRESENTATION_CONTEXT(2) 
PARAMETRIC_REPRESENTATION_CONTEXT() REPRESENTATION_CONTEXT('2D SPACE',''
  ) );
#5110 = PCURVE('',#2686,#5111);
#5111 = DEFINITIONAL_REPRESENTATION('',(#5112),#5116);
#5112 = LINE('',#5113,#5114);
#5113 = CARTESIAN_POINT('',(0.,14.));
#5114 = VECTOR('',#5115,1.);
#5115 = DIRECTION('',(1.,0.));
#5116 = ( GEOMETRIC_REPRESENTATION_CONTEXT(2) 
PARAMETRIC_REPRESENTATION_CONTEXT() REPRESENTATION_CONTEXT('2D SPACE',''
  ) );
#5117 = ORIENTED_EDGE('',*,*,#2698,.F.);
#5118 = ADVANCED_FACE('',(#5119),#2658,.T.);
#5119 = FACE_BOUND('',#5120,.T.);
#5120 = EDGE_LOOP('',(#5121,#5122,#5123,#5144));
#5121 = ORIENTED_EDGE('',*,*,#5070,.F.);
#5122 = ORIENTED_EDGE('',*,*,#3912,.T.);
#5123 = ORIENTED_EDGE('',*,*,#5124,.T.);
#5124 = EDGE_CURVE('',#3913,#2643,#5125,.T.);
#5125 = SURFACE_CURVE('',#5126,(#5130,#5137),.PCURVE_S1.);
#5126 = LINE('',#5127,#5128);
#5127 = CARTESIAN_POINT('',(65.63,24.56,12.9));
#5128 = VECTOR('',#5129,1.);
#5129 = DIRECTION('',(0.,0.,1.));
#5130 = PCURVE('',#2658,#5131);
#5131 = DEFINITIONAL_REPRESENTATION('',(#5132),#5136);
#5132 = LINE('',#5133,#5134);
#5133 = CARTESIAN_POINT('',(0.,-14.));
#5134 = VECTOR('',#5135,1.);
#5135 = DIRECTION('',(1.,0.));
#5136 = ( GEOMETRIC_REPRESENTATION_CONTEXT(2) 
PARAMETRIC_REPRESENTATION_CONTEXT() REPRESENTATION_CONTEXT('2D SPACE',''
  ) );
#5137 = PCURVE('',#2686,#5138);
#5138 = DEFINITIONAL_REPRESENTATION('',(#5139),#5143);
#5139 = LINE('',#5140,#5141);
#5140 = CARTESIAN_POINT('',(0.,0.));
#5141 = VECTOR('',#5142,1.);
#5142 = DIRECTION('',(1.,0.));
#5143 = ( GEOMETRIC_REPRESENTATION_CONTEXT(2) 
PARAMETRIC_REPRESENTATION_CONTEXT() REPRESENTATION_CONTEXT('2D SPACE',''
  ) );
#5144 = ORIENTED_EDGE('',*,*,#2642,.F.);
#5145 = ADVANCED_FACE('',(#5146),#2686,.F.);
#5146 = FACE_BOUND('',#5147,.F.);
#5147 = EDGE_LOOP('',(#5148,#5149,#5150,#5151));
#5148 = ORIENTED_EDGE('',*,*,#5097,.F.);
#5149 = ORIENTED_EDGE('',*,*,#3935,.T.);
#5150 = ORIENTED_EDGE('',*,*,#5124,.T.);
#5151 = ORIENTED_EDGE('',*,*,#2670,.F.);
#5152 = ADVANCED_FACE('',(#5153),#2747,.F.);
#5153 = FACE_BOUND('',#5154,.F.);
#5154 = EDGE_LOOP('',(#5155,#5176,#5177,#5178));
#5155 = ORIENTED_EDGE('',*,*,#5156,.T.);
#5156 = EDGE_CURVE('',#3982,#2727,#5157,.T.);
#5157 = SEAM_CURVE('',#5158,(#5162,#5169),.PCURVE_S1.);
#5158 = LINE('',#5159,#5160);
#5159 = CARTESIAN_POINT('',(116.56,5.,12.9));
#5160 = VECTOR('',#5161,1.);
#5161 = DIRECTION('',(0.,0.,1.));
#5162 = PCURVE('',#2747,#5163);
#5163 = DEFINITIONAL_REPRESENTATION('',(#5164),#5168);
#5164 = LINE('',#5165,#5166);
#5165 = CARTESIAN_POINT('',(-4.138911435803E-13,0.));
#5166 = VECTOR('',#5167,1.);
#5167 = DIRECTION('',(-0.,-1.));
#5168 = ( GEOMETRIC_REPRESENTATION_CONTEXT(2) 
PARAMETRIC_REPRESENTATION_CONTEXT() REPRESENTATION_CONTEXT('2D SPACE',''
  ) );
#5169 = PCURVE('',#2747,#5170);
#5170 = DEFINITIONAL_REPRESENTATION('',(#5171),#5175);
#5171 = LINE('',#5172,#5173);
#5172 = CARTESIAN_POINT('',(6.28318530718,0.));
#5173 = VECTOR('',#5174,1.);
#5174 = DIRECTION('',(-0.,-1.));
#5175 = ( GEOMETRIC_REPRESENTATION_CONTEXT(2) 
PARAMETRIC_REPRESENTATION_CONTEXT() REPRESENTATION_CONTEXT('2D SPACE',''
  ) );
#5176 = ORIENTED_EDGE('',*,*,#2726,.T.);
#5177 = ORIENTED_EDGE('',*,*,#5156,.F.);
#5178 = ORIENTED_EDGE('',*,*,#3981,.F.);
#5179 = ADVANCED_FACE('',(#5180),#2782,.F.);
#5180 = FACE_BOUND('',#5181,.F.);
#5181 = EDGE_LOOP('',(#5182,#5203,#5204,#5205));
#5182 = ORIENTED_EDGE('',*,*,#5183,.T.);
#5183 = EDGE_CURVE('',#4012,#2762,#5184,.T.);
#5184 = SEAM_CURVE('',#5185,(#5189,#5196),.PCURVE_S1.);
#5185 = LINE('',#5186,#5187);
#5186 = CARTESIAN_POINT('',(67.54,39.64,12.9));
#5187 = VECTOR('',#5188,1.);
#5188 = DIRECTION('',(0.,0.,1.));
#5189 = PCURVE('',#2782,#5190);
#5190 = DEFINITIONAL_REPRESENTATION('',(#5191),#5195);
#5191 = LINE('',#5192,#5193);
#5192 = CARTESIAN_POINT('',(-4.138911435803E-13,0.));
#5193 = VECTOR('',#5194,1.);
#5194 = DIRECTION('',(-0.,-1.));
#5195 = ( GEOMETRIC_REPRESENTATION_CONTEXT(2) 
PARAMETRIC_REPRESENTATION_CONTEXT() REPRESENTATION_CONTEXT('2D SPACE',''
  ) );
#5196 = PCURVE('',#2782,#5197);
#5197 = DEFINITIONAL_REPRESENTATION('',(#5198),#5202);
#5198 = LINE('',#5199,#5200);
#5199 = CARTESIAN_POINT('',(6.28318530718,0.));
#5200 = VECTOR('',#5201,1.);
#5201 = DIRECTION('',(-0.,-1.));
#5202 = ( GEOMETRIC_REPRESENTATION_CONTEXT(2) 
PARAMETRIC_REPRESENTATION_CONTEXT() REPRESENTATION_CONTEXT('2D SPACE',''
  ) );
#5203 = ORIENTED_EDGE('',*,*,#2761,.T.);
#5204 = ORIENTED_EDGE('',*,*,#5183,.F.);
#5205 = ORIENTED_EDGE('',*,*,#4011,.F.);
#5206 = ADVANCED_FACE('',(#5207),#2814,.T.);
#5207 = FACE_BOUND('',#5208,.T.);
#5208 = EDGE_LOOP('',(#5209,#5230,#5231,#5252));
#5209 = ORIENTED_EDGE('',*,*,#5210,.F.);
#5210 = EDGE_CURVE('',#4042,#2797,#5211,.T.);
#5211 = SURFACE_CURVE('',#5212,(#5216,#5223),.PCURVE_S1.);
#5212 = LINE('',#5213,#5214);
#5213 = CARTESIAN_POINT('',(96.288,20.082,12.9));
#5214 = VECTOR('',#5215,1.);
#5215 = DIRECTION('',(0.,0.,1.));
#5216 = PCURVE('',#2814,#5217);
#5217 = DEFINITIONAL_REPRESENTATION('',(#5218),#5222);
#5218 = LINE('',#5219,#5220);
#5219 = CARTESIAN_POINT('',(0.,7.));
#5220 = VECTOR('',#5221,1.);
#5221 = DIRECTION('',(1.,0.));
#5222 = ( GEOMETRIC_REPRESENTATION_CONTEXT(2) 
PARAMETRIC_REPRESENTATION_CONTEXT() REPRESENTATION_CONTEXT('2D SPACE',''
  ) );
#5223 = PCURVE('',#2896,#5224);
#5224 = DEFINITIONAL_REPRESENTATION('',(#5225),#5229);
#5225 = LINE('',#5226,#5227);
#5226 = CARTESIAN_POINT('',(0.,0.));
#5227 = VECTOR('',#5228,1.);
#5228 = DIRECTION('',(1.,0.));
#5229 = ( GEOMETRIC_REPRESENTATION_CONTEXT(2) 
PARAMETRIC_REPRESENTATION_CONTEXT() REPRESENTATION_CONTEXT('2D SPACE',''
  ) );
#5230 = ORIENTED_EDGE('',*,*,#4041,.T.);
#5231 = ORIENTED_EDGE('',*,*,#5232,.T.);
#5232 = EDGE_CURVE('',#4044,#2799,#5233,.T.);
#5233 = SURFACE_CURVE('',#5234,(#5238,#5245),.PCURVE_S1.);
#5234 = LINE('',#5235,#5236);
#5235 = CARTESIAN_POINT('',(89.288,20.082,12.9));
#5236 = VECTOR('',#5237,1.);
#5237 = DIRECTION('',(0.,0.,1.));
#5238 = PCURVE('',#2814,#5239);
#5239 = DEFINITIONAL_REPRESENTATION('',(#5240),#5244);
#5240 = LINE('',#5241,#5242);
#5241 = CARTESIAN_POINT('',(0.,0.));
#5242 = VECTOR('',#5243,1.);
#5243 = DIRECTION('',(1.,0.));
#5244 = ( GEOMETRIC_REPRESENTATION_CONTEXT(2) 
PARAMETRIC_REPRESENTATION_CONTEXT() REPRESENTATION_CONTEXT('2D SPACE',''
  ) );
#5245 = PCURVE('',#2842,#5246);
#5246 = DEFINITIONAL_REPRESENTATION('',(#5247),#5251);
#5247 = LINE('',#5248,#5249);
#5248 = CARTESIAN_POINT('',(0.,0.));
#5249 = VECTOR('',#5250,1.);
#5250 = DIRECTION('',(1.,0.));
#5251 = ( GEOMETRIC_REPRESENTATION_CONTEXT(2) 
PARAMETRIC_REPRESENTATION_CONTEXT() REPRESENTATION_CONTEXT('2D SPACE',''
  ) );
#5252 = ORIENTED_EDGE('',*,*,#2796,.F.);
#5253 = ADVANCED_FACE('',(#5254),#2896,.F.);
#5254 = FACE_BOUND('',#5255,.F.);
#5255 = EDGE_LOOP('',(#5256,#5257,#5258,#5279));
#5256 = ORIENTED_EDGE('',*,*,#5210,.F.);
#5257 = ORIENTED_EDGE('',*,*,#4112,.T.);
#5258 = ORIENTED_EDGE('',*,*,#5259,.T.);
#5259 = EDGE_CURVE('',#4090,#2855,#5260,.T.);
#5260 = SURFACE_CURVE('',#5261,(#5265,#5272),.PCURVE_S1.);
#5261 = LINE('',#5262,#5263);
#5262 = CARTESIAN_POINT('',(96.288,44.582,12.9));
#5263 = VECTOR('',#5264,1.);
#5264 = DIRECTION('',(0.,0.,1.));
#5265 = PCURVE('',#2896,#5266);
#5266 = DEFINITIONAL_REPRESENTATION('',(#5267),#5271);
#5267 = LINE('',#5268,#5269);
#5268 = CARTESIAN_POINT('',(0.,-24.5));
#5269 = VECTOR('',#5270,1.);
#5270 = DIRECTION('',(1.,0.));
#5271 = ( GEOMETRIC_REPRESENTATION_CONTEXT(2) 
PARAMETRIC_REPRESENTATION_CONTEXT() REPRESENTATION_CONTEXT('2D SPACE',''
  ) );
#5272 = PCURVE('',#2870,#5273);
#5273 = DEFINITIONAL_REPRESENTATION('',(#5274),#5278);
#5274 = LINE('',#5275,#5276);
#5275 = CARTESIAN_POINT('',(0.,7.));
#5276 = VECTOR('',#5277,1.);
#5277 = DIRECTION('',(1.,0.));
#5278 = ( GEOMETRIC_REPRESENTATION_CONTEXT(2) 
PARAMETRIC_REPRESENTATION_CONTEXT() REPRESENTATION_CONTEXT('2D SPACE',''
  ) );
#5279 = ORIENTED_EDGE('',*,*,#2882,.F.);
#5280 = ADVANCED_FACE('',(#5281),#2842,.T.);
#5281 = FACE_BOUND('',#5282,.T.);
#5282 = EDGE_LOOP('',(#5283,#5284,#5285,#5306));
#5283 = ORIENTED_EDGE('',*,*,#5232,.F.);
#5284 = ORIENTED_EDGE('',*,*,#4066,.T.);
#5285 = ORIENTED_EDGE('',*,*,#5286,.T.);
#5286 = EDGE_CURVE('',#4067,#2827,#5287,.T.);
#5287 = SURFACE_CURVE('',#5288,(#5292,#5299),.PCURVE_S1.);
#5288 = LINE('',#5289,#5290);
#5289 = CARTESIAN_POINT('',(89.288,44.582,12.9));
#5290 = VECTOR('',#5291,1.);
#5291 = DIRECTION('',(0.,0.,1.));
#5292 = PCURVE('',#2842,#5293);
#5293 = DEFINITIONAL_REPRESENTATION('',(#5294),#5298);
#5294 = LINE('',#5295,#5296);
#5295 = CARTESIAN_POINT('',(0.,-24.5));
#5296 = VECTOR('',#5297,1.);
#5297 = DIRECTION('',(1.,0.));
#5298 = ( GEOMETRIC_REPRESENTATION_CONTEXT(2) 
PARAMETRIC_REPRESENTATION_CONTEXT() REPRESENTATION_CONTEXT('2D SPACE',''
  ) );
#5299 = PCURVE('',#2870,#5300);
#5300 = DEFINITIONAL_REPRESENTATION('',(#5301),#5305);
#5301 = LINE('',#5302,#5303);
#5302 = CARTESIAN_POINT('',(0.,0.));
#5303 = VECTOR('',#5304,1.);
#5304 = DIRECTION('',(1.,0.));
#5305 = ( GEOMETRIC_REPRESENTATION_CONTEXT(2) 
PARAMETRIC_REPRESENTATION_CONTEXT() REPRESENTATION_CONTEXT('2D SPACE',''
  ) );
#5306 = ORIENTED_EDGE('',*,*,#2826,.F.);
#5307 = ADVANCED_FACE('',(#5308),#2870,.F.);
#5308 = FACE_BOUND('',#5309,.F.);
#5309 = EDGE_LOOP('',(#5310,#5311,#5312,#5313));
#5310 = ORIENTED_EDGE('',*,*,#5259,.F.);
#5311 = ORIENTED_EDGE('',*,*,#4089,.T.);
#5312 = ORIENTED_EDGE('',*,*,#5286,.T.);
#5313 = ORIENTED_EDGE('',*,*,#2854,.F.);
#5314 = ADVANCED_FACE('',(#5315),#2931,.F.);
#5315 = FACE_BOUND('',#5316,.F.);
#5316 = EDGE_LOOP('',(#5317,#5338,#5339,#5340));
#5317 = ORIENTED_EDGE('',*,*,#5318,.T.);
#5318 = EDGE_CURVE('',#4136,#2911,#5319,.T.);
#5319 = SEAM_CURVE('',#5320,(#5324,#5331),.PCURVE_S1.);
#5320 = LINE('',#5321,#5322);
#5321 = CARTESIAN_POINT('',(105.34,29.6,12.9));
#5322 = VECTOR('',#5323,1.);
#5323 = DIRECTION('',(0.,0.,1.));
#5324 = PCURVE('',#2931,#5325);
#5325 = DEFINITIONAL_REPRESENTATION('',(#5326),#5330);
#5326 = LINE('',#5327,#5328);
#5327 = CARTESIAN_POINT('',(-4.138911435803E-13,0.));
#5328 = VECTOR('',#5329,1.);
#5329 = DIRECTION('',(-0.,-1.));
#5330 = ( GEOMETRIC_REPRESENTATION_CONTEXT(2) 
PARAMETRIC_REPRESENTATION_CONTEXT() REPRESENTATION_CONTEXT('2D SPACE',''
  ) );
#5331 = PCURVE('',#2931,#5332);
#5332 = DEFINITIONAL_REPRESENTATION('',(#5333),#5337);
#5333 = LINE('',#5334,#5335);
#5334 = CARTESIAN_POINT('',(6.28318530718,0.));
#5335 = VECTOR('',#5336,1.);
#5336 = DIRECTION('',(-0.,-1.));
#5337 = ( GEOMETRIC_REPRESENTATION_CONTEXT(2) 
PARAMETRIC_REPRESENTATION_CONTEXT() REPRESENTATION_CONTEXT('2D SPACE',''
  ) );
#5338 = ORIENTED_EDGE('',*,*,#2910,.T.);
#5339 = ORIENTED_EDGE('',*,*,#5318,.F.);
#5340 = ORIENTED_EDGE('',*,*,#4135,.F.);
#5341 = ADVANCED_FACE('',(#5342),#2963,.T.);
#5342 = FACE_BOUND('',#5343,.T.);
#5343 = EDGE_LOOP('',(#5344,#5365,#5366,#5387));
#5344 = ORIENTED_EDGE('',*,*,#5345,.F.);
#5345 = EDGE_CURVE('',#4166,#2946,#5346,.T.);
#5346 = SURFACE_CURVE('',#5347,(#5351,#5358),.PCURVE_S1.);
#5347 = LINE('',#5348,#5349);
#5348 = CARTESIAN_POINT('',(31.36,51.6,12.9));
#5349 = VECTOR('',#5350,1.);
#5350 = DIRECTION('',(0.,0.,1.));
#5351 = PCURVE('',#2963,#5352);
#5352 = DEFINITIONAL_REPRESENTATION('',(#5353),#5357);
#5353 = LINE('',#5354,#5355);
#5354 = CARTESIAN_POINT('',(0.,14.));
#5355 = VECTOR('',#5356,1.);
#5356 = DIRECTION('',(1.,0.));
#5357 = ( GEOMETRIC_REPRESENTATION_CONTEXT(2) 
PARAMETRIC_REPRESENTATION_CONTEXT() REPRESENTATION_CONTEXT('2D SPACE',''
  ) );
#5358 = PCURVE('',#3045,#5359);
#5359 = DEFINITIONAL_REPRESENTATION('',(#5360),#5364);
#5360 = LINE('',#5361,#5362);
#5361 = CARTESIAN_POINT('',(0.,0.));
#5362 = VECTOR('',#5363,1.);
#5363 = DIRECTION('',(1.,0.));
#5364 = ( GEOMETRIC_REPRESENTATION_CONTEXT(2) 
PARAMETRIC_REPRESENTATION_CONTEXT() REPRESENTATION_CONTEXT('2D SPACE',''
  ) );
#5365 = ORIENTED_EDGE('',*,*,#4165,.T.);
#5366 = ORIENTED_EDGE('',*,*,#5367,.T.);
#5367 = EDGE_CURVE('',#4168,#2948,#5368,.T.);
#5368 = SURFACE_CURVE('',#5369,(#5373,#5380),.PCURVE_S1.);
#5369 = LINE('',#5370,#5371);
#5370 = CARTESIAN_POINT('',(17.36,51.6,12.9));
#5371 = VECTOR('',#5372,1.);
#5372 = DIRECTION('',(0.,0.,1.));
#5373 = PCURVE('',#2963,#5374);
#5374 = DEFINITIONAL_REPRESENTATION('',(#5375),#5379);
#5375 = LINE('',#5376,#5377);
#5376 = CARTESIAN_POINT('',(0.,0.));
#5377 = VECTOR('',#5378,1.);
#5378 = DIRECTION('',(1.,0.));
#5379 = ( GEOMETRIC_REPRESENTATION_CONTEXT(2) 
PARAMETRIC_REPRESENTATION_CONTEXT() REPRESENTATION_CONTEXT('2D SPACE',''
  ) );
#5380 = PCURVE('',#2991,#5381);
#5381 = DEFINITIONAL_REPRESENTATION('',(#5382),#5386);
#5382 = LINE('',#5383,#5384);
#5383 = CARTESIAN_POINT('',(0.,0.));
#5384 = VECTOR('',#5385,1.);
#5385 = DIRECTION('',(1.,0.));
#5386 = ( GEOMETRIC_REPRESENTATION_CONTEXT(2) 
PARAMETRIC_REPRESENTATION_CONTEXT() REPRESENTATION_CONTEXT('2D SPACE',''
  ) );
#5387 = ORIENTED_EDGE('',*,*,#2945,.F.);
#5388 = ADVANCED_FACE('',(#5389),#3045,.F.);
#5389 = FACE_BOUND('',#5390,.F.);
#5390 = EDGE_LOOP('',(#5391,#5392,#5393,#5414));
#5391 = ORIENTED_EDGE('',*,*,#5345,.F.);
#5392 = ORIENTED_EDGE('',*,*,#4236,.T.);
#5393 = ORIENTED_EDGE('',*,*,#5394,.T.);
#5394 = EDGE_CURVE('',#4214,#3004,#5395,.T.);
#5395 = SURFACE_CURVE('',#5396,(#5400,#5407),.PCURVE_S1.);
#5396 = LINE('',#5397,#5398);
#5397 = CARTESIAN_POINT('',(31.36,65.6,12.9));
#5398 = VECTOR('',#5399,1.);
#5399 = DIRECTION('',(0.,0.,1.));
#5400 = PCURVE('',#3045,#5401);
#5401 = DEFINITIONAL_REPRESENTATION('',(#5402),#5406);
#5402 = LINE('',#5403,#5404);
#5403 = CARTESIAN_POINT('',(0.,-14.));
#5404 = VECTOR('',#5405,1.);
#5405 = DIRECTION('',(1.,0.));
#5406 = ( GEOMETRIC_REPRESENTATION_CONTEXT(2) 
PARAMETRIC_REPRESENTATION_CONTEXT() REPRESENTATION_CONTEXT('2D SPACE',''
  ) );
#5407 = PCURVE('',#3019,#5408);
#5408 = DEFINITIONAL_REPRESENTATION('',(#5409),#5413);
#5409 = LINE('',#5410,#5411);
#5410 = CARTESIAN_POINT('',(0.,14.));
#5411 = VECTOR('',#5412,1.);
#5412 = DIRECTION('',(1.,0.));
#5413 = ( GEOMETRIC_REPRESENTATION_CONTEXT(2) 
PARAMETRIC_REPRESENTATION_CONTEXT() REPRESENTATION_CONTEXT('2D SPACE',''
  ) );
#5414 = ORIENTED_EDGE('',*,*,#3031,.F.);
#5415 = ADVANCED_FACE('',(#5416),#2991,.T.);
#5416 = FACE_BOUND('',#5417,.T.);
#5417 = EDGE_LOOP('',(#5418,#5419,#5420,#5441));
#5418 = ORIENTED_EDGE('',*,*,#5367,.F.);
#5419 = ORIENTED_EDGE('',*,*,#4190,.T.);
#5420 = ORIENTED_EDGE('',*,*,#5421,.T.);
#5421 = EDGE_CURVE('',#4191,#2976,#5422,.T.);
#5422 = SURFACE_CURVE('',#5423,(#5427,#5434),.PCURVE_S1.);
#5423 = LINE('',#5424,#5425);
#5424 = CARTESIAN_POINT('',(17.36,65.6,12.9));
#5425 = VECTOR('',#5426,1.);
#5426 = DIRECTION('',(0.,0.,1.));
#5427 = PCURVE('',#2991,#5428);
#5428 = DEFINITIONAL_REPRESENTATION('',(#5429),#5433);
#5429 = LINE('',#5430,#5431);
#5430 = CARTESIAN_POINT('',(0.,-14.));
#5431 = VECTOR('',#5432,1.);
#5432 = DIRECTION('',(1.,0.));
#5433 = ( GEOMETRIC_REPRESENTATION_CONTEXT(2) 
PARAMETRIC_REPRESENTATION_CONTEXT() REPRESENTATION_CONTEXT('2D SPACE',''
  ) );
#5434 = PCURVE('',#3019,#5435);
#5435 = DEFINITIONAL_REPRESENTATION('',(#5436),#5440);
#5436 = LINE('',#5437,#5438);
#5437 = CARTESIAN_POINT('',(0.,0.));
#5438 = VECTOR('',#5439,1.);
#5439 = DIRECTION('',(1.,0.));
#5440 = ( GEOMETRIC_REPRESENTATION_CONTEXT(2) 
PARAMETRIC_REPRESENTATION_CONTEXT() REPRESENTATION_CONTEXT('2D SPACE',''
  ) );
#5441 = ORIENTED_EDGE('',*,*,#2975,.F.);
#5442 = ADVANCED_FACE('',(#5443),#3019,.F.);
#5443 = FACE_BOUND('',#5444,.F.);
#5444 = EDGE_LOOP('',(#5445,#5446,#5447,#5448));
#5445 = ORIENTED_EDGE('',*,*,#5394,.F.);
#5446 = ORIENTED_EDGE('',*,*,#4213,.T.);
#5447 = ORIENTED_EDGE('',*,*,#5421,.T.);
#5448 = ORIENTED_EDGE('',*,*,#3003,.F.);
#5449 = ADVANCED_FACE('',(#5450),#3077,.T.);
#5450 = FACE_BOUND('',#5451,.T.);
#5451 = EDGE_LOOP('',(#5452,#5473,#5474,#5495));
#5452 = ORIENTED_EDGE('',*,*,#5453,.F.);
#5453 = EDGE_CURVE('',#4260,#3060,#5454,.T.);
#5454 = SURFACE_CURVE('',#5455,(#5459,#5466),.PCURVE_S1.);
#5455 = LINE('',#5456,#5457);
#5456 = CARTESIAN_POINT('',(55.4,51.46,12.9));
#5457 = VECTOR('',#5458,1.);
#5458 = DIRECTION('',(0.,0.,1.));
#5459 = PCURVE('',#3077,#5460);
#5460 = DEFINITIONAL_REPRESENTATION('',(#5461),#5465);
#5461 = LINE('',#5462,#5463);
#5462 = CARTESIAN_POINT('',(0.,14.));
#5463 = VECTOR('',#5464,1.);
#5464 = DIRECTION('',(1.,0.));
#5465 = ( GEOMETRIC_REPRESENTATION_CONTEXT(2) 
PARAMETRIC_REPRESENTATION_CONTEXT() REPRESENTATION_CONTEXT('2D SPACE',''
  ) );
#5466 = PCURVE('',#3159,#5467);
#5467 = DEFINITIONAL_REPRESENTATION('',(#5468),#5472);
#5468 = LINE('',#5469,#5470);
#5469 = CARTESIAN_POINT('',(0.,0.));
#5470 = VECTOR('',#5471,1.);
#5471 = DIRECTION('',(1.,0.));
#5472 = ( GEOMETRIC_REPRESENTATION_CONTEXT(2) 
PARAMETRIC_REPRESENTATION_CONTEXT() REPRESENTATION_CONTEXT('2D SPACE',''
  ) );
#5473 = ORIENTED_EDGE('',*,*,#4259,.T.);
#5474 = ORIENTED_EDGE('',*,*,#5475,.T.);
#5475 = EDGE_CURVE('',#4262,#3062,#5476,.T.);
#5476 = SURFACE_CURVE('',#5477,(#5481,#5488),.PCURVE_S1.);
#5477 = LINE('',#5478,#5479);
#5478 = CARTESIAN_POINT('',(41.4,51.46,12.9));
#5479 = VECTOR('',#5480,1.);
#5480 = DIRECTION('',(0.,0.,1.));
#5481 = PCURVE('',#3077,#5482);
#5482 = DEFINITIONAL_REPRESENTATION('',(#5483),#5487);
#5483 = LINE('',#5484,#5485);
#5484 = CARTESIAN_POINT('',(0.,0.));
#5485 = VECTOR('',#5486,1.);
#5486 = DIRECTION('',(1.,0.));
#5487 = ( GEOMETRIC_REPRESENTATION_CONTEXT(2) 
PARAMETRIC_REPRESENTATION_CONTEXT() REPRESENTATION_CONTEXT('2D SPACE',''
  ) );
#5488 = PCURVE('',#3105,#5489);
#5489 = DEFINITIONAL_REPRESENTATION('',(#5490),#5494);
#5490 = LINE('',#5491,#5492);
#5491 = CARTESIAN_POINT('',(0.,0.));
#5492 = VECTOR('',#5493,1.);
#5493 = DIRECTION('',(1.,0.));
#5494 = ( GEOMETRIC_REPRESENTATION_CONTEXT(2) 
PARAMETRIC_REPRESENTATION_CONTEXT() REPRESENTATION_CONTEXT('2D SPACE',''
  ) );
#5495 = ORIENTED_EDGE('',*,*,#3059,.F.);
#5496 = ADVANCED_FACE('',(#5497),#3159,.F.);
#5497 = FACE_BOUND('',#5498,.F.);
#5498 = EDGE_LOOP('',(#5499,#5500,#5501,#5522));
#5499 = ORIENTED_EDGE('',*,*,#5453,.F.);
#5500 = ORIENTED_EDGE('',*,*,#4330,.T.);
#5501 = ORIENTED_EDGE('',*,*,#5502,.T.);
#5502 = EDGE_CURVE('',#4308,#3118,#5503,.T.);
#5503 = SURFACE_CURVE('',#5504,(#5508,#5515),.PCURVE_S1.);
#5504 = LINE('',#5505,#5506);
#5505 = CARTESIAN_POINT('',(55.4,65.46,12.9));
#5506 = VECTOR('',#5507,1.);
#5507 = DIRECTION('',(0.,0.,1.));
#5508 = PCURVE('',#3159,#5509);
#5509 = DEFINITIONAL_REPRESENTATION('',(#5510),#5514);
#5510 = LINE('',#5511,#5512);
#5511 = CARTESIAN_POINT('',(0.,-14.));
#5512 = VECTOR('',#5513,1.);
#5513 = DIRECTION('',(1.,0.));
#5514 = ( GEOMETRIC_REPRESENTATION_CONTEXT(2) 
PARAMETRIC_REPRESENTATION_CONTEXT() REPRESENTATION_CONTEXT('2D SPACE',''
  ) );
#5515 = PCURVE('',#3133,#5516);
#5516 = DEFINITIONAL_REPRESENTATION('',(#5517),#5521);
#5517 = LINE('',#5518,#5519);
#5518 = CARTESIAN_POINT('',(0.,14.));
#5519 = VECTOR('',#5520,1.);
#5520 = DIRECTION('',(1.,0.));
#5521 = ( GEOMETRIC_REPRESENTATION_CONTEXT(2) 
PARAMETRIC_REPRESENTATION_CONTEXT() REPRESENTATION_CONTEXT('2D SPACE',''
  ) );
#5522 = ORIENTED_EDGE('',*,*,#3145,.F.);
#5523 = ADVANCED_FACE('',(#5524),#3105,.T.);
#5524 = FACE_BOUND('',#5525,.T.);
#5525 = EDGE_LOOP('',(#5526,#5527,#5528,#5549));
#5526 = ORIENTED_EDGE('',*,*,#5475,.F.);
#5527 = ORIENTED_EDGE('',*,*,#4284,.T.);
#5528 = ORIENTED_EDGE('',*,*,#5529,.T.);
#5529 = EDGE_CURVE('',#4285,#3090,#5530,.T.);
#5530 = SURFACE_CURVE('',#5531,(#5535,#5542),.PCURVE_S1.);
#5531 = LINE('',#5532,#5533);
#5532 = CARTESIAN_POINT('',(41.4,65.46,12.9));
#5533 = VECTOR('',#5534,1.);
#5534 = DIRECTION('',(0.,0.,1.));
#5535 = PCURVE('',#3105,#5536);
#5536 = DEFINITIONAL_REPRESENTATION('',(#5537),#5541);
#5537 = LINE('',#5538,#5539);
#5538 = CARTESIAN_POINT('',(0.,-14.));
#5539 = VECTOR('',#5540,1.);
#5540 = DIRECTION('',(1.,0.));
#5541 = ( GEOMETRIC_REPRESENTATION_CONTEXT(2) 
PARAMETRIC_REPRESENTATION_CONTEXT() REPRESENTATION_CONTEXT('2D SPACE',''
  ) );
#5542 = PCURVE('',#3133,#5543);
#5543 = DEFINITIONAL_REPRESENTATION('',(#5544),#5548);
#5544 = LINE('',#5545,#5546);
#5545 = CARTESIAN_POINT('',(0.,0.));
#5546 = VECTOR('',#5547,1.);
#5547 = DIRECTION('',(1.,0.));
#5548 = ( GEOMETRIC_REPRESENTATION_CONTEXT(2) 
PARAMETRIC_REPRESENTATION_CONTEXT() REPRESENTATION_CONTEXT('2D SPACE',''
  ) );
#5549 = ORIENTED_EDGE('',*,*,#3089,.F.);
#5550 = ADVANCED_FACE('',(#5551),#3133,.F.);
#5551 = FACE_BOUND('',#5552,.F.);
#5552 = EDGE_LOOP('',(#5553,#5554,#5555,#5556));
#5553 = ORIENTED_EDGE('',*,*,#5502,.F.);
#5554 = ORIENTED_EDGE('',*,*,#4307,.T.);
#5555 = ORIENTED_EDGE('',*,*,#5529,.T.);
#5556 = ORIENTED_EDGE('',*,*,#3117,.F.);
#5557 = ADVANCED_FACE('',(#5558),#3194,.F.);
#5558 = FACE_BOUND('',#5559,.F.);
#5559 = EDGE_LOOP('',(#5560,#5581,#5582,#5583));
#5560 = ORIENTED_EDGE('',*,*,#5561,.T.);
#5561 = EDGE_CURVE('',#4354,#3174,#5562,.T.);
#5562 = SEAM_CURVE('',#5563,(#5567,#5574),.PCURVE_S1.);
#5563 = LINE('',#5564,#5565);
#5564 = CARTESIAN_POINT('',(6.7,83.11,12.9));
#5565 = VECTOR('',#5566,1.);
#5566 = DIRECTION('',(0.,0.,1.));
#5567 = PCURVE('',#3194,#5568);
#5568 = DEFINITIONAL_REPRESENTATION('',(#5569),#5573);
#5569 = LINE('',#5570,#5571);
#5570 = CARTESIAN_POINT('',(-4.138911435803E-13,0.));
#5571 = VECTOR('',#5572,1.);
#5572 = DIRECTION('',(-0.,-1.));
#5573 = ( GEOMETRIC_REPRESENTATION_CONTEXT(2) 
PARAMETRIC_REPRESENTATION_CONTEXT() REPRESENTATION_CONTEXT('2D SPACE',''
  ) );
#5574 = PCURVE('',#3194,#5575);
#5575 = DEFINITIONAL_REPRESENTATION('',(#5576),#5580);
#5576 = LINE('',#5577,#5578);
#5577 = CARTESIAN_POINT('',(6.28318530718,0.));
#5578 = VECTOR('',#5579,1.);
#5579 = DIRECTION('',(-0.,-1.));
#5580 = ( GEOMETRIC_REPRESENTATION_CONTEXT(2) 
PARAMETRIC_REPRESENTATION_CONTEXT() REPRESENTATION_CONTEXT('2D SPACE',''
  ) );
#5581 = ORIENTED_EDGE('',*,*,#3173,.T.);
#5582 = ORIENTED_EDGE('',*,*,#5561,.F.);
#5583 = ORIENTED_EDGE('',*,*,#4353,.F.);
#5584 = ADVANCED_FACE('',(#5585),#3229,.F.);
#5585 = FACE_BOUND('',#5586,.F.);
#5586 = EDGE_LOOP('',(#5587,#5608,#5609,#5610));
#5587 = ORIENTED_EDGE('',*,*,#5588,.T.);
#5588 = EDGE_CURVE('',#4384,#3209,#5589,.T.);
#5589 = SEAM_CURVE('',#5590,(#5594,#5601),.PCURVE_S1.);
#5590 = LINE('',#5591,#5592);
#5591 = CARTESIAN_POINT('',(66.74,60.64,12.9));
#5592 = VECTOR('',#5593,1.);
#5593 = DIRECTION('',(0.,0.,1.));
#5594 = PCURVE('',#3229,#5595);
#5595 = DEFINITIONAL_REPRESENTATION('',(#5596),#5600);
#5596 = LINE('',#5597,#5598);
#5597 = CARTESIAN_POINT('',(-4.138911435803E-13,0.));
#5598 = VECTOR('',#5599,1.);
#5599 = DIRECTION('',(-0.,-1.));
#5600 = ( GEOMETRIC_REPRESENTATION_CONTEXT(2) 
PARAMETRIC_REPRESENTATION_CONTEXT() REPRESENTATION_CONTEXT('2D SPACE',''
  ) );
#5601 = PCURVE('',#3229,#5602);
#5602 = DEFINITIONAL_REPRESENTATION('',(#5603),#5607);
#5603 = LINE('',#5604,#5605);
#5604 = CARTESIAN_POINT('',(6.28318530718,0.));
#5605 = VECTOR('',#5606,1.);
#5606 = DIRECTION('',(-0.,-1.));
#5607 = ( GEOMETRIC_REPRESENTATION_CONTEXT(2) 
PARAMETRIC_REPRESENTATION_CONTEXT() REPRESENTATION_CONTEXT('2D SPACE',''
  ) );
#5608 = ORIENTED_EDGE('',*,*,#3208,.T.);
#5609 = ORIENTED_EDGE('',*,*,#5588,.F.);
#5610 = ORIENTED_EDGE('',*,*,#4383,.F.);
#5611 = ADVANCED_FACE('',(#5612),#3264,.F.);
#5612 = FACE_BOUND('',#5613,.F.);
#5613 = EDGE_LOOP('',(#5614,#5635,#5636,#5637));
#5614 = ORIENTED_EDGE('',*,*,#5615,.T.);
#5615 = EDGE_CURVE('',#4414,#3244,#5616,.T.);
#5616 = SEAM_CURVE('',#5617,(#5621,#5628),.PCURVE_S1.);
#5617 = LINE('',#5618,#5619);
#5618 = CARTESIAN_POINT('',(105.34,45.96,12.9));
#5619 = VECTOR('',#5620,1.);
#5620 = DIRECTION('',(0.,0.,1.));
#5621 = PCURVE('',#3264,#5622);
#5622 = DEFINITIONAL_REPRESENTATION('',(#5623),#5627);
#5623 = LINE('',#5624,#5625);
#5624 = CARTESIAN_POINT('',(-4.138911435803E-13,0.));
#5625 = VECTOR('',#5626,1.);
#5626 = DIRECTION('',(-0.,-1.));
#5627 = ( GEOMETRIC_REPRESENTATION_CONTEXT(2) 
PARAMETRIC_REPRESENTATION_CONTEXT() REPRESENTATION_CONTEXT('2D SPACE',''
  ) );
#5628 = PCURVE('',#3264,#5629);
#5629 = DEFINITIONAL_REPRESENTATION('',(#5630),#5634);
#5630 = LINE('',#5631,#5632);
#5631 = CARTESIAN_POINT('',(6.28318530718,0.));
#5632 = VECTOR('',#5633,1.);
#5633 = DIRECTION('',(-0.,-1.));
#5634 = ( GEOMETRIC_REPRESENTATION_CONTEXT(2) 
PARAMETRIC_REPRESENTATION_CONTEXT() REPRESENTATION_CONTEXT('2D SPACE',''
  ) );
#5635 = ORIENTED_EDGE('',*,*,#3243,.T.);
#5636 = ORIENTED_EDGE('',*,*,#5615,.F.);
#5637 = ORIENTED_EDGE('',*,*,#4413,.F.);
#5638 = ADVANCED_FACE('',(#5639),#3299,.F.);
#5639 = FACE_BOUND('',#5640,.F.);
#5640 = EDGE_LOOP('',(#5641,#5662,#5663,#5664));
#5641 = ORIENTED_EDGE('',*,*,#5642,.T.);
#5642 = EDGE_CURVE('',#4444,#3279,#5643,.T.);
#5643 = SEAM_CURVE('',#5644,(#5648,#5655),.PCURVE_S1.);
#5644 = LINE('',#5645,#5646);
#5645 = CARTESIAN_POINT('',(116.56,83.11,12.9));
#5646 = VECTOR('',#5647,1.);
#5647 = DIRECTION('',(0.,0.,1.));
#5648 = PCURVE('',#3299,#5649);
#5649 = DEFINITIONAL_REPRESENTATION('',(#5650),#5654);
#5650 = LINE('',#5651,#5652);
#5651 = CARTESIAN_POINT('',(-4.138911435803E-13,0.));
#5652 = VECTOR('',#5653,1.);
#5653 = DIRECTION('',(-0.,-1.));
#5654 = ( GEOMETRIC_REPRESENTATION_CONTEXT(2) 
PARAMETRIC_REPRESENTATION_CONTEXT() REPRESENTATION_CONTEXT('2D SPACE',''
  ) );
#5655 = PCURVE('',#3299,#5656);
#5656 = DEFINITIONAL_REPRESENTATION('',(#5657),#5661);
#5657 = LINE('',#5658,#5659);
#5658 = CARTESIAN_POINT('',(6.28318530718,0.));
#5659 = VECTOR('',#5660,1.);
#5660 = DIRECTION('',(-0.,-1.));
#5661 = ( GEOMETRIC_REPRESENTATION_CONTEXT(2) 
PARAMETRIC_REPRESENTATION_CONTEXT() REPRESENTATION_CONTEXT('2D SPACE',''
  ) );
#5662 = ORIENTED_EDGE('',*,*,#3278,.T.);
#5663 = ORIENTED_EDGE('',*,*,#5642,.F.);
#5664 = ORIENTED_EDGE('',*,*,#4443,.F.);
#5665 = ( GEOMETRIC_REPRESENTATION_CONTEXT(3) 
GLOBAL_UNCERTAINTY_ASSIGNED_CONTEXT((#5669)) 
GLOBAL_UNIT_ASSIGNED_CONTEXT((#5666,#5667,#5668)) REPRESENTATION_CONTEXT
('Context #1','3D Context with UNIT and UNCERTAINTY') );
#5666 = ( LENGTH_UNIT() NAMED_UNIT(*) SI_UNIT(.MILLI.,.METRE.) );
#5667 = ( NAMED_UNIT(*) PLANE_ANGLE_UNIT() SI_UNIT($,.RADIAN.) );
#5668 = ( NAMED_UNIT(*) SI_UNIT($,.STERADIAN.) SOLID_ANGLE_UNIT() );
#5669 = UNCERTAINTY_MEASURE_WITH_UNIT(LENGTH_MEASURE(1.E-07),#5666,
  'distance_accuracy_value','confusion accuracy');
#5670 = CONTEXT_DEPENDENT_SHAPE_REPRESENTATION(#5671,#5673);
#5671 = ( REPRESENTATION_RELATIONSHIP('','',#1758,#10) 
REPRESENTATION_RELATIONSHIP_WITH_TRANSFORMATION(#5672) 
SHAPE_REPRESENTATION_RELATIONSHIP() );
#5672 = ITEM_DEFINED_TRANSFORMATION('','',#11,#23);
#5673 = PRODUCT_DEFINITION_SHAPE('Placement','Placement of an item',
  #5674);
#5674 = NEXT_ASSEMBLY_USAGE_OCCURRENCE('3','Top','',#5,#1753,$);
#5675 = PRODUCT_RELATED_PRODUCT_CATEGORY('part',$,(#1755));
ENDSEC;
END-ISO-10303-21;
