ISO-10303-21;
HEADER;
FILE_DESCRIPTION(('KiCad electronic assembly'),'2;1');
FILE_NAME('Hakin-Pad.step','2026-09-20T21:33:32',('Pcbnew'),('Kicad'),
  'Open CASCADE STEP processor 7.9','KiCad to STEP converter','Unknown'
  );
FILE_SCHEMA(('AUTOMOTIVE_DESIGN { 1 0 10303 214 1 1 1 1 }'));
ENDSEC;
DATA;
#1 = APPLICATION_PROTOCOL_DEFINITION('international standard',
  'automotive_design',2000,#2);
#2 = APPLICATION_CONTEXT(
  'core data for automotive mechanical design processes');
#3 = SHAPE_DEFINITION_REPRESENTATION(#4,#10);
#4 = PRODUCT_DEFINITION_SHAPE('','',#5);
#5 = PRODUCT_DEFINITION('design','',#6,#9);
#6 = PRODUCT_DEFINITION_FORMATION('','',#7);
#7 = PRODUCT('Hakin-Pad 1','Hakin-Pad 1','',(#8));
#8 = PRODUCT_CONTEXT('',#2,'mechanical');
#9 = PRODUCT_DEFINITION_CONTEXT('part definition',#2,'design');
#10 = SHAPE_REPRESENTATION('',(#11,#15,#19,#23,#27,#31,#35,#39,#43,#47,
    #51),#55);
#11 = AXIS2_PLACEMENT_3D('',#12,#13,#14);
#12 = CARTESIAN_POINT('',(0.,0.,0.));
#13 = DIRECTION('',(0.,0.,1.));
#14 = DIRECTION('',(1.,0.,-0.));
#15 = AXIS2_PLACEMENT_3D('',#16,#17,#18);
#16 = CARTESIAN_POINT('',(129.54,-60.5,1.595));
#17 = DIRECTION('',(-0.,0.,1.));
#18 = DIRECTION('',(1.110223024625E-16,-1.,0.));
#19 = AXIS2_PLACEMENT_3D('',#20,#21,#22);
#20 = CARTESIAN_POINT('',(105.3,-80.64,1.595));
#21 = DIRECTION('',(-0.,0.,1.));
#22 = DIRECTION('',(1.110223024625E-16,-1.,0.));
#23 = AXIS2_PLACEMENT_3D('',#24,#25,#26);
#24 = CARTESIAN_POINT('',(105.13,-100.69,1.595));
#25 = DIRECTION('',(-0.,0.,1.));
#26 = DIRECTION('',(1.110223024625E-16,-1.,0.));
#27 = AXIS2_PLACEMENT_3D('',#28,#29,#30);
#28 = CARTESIAN_POINT('',(81.57,-60.44,1.595));
#29 = DIRECTION('',(-0.,0.,1.));
#30 = DIRECTION('',(1.110223024625E-16,-1.,0.));
#31 = AXIS2_PLACEMENT_3D('',#32,#33,#34);
#32 = CARTESIAN_POINT('',(151.13,-83.82,1.595));
#33 = DIRECTION('',(0.,-0.,1.));
#34 = DIRECTION('',(1.110223024625E-16,1.,0.));
#35 = AXIS2_PLACEMENT_3D('',#36,#37,#38);
#36 = CARTESIAN_POINT('',(81.29,-100.36,1.595));
#37 = DIRECTION('',(-0.,0.,1.));
#38 = DIRECTION('',(1.110223024625E-16,-1.,0.));
#39 = AXIS2_PLACEMENT_3D('',#40,#41,#42);
#40 = CARTESIAN_POINT('',(105.41,-60.4,1.595));
#41 = DIRECTION('',(-0.,0.,1.));
#42 = DIRECTION('',(1.110223024625E-16,-1.,0.));
#43 = AXIS2_PLACEMENT_3D('',#44,#45,#46);
#44 = CARTESIAN_POINT('',(151.13,-67.46,1.595));
#45 = DIRECTION('',(0.,-0.,1.));
#46 = DIRECTION('',(1.110223024625E-16,1.,0.));
#47 = AXIS2_PLACEMENT_3D('',#48,#49,#50);
#48 = CARTESIAN_POINT('',(81.67,-80.84,1.595));
#49 = DIRECTION('',(-0.,0.,1.));
#50 = DIRECTION('',(1.110223024625E-16,-1.,0.));
#51 = AXIS2_PLACEMENT_3D('',#52,#53,#54);
#52 = CARTESIAN_POINT('',(0.,0.,0.));
#53 = DIRECTION('',(0.,0.,1.));
#54 = DIRECTION('',(1.,0.,-0.));
#55 = ( GEOMETRIC_REPRESENTATION_CONTEXT(3) 
GLOBAL_UNCERTAINTY_ASSIGNED_CONTEXT((#59)) GLOBAL_UNIT_ASSIGNED_CONTEXT(
(#56,#57,#58)) REPRESENTATION_CONTEXT('Context #1',
  '3D Context with UNIT and UNCERTAINTY') );
#56 = ( LENGTH_UNIT() NAMED_UNIT(*) SI_UNIT(.MILLI.,.METRE.) );
#57 = ( NAMED_UNIT(*) PLANE_ANGLE_UNIT() SI_UNIT($,.RADIAN.) );
#58 = ( NAMED_UNIT(*) SI_UNIT($,.STERADIAN.) SOLID_ANGLE_UNIT() );
#59 = UNCERTAINTY_MEASURE_WITH_UNIT(LENGTH_MEASURE(1.E-07),#56,
  'distance_accuracy_value','confusion accuracy');
#60 = PRODUCT_RELATED_PRODUCT_CATEGORY('part',$,(#7));
#61 = SHAPE_DEFINITION_REPRESENTATION(#62,#68);
#62 = PRODUCT_DEFINITION_SHAPE('','',#63);
#63 = PRODUCT_DEFINITION('design','',#64,#67);
#64 = PRODUCT_DEFINITION_FORMATION('','',#65);
#65 = PRODUCT('D_DO-35_SOD27_P7.62mm_Horizontal',
  'D_DO-35_SOD27_P7.62mm_Horizontal','',(#66));
#66 = PRODUCT_CONTEXT('',#2,'mechanical');
#67 = PRODUCT_DEFINITION_CONTEXT('part definition',#2,'design');
#68 = SHAPE_REPRESENTATION('',(#11,#69),#73);
#69 = AXIS2_PLACEMENT_3D('',#70,#71,#72);
#70 = CARTESIAN_POINT('',(0.,0.,0.));
#71 = DIRECTION('',(0.,0.,1.));
#72 = DIRECTION('',(1.,0.,-0.));
#73 = ( GEOMETRIC_REPRESENTATION_CONTEXT(3) 
GLOBAL_UNCERTAINTY_ASSIGNED_CONTEXT((#77)) GLOBAL_UNIT_ASSIGNED_CONTEXT(
(#74,#75,#76)) REPRESENTATION_CONTEXT('Context #1',
  '3D Context with UNIT and UNCERTAINTY') );
#74 = ( LENGTH_UNIT() NAMED_UNIT(*) SI_UNIT(.MILLI.,.METRE.) );
#75 = ( NAMED_UNIT(*) PLANE_ANGLE_UNIT() SI_UNIT($,.RADIAN.) );
#76 = ( NAMED_UNIT(*) SI_UNIT($,.STERADIAN.) SOLID_ANGLE_UNIT() );
#77 = UNCERTAINTY_MEASURE_WITH_UNIT(LENGTH_MEASURE(1.E-07),#74,
  'distance_accuracy_value','confusion accuracy');
#78 = CONTEXT_DEPENDENT_SHAPE_REPRESENTATION(#79,#81);
#79 = ( REPRESENTATION_RELATIONSHIP('','',#68,#10) 
REPRESENTATION_RELATIONSHIP_WITH_TRANSFORMATION(#80) 
SHAPE_REPRESENTATION_RELATIONSHIP() );
#80 = ITEM_DEFINED_TRANSFORMATION('','',#11,#15);
#81 = PRODUCT_DEFINITION_SHAPE('Placement','Placement of an item',#82);
#82 = NEXT_ASSEMBLY_USAGE_OCCURRENCE('2','D7','',#5,#63,$);
#83 = PRODUCT_RELATED_PRODUCT_CATEGORY('part',$,(#65));
#84 = SHAPE_DEFINITION_REPRESENTATION(#85,#91);
#85 = PRODUCT_DEFINITION_SHAPE('','',#86);
#86 = PRODUCT_DEFINITION('design','',#87,#90);
#87 = PRODUCT_DEFINITION_FORMATION('','',#88);
#88 = PRODUCT('D_DO-35_SOD27_P7.62mm_Horizontal',
  'D_DO-35_SOD27_P7.62mm_Horizontal','',(#89));
#89 = PRODUCT_CONTEXT('',#2,'mechanical');
#90 = PRODUCT_DEFINITION_CONTEXT('part definition',#2,'design');
#91 = SHAPE_REPRESENTATION('',(#11,#92,#247),#442);
#92 = MANIFOLD_SOLID_BREP('',#93);
#93 = CLOSED_SHELL('',(#94,#127,#153,#178,#204,#229,#238));
#94 = ADVANCED_FACE('',(#95),#122,.T.);
#95 = FACE_BOUND('',#96,.T.);
#96 = EDGE_LOOP('',(#97,#107,#114,#115));
#97 = ORIENTED_EDGE('',*,*,#98,.T.);
#98 = EDGE_CURVE('',#99,#101,#103,.T.);
#99 = VERTEX_POINT('',#100);
#100 = CARTESIAN_POINT('',(0.25,0.,-2.5));
#101 = VERTEX_POINT('',#102);
#102 = CARTESIAN_POINT('',(0.25,1.E-15,1.));
#103 = LINE('',#104,#105);
#104 = CARTESIAN_POINT('',(0.25,6.7E-16,1.));
#105 = VECTOR('',#106,1.);
#106 = DIRECTION('',(0.,2.2E-16,1.));
#107 = ORIENTED_EDGE('',*,*,#108,.F.);
#108 = EDGE_CURVE('',#101,#101,#109,.T.);
#109 = CIRCLE('',#110,0.25);
#110 = AXIS2_PLACEMENT_3D('',#111,#112,#113);
#111 = CARTESIAN_POINT('',(0.,6.7E-16,1.));
#112 = DIRECTION('',(-0.,2.2E-16,1.));
#113 = DIRECTION('',(1.,0.,0.));
#114 = ORIENTED_EDGE('',*,*,#98,.F.);
#115 = ORIENTED_EDGE('',*,*,#116,.T.);
#116 = EDGE_CURVE('',#99,#99,#117,.T.);
#117 = CIRCLE('',#118,0.25);
#118 = AXIS2_PLACEMENT_3D('',#119,#120,#121);
#119 = CARTESIAN_POINT('',(0.,-1.1E-16,-2.5));
#120 = DIRECTION('',(-0.,2.2E-16,1.));
#121 = DIRECTION('',(1.,0.,0.));
#122 = CYLINDRICAL_SURFACE('',#123,0.25);
#123 = AXIS2_PLACEMENT_3D('',#124,#125,#126);
#124 = CARTESIAN_POINT('',(0.,6.7E-16,1.));
#125 = DIRECTION('',(0.,2.2E-16,1.));
#126 = DIRECTION('',(1.,0.,-0.));
#127 = ADVANCED_FACE('',(#128),#148,.T.);
#128 = FACE_BOUND('',#129,.T.);
#129 = EDGE_LOOP('',(#130,#139,#146,#147));
#130 = ORIENTED_EDGE('',*,*,#131,.T.);
#131 = EDGE_CURVE('',#101,#132,#134,.T.);
#132 = VERTEX_POINT('',#133);
#133 = CARTESIAN_POINT('',(0.5,1.E-15,1.25));
#134 = CIRCLE('',#135,0.25);
#135 = AXIS2_PLACEMENT_3D('',#136,#137,#138);
#136 = CARTESIAN_POINT('',(0.5,7.6E-16,1.));
#137 = DIRECTION('',(0.,1.,-2.2E-16));
#138 = DIRECTION('',(1.,0.,0.));
#139 = ORIENTED_EDGE('',*,*,#140,.T.);
#140 = EDGE_CURVE('',#132,#132,#141,.T.);
#141 = CIRCLE('',#142,0.25);
#142 = AXIS2_PLACEMENT_3D('',#143,#144,#145);
#143 = CARTESIAN_POINT('',(0.5,7.8E-16,1.5));
#144 = DIRECTION('',(-1.,0.,-1.8E-16));
#145 = DIRECTION('',(-1.8E-16,2.2E-16,1.));
#146 = ORIENTED_EDGE('',*,*,#131,.F.);
#147 = ORIENTED_EDGE('',*,*,#108,.T.);
#148 = TOROIDAL_SURFACE('',#149,0.5,0.25);
#149 = AXIS2_PLACEMENT_3D('',#150,#151,#152);
#150 = CARTESIAN_POINT('',(0.5,6.7E-16,1.));
#151 = DIRECTION('',(0.,1.,-2.2E-16));
#152 = DIRECTION('',(1.,0.,0.));
#153 = ADVANCED_FACE('',(#154),#173,.T.);
#154 = FACE_BOUND('',#155,.T.);
#155 = EDGE_LOOP('',(#156,#164,#171,#172));
#156 = ORIENTED_EDGE('',*,*,#157,.T.);
#157 = EDGE_CURVE('',#132,#158,#160,.T.);
#158 = VERTEX_POINT('',#159);
#159 = CARTESIAN_POINT('',(7.12,1.E-15,1.25));
#160 = LINE('',#161,#162);
#161 = CARTESIAN_POINT('',(0.5,7.2E-16,1.25));
#162 = VECTOR('',#163,1.);
#163 = DIRECTION('',(1.,0.,0.));
#164 = ORIENTED_EDGE('',*,*,#165,.F.);
#165 = EDGE_CURVE('',#158,#158,#166,.T.);
#166 = CIRCLE('',#167,0.25);
#167 = AXIS2_PLACEMENT_3D('',#168,#169,#170);
#168 = CARTESIAN_POINT('',(7.12,7.8E-16,1.5));
#169 = DIRECTION('',(1.,0.,0.));
#170 = DIRECTION('',(0.,-2.2E-16,-1.));
#171 = ORIENTED_EDGE('',*,*,#157,.F.);
#172 = ORIENTED_EDGE('',*,*,#140,.F.);
#173 = CYLINDRICAL_SURFACE('',#174,0.25);
#174 = AXIS2_PLACEMENT_3D('',#175,#176,#177);
#175 = CARTESIAN_POINT('',(0.5,7.8E-16,1.5));
#176 = DIRECTION('',(1.,0.,0.));
#177 = DIRECTION('',(0.,-2.2E-16,-1.));
#178 = ADVANCED_FACE('',(#179),#199,.T.);
#179 = FACE_BOUND('',#180,.T.);
#180 = EDGE_LOOP('',(#181,#190,#197,#198));
#181 = ORIENTED_EDGE('',*,*,#182,.T.);
#182 = EDGE_CURVE('',#158,#183,#185,.T.);
#183 = VERTEX_POINT('',#184);
#184 = CARTESIAN_POINT('',(7.37,1.E-15,1.));
#185 = CIRCLE('',#186,0.25);
#186 = AXIS2_PLACEMENT_3D('',#187,#188,#189);
#187 = CARTESIAN_POINT('',(7.12,7.6E-16,1.));
#188 = DIRECTION('',(0.,1.,-2.2E-16));
#189 = DIRECTION('',(1.,0.,0.));
#190 = ORIENTED_EDGE('',*,*,#191,.T.);
#191 = EDGE_CURVE('',#183,#183,#192,.T.);
#192 = CIRCLE('',#193,0.25);
#193 = AXIS2_PLACEMENT_3D('',#194,#195,#196);
#194 = CARTESIAN_POINT('',(7.62,6.7E-16,1.));
#195 = DIRECTION('',(-2.4E-16,2.2E-16,1.));
#196 = DIRECTION('',(1.,0.,2.4E-16));
#197 = ORIENTED_EDGE('',*,*,#182,.F.);
#198 = ORIENTED_EDGE('',*,*,#165,.T.);
#199 = TOROIDAL_SURFACE('',#200,0.5,0.25);
#200 = AXIS2_PLACEMENT_3D('',#201,#202,#203);
#201 = CARTESIAN_POINT('',(7.12,6.7E-16,1.));
#202 = DIRECTION('',(0.,1.,-2.2E-16));
#203 = DIRECTION('',(1.,0.,0.));
#204 = ADVANCED_FACE('',(#205),#224,.T.);
#205 = FACE_BOUND('',#206,.T.);
#206 = EDGE_LOOP('',(#207,#215,#222,#223));
#207 = ORIENTED_EDGE('',*,*,#208,.T.);
#208 = EDGE_CURVE('',#183,#209,#211,.T.);
#209 = VERTEX_POINT('',#210);
#210 = CARTESIAN_POINT('',(7.37,0.,-2.5));
#211 = LINE('',#212,#213);
#212 = CARTESIAN_POINT('',(7.37,6.7E-16,1.));
#213 = VECTOR('',#214,1.);
#214 = DIRECTION('',(0.,-2.2E-16,-1.));
#215 = ORIENTED_EDGE('',*,*,#216,.F.);
#216 = EDGE_CURVE('',#209,#209,#217,.T.);
#217 = CIRCLE('',#218,0.25);
#218 = AXIS2_PLACEMENT_3D('',#219,#220,#221);
#219 = CARTESIAN_POINT('',(7.62,-1.1E-16,-2.5));
#220 = DIRECTION('',(-0.,-2.2E-16,-1.));
#221 = DIRECTION('',(-1.,0.,0.));
#222 = ORIENTED_EDGE('',*,*,#208,.F.);
#223 = ORIENTED_EDGE('',*,*,#191,.F.);
#224 = CYLINDRICAL_SURFACE('',#225,0.25);
#225 = AXIS2_PLACEMENT_3D('',#226,#227,#228);
#226 = CARTESIAN_POINT('',(7.62,6.7E-16,1.));
#227 = DIRECTION('',(0.,-2.2E-16,-1.));
#228 = DIRECTION('',(-1.,-0.,0.));
#229 = ADVANCED_FACE('',(#230),#233,.T.);
#230 = FACE_BOUND('',#231,.F.);
#231 = EDGE_LOOP('',(#232));
#232 = ORIENTED_EDGE('',*,*,#116,.T.);
#233 = PLANE('',#234);
#234 = AXIS2_PLACEMENT_3D('',#235,#236,#237);
#235 = CARTESIAN_POINT('',(0.25,-1.1E-16,-2.5));
#236 = DIRECTION('',(0.,0.,-1.));
#237 = DIRECTION('',(-1.,0.,0.));
#238 = ADVANCED_FACE('',(#239),#242,.F.);
#239 = FACE_BOUND('',#240,.T.);
#240 = EDGE_LOOP('',(#241));
#241 = ORIENTED_EDGE('',*,*,#216,.T.);
#242 = PLANE('',#243);
#243 = AXIS2_PLACEMENT_3D('',#244,#245,#246);
#244 = CARTESIAN_POINT('',(7.37,-1.1E-16,-2.5));
#245 = DIRECTION('',(0.,0.,1.));
#246 = DIRECTION('',(1.,0.,-0.));
#247 = MANIFOLD_SOLID_BREP('',#248);
#248 = CLOSED_SHELL('',(#249,#282,#302,#322,#347,#372,#398,#424,#433));
#249 = ADVANCED_FACE('',(#250),#277,.T.);
#250 = FACE_BOUND('',#251,.T.);
#251 = EDGE_LOOP('',(#252,#261,#269,#276));
#252 = ORIENTED_EDGE('',*,*,#253,.T.);
#253 = EDGE_CURVE('',#254,#254,#256,.T.);
#254 = VERTEX_POINT('',#255);
#255 = CARTESIAN_POINT('',(2.41,3.557331958362E-15,2.51));
#256 = CIRCLE('',#257,1.01);
#257 = AXIS2_PLACEMENT_3D('',#258,#259,#260);
#258 = CARTESIAN_POINT('',(2.41,6.630669073875E-16,1.5));
#259 = DIRECTION('',(1.,0.,-0.));
#260 = DIRECTION('',(0.,9.92044604925E-16,1.));
#261 = ORIENTED_EDGE('',*,*,#262,.T.);
#262 = EDGE_CURVE('',#254,#263,#265,.T.);
#263 = VERTEX_POINT('',#264);
#264 = CARTESIAN_POINT('',(3.41,3.557331958362E-15,2.51));
#265 = LINE('',#266,#267);
#266 = CARTESIAN_POINT('',(2.41,5.573319583618E-16,2.51));
#267 = VECTOR('',#268,1.);
#268 = DIRECTION('',(1.,0.,0.));
#269 = ORIENTED_EDGE('',*,*,#270,.F.);
#270 = EDGE_CURVE('',#263,#263,#271,.T.);
#271 = CIRCLE('',#272,1.01);
#272 = AXIS2_PLACEMENT_3D('',#273,#274,#275);
#273 = CARTESIAN_POINT('',(3.41,6.630669073875E-16,1.5));
#274 = DIRECTION('',(1.,0.,-0.));
#275 = DIRECTION('',(0.,9.92044604925E-16,1.));
#276 = ORIENTED_EDGE('',*,*,#262,.F.);
#277 = CYLINDRICAL_SURFACE('',#278,1.01);
#278 = AXIS2_PLACEMENT_3D('',#279,#280,#281);
#279 = CARTESIAN_POINT('',(2.41,6.630669073875E-16,1.5));
#280 = DIRECTION('',(1.,0.,0.));
#281 = DIRECTION('',(-0.,9.92044604925E-16,1.));
#282 = ADVANCED_FACE('',(#283,#286),#297,.F.);
#283 = FACE_BOUND('',#284,.T.);
#284 = EDGE_LOOP('',(#285));
#285 = ORIENTED_EDGE('',*,*,#253,.F.);
#286 = FACE_BOUND('',#287,.T.);
#287 = EDGE_LOOP('',(#288));
#288 = ORIENTED_EDGE('',*,*,#289,.T.);
#289 = EDGE_CURVE('',#290,#290,#292,.T.);
#290 = VERTEX_POINT('',#291);
#291 = CARTESIAN_POINT('',(2.41,5.551115123126E-16,2.5));
#292 = CIRCLE('',#293,1.);
#293 = AXIS2_PLACEMENT_3D('',#294,#295,#296);
#294 = CARTESIAN_POINT('',(2.41,6.630669073875E-16,1.5));
#295 = DIRECTION('',(1.,0.,-0.));
#296 = DIRECTION('',(0.,1.002044604925E-15,1.));
#297 = PLANE('',#298);
#298 = AXIS2_PLACEMENT_3D('',#299,#300,#301);
#299 = CARTESIAN_POINT('',(2.41,6.630669073875E-16,1.5));
#300 = DIRECTION('',(1.,0.,0.));
#301 = DIRECTION('',(-0.,1.002044604925E-15,1.));
#302 = ADVANCED_FACE('',(#303,#306),#317,.T.);
#303 = FACE_BOUND('',#304,.T.);
#304 = EDGE_LOOP('',(#305));
#305 = ORIENTED_EDGE('',*,*,#270,.T.);
#306 = FACE_BOUND('',#307,.T.);
#307 = EDGE_LOOP('',(#308));
#308 = ORIENTED_EDGE('',*,*,#309,.F.);
#309 = EDGE_CURVE('',#310,#310,#312,.T.);
#310 = VERTEX_POINT('',#311);
#311 = CARTESIAN_POINT('',(3.41,5.551115123126E-16,2.5));
#312 = CIRCLE('',#313,1.);
#313 = AXIS2_PLACEMENT_3D('',#314,#315,#316);
#314 = CARTESIAN_POINT('',(3.41,6.630669073875E-16,1.5));
#315 = DIRECTION('',(1.,0.,-0.));
#316 = DIRECTION('',(0.,1.002044604925E-15,1.));
#317 = PLANE('',#318);
#318 = AXIS2_PLACEMENT_3D('',#319,#320,#321);
#319 = CARTESIAN_POINT('',(3.41,6.630669073875E-16,1.5));
#320 = DIRECTION('',(1.,0.,0.));
#321 = DIRECTION('',(-0.,9.92044604925E-16,1.));
#322 = ADVANCED_FACE('',(#323),#342,.T.);
#323 = FACE_BOUND('',#324,.T.);
#324 = EDGE_LOOP('',(#325,#334,#340,#341));
#325 = ORIENTED_EDGE('',*,*,#326,.T.);
#326 = EDGE_CURVE('',#327,#327,#329,.T.);
#327 = VERTEX_POINT('',#328);
#328 = CARTESIAN_POINT('',(2.21,3.555111512313E-15,2.5));
#329 = CIRCLE('',#330,1.);
#330 = AXIS2_PLACEMENT_3D('',#331,#332,#333);
#331 = CARTESIAN_POINT('',(2.21,6.630669073875E-16,1.5));
#332 = DIRECTION('',(1.,0.,-0.));
#333 = DIRECTION('',(0.,1.002044604925E-15,1.));
#334 = ORIENTED_EDGE('',*,*,#335,.T.);
#335 = EDGE_CURVE('',#327,#290,#336,.T.);
#336 = LINE('',#337,#338);
#337 = CARTESIAN_POINT('',(1.81,5.551115123126E-16,2.5));
#338 = VECTOR('',#339,1.);
#339 = DIRECTION('',(1.,0.,0.));
#340 = ORIENTED_EDGE('',*,*,#289,.F.);
#341 = ORIENTED_EDGE('',*,*,#335,.F.);
#342 = CYLINDRICAL_SURFACE('',#343,1.);
#343 = AXIS2_PLACEMENT_3D('',#344,#345,#346);
#344 = CARTESIAN_POINT('',(1.81,6.630669073875E-16,1.5));
#345 = DIRECTION('',(1.,0.,0.));
#346 = DIRECTION('',(-0.,1.002044604925E-15,1.));
#347 = ADVANCED_FACE('',(#348),#367,.T.);
#348 = FACE_BOUND('',#349,.T.);
#349 = EDGE_LOOP('',(#350,#351,#359,#366));
#350 = ORIENTED_EDGE('',*,*,#309,.T.);
#351 = ORIENTED_EDGE('',*,*,#352,.T.);
#352 = EDGE_CURVE('',#310,#353,#355,.T.);
#353 = VERTEX_POINT('',#354);
#354 = CARTESIAN_POINT('',(5.41,3.555111512313E-15,2.5));
#355 = LINE('',#356,#357);
#356 = CARTESIAN_POINT('',(1.81,5.551115123126E-16,2.5));
#357 = VECTOR('',#358,1.);
#358 = DIRECTION('',(1.,0.,0.));
#359 = ORIENTED_EDGE('',*,*,#360,.F.);
#360 = EDGE_CURVE('',#353,#353,#361,.T.);
#361 = CIRCLE('',#362,1.);
#362 = AXIS2_PLACEMENT_3D('',#363,#364,#365);
#363 = CARTESIAN_POINT('',(5.41,6.630669073875E-16,1.5));
#364 = DIRECTION('',(1.,0.,-0.));
#365 = DIRECTION('',(0.,1.002044604925E-15,1.));
#366 = ORIENTED_EDGE('',*,*,#352,.F.);
#367 = CYLINDRICAL_SURFACE('',#368,1.);
#368 = AXIS2_PLACEMENT_3D('',#369,#370,#371);
#369 = CARTESIAN_POINT('',(1.81,6.630669073875E-16,1.5));
#370 = DIRECTION('',(1.,0.,0.));
#371 = DIRECTION('',(-0.,1.002044604925E-15,1.));
#372 = ADVANCED_FACE('',(#373),#393,.T.);
#373 = FACE_BOUND('',#374,.T.);
#374 = EDGE_LOOP('',(#375,#384,#391,#392));
#375 = ORIENTED_EDGE('',*,*,#376,.T.);
#376 = EDGE_CURVE('',#377,#377,#379,.T.);
#377 = VERTEX_POINT('',#378);
#378 = CARTESIAN_POINT('',(1.81,1.466293670343E-15,2.1));
#379 = CIRCLE('',#380,0.6);
#380 = AXIS2_PLACEMENT_3D('',#381,#382,#383);
#381 = CARTESIAN_POINT('',(1.81,6.630669073875E-16,1.5));
#382 = DIRECTION('',(1.,0.,-0.));
#383 = DIRECTION('',(0.,1.002044604925E-15,1.));
#384 = ORIENTED_EDGE('',*,*,#385,.F.);
#385 = EDGE_CURVE('',#327,#377,#386,.T.);
#386 = CIRCLE('',#387,0.4);
#387 = AXIS2_PLACEMENT_3D('',#388,#389,#390);
#388 = CARTESIAN_POINT('',(2.21,1.266293670343E-15,2.1));
#389 = DIRECTION('',(0.,-1.,1.002044604925E-15));
#390 = DIRECTION('',(0.,1.002044604925E-15,1.));
#391 = ORIENTED_EDGE('',*,*,#326,.F.);
#392 = ORIENTED_EDGE('',*,*,#385,.T.);
#393 = TOROIDAL_SURFACE('',#394,0.6,0.4);
#394 = AXIS2_PLACEMENT_3D('',#395,#396,#397);
#395 = CARTESIAN_POINT('',(2.21,6.630669073875E-16,1.5));
#396 = DIRECTION('',(-1.,0.,0.));
#397 = DIRECTION('',(0.,1.002044604925E-15,1.));
#398 = ADVANCED_FACE('',(#399),#419,.T.);
#399 = FACE_BOUND('',#400,.T.);
#400 = EDGE_LOOP('',(#401,#402,#411,#418));
#401 = ORIENTED_EDGE('',*,*,#360,.T.);
#402 = ORIENTED_EDGE('',*,*,#403,.F.);
#403 = EDGE_CURVE('',#404,#353,#406,.T.);
#404 = VERTEX_POINT('',#405);
#405 = CARTESIAN_POINT('',(5.81,1.466293670343E-15,2.1));
#406 = CIRCLE('',#407,0.4);
#407 = AXIS2_PLACEMENT_3D('',#408,#409,#410);
#408 = CARTESIAN_POINT('',(5.41,1.266293670343E-15,2.1));
#409 = DIRECTION('',(0.,-1.,1.002044604925E-15));
#410 = DIRECTION('',(0.,1.002044604925E-15,1.));
#411 = ORIENTED_EDGE('',*,*,#412,.F.);
#412 = EDGE_CURVE('',#404,#404,#413,.T.);
#413 = CIRCLE('',#414,0.6);
#414 = AXIS2_PLACEMENT_3D('',#415,#416,#417);
#415 = CARTESIAN_POINT('',(5.81,6.630669073875E-16,1.5));
#416 = DIRECTION('',(1.,0.,-0.));
#417 = DIRECTION('',(0.,1.002044604925E-15,1.));
#418 = ORIENTED_EDGE('',*,*,#403,.T.);
#419 = TOROIDAL_SURFACE('',#420,0.6,0.4);
#420 = AXIS2_PLACEMENT_3D('',#421,#422,#423);
#421 = CARTESIAN_POINT('',(5.41,6.630669073875E-16,1.5));
#422 = DIRECTION('',(-1.,0.,0.));
#423 = DIRECTION('',(0.,1.002044604925E-15,1.));
#424 = ADVANCED_FACE('',(#425),#428,.F.);
#425 = FACE_BOUND('',#426,.T.);
#426 = EDGE_LOOP('',(#427));
#427 = ORIENTED_EDGE('',*,*,#376,.F.);
#428 = PLANE('',#429);
#429 = AXIS2_PLACEMENT_3D('',#430,#431,#432);
#430 = CARTESIAN_POINT('',(1.81,6.630669073875E-16,1.5));
#431 = DIRECTION('',(1.,0.,0.));
#432 = DIRECTION('',(-0.,1.002044604925E-15,1.));
#433 = ADVANCED_FACE('',(#434),#437,.T.);
#434 = FACE_BOUND('',#435,.F.);
#435 = EDGE_LOOP('',(#436));
#436 = ORIENTED_EDGE('',*,*,#412,.F.);
#437 = PLANE('',#438);
#438 = AXIS2_PLACEMENT_3D('',#439,#440,#441);
#439 = CARTESIAN_POINT('',(5.81,6.630669073875E-16,1.5));
#440 = DIRECTION('',(1.,0.,0.));
#441 = DIRECTION('',(-0.,1.002044604925E-15,1.));
#442 = ( GEOMETRIC_REPRESENTATION_CONTEXT(3) 
GLOBAL_UNCERTAINTY_ASSIGNED_CONTEXT((#446)) GLOBAL_UNIT_ASSIGNED_CONTEXT
((#443,#444,#445)) REPRESENTATION_CONTEXT('Context #1',
  '3D Context with UNIT and UNCERTAINTY') );
#443 = ( LENGTH_UNIT() NAMED_UNIT(*) SI_UNIT(.MILLI.,.METRE.) );
#444 = ( NAMED_UNIT(*) PLANE_ANGLE_UNIT() SI_UNIT($,.RADIAN.) );
#445 = ( NAMED_UNIT(*) SI_UNIT($,.STERADIAN.) SOLID_ANGLE_UNIT() );
#446 = UNCERTAINTY_MEASURE_WITH_UNIT(LENGTH_MEASURE(1.E-07),#443,
  'distance_accuracy_value','confusion accuracy');
#447 = CONTEXT_DEPENDENT_SHAPE_REPRESENTATION(#448,#450);
#448 = ( REPRESENTATION_RELATIONSHIP('','',#91,#68) 
REPRESENTATION_RELATIONSHIP_WITH_TRANSFORMATION(#449) 
SHAPE_REPRESENTATION_RELATIONSHIP() );
#449 = ITEM_DEFINED_TRANSFORMATION('','',#11,#69);
#450 = PRODUCT_DEFINITION_SHAPE('Placement','Placement of an item',#451
  );
#451 = NEXT_ASSEMBLY_USAGE_OCCURRENCE('1','=>[0:1:1:3]','',#63,#86,$);
#452 = PRODUCT_RELATED_PRODUCT_CATEGORY('part',$,(#88));
#453 = CONTEXT_DEPENDENT_SHAPE_REPRESENTATION(#454,#456);
#454 = ( REPRESENTATION_RELATIONSHIP('','',#68,#10) 
REPRESENTATION_RELATIONSHIP_WITH_TRANSFORMATION(#455) 
SHAPE_REPRESENTATION_RELATIONSHIP() );
#455 = ITEM_DEFINED_TRANSFORMATION('','',#11,#19);
#456 = PRODUCT_DEFINITION_SHAPE('Placement','Placement of an item',#457
  );
#457 = NEXT_ASSEMBLY_USAGE_OCCURRENCE('3','D5','',#5,#63,$);
#458 = CONTEXT_DEPENDENT_SHAPE_REPRESENTATION(#459,#461);
#459 = ( REPRESENTATION_RELATIONSHIP('','',#68,#10) 
REPRESENTATION_RELATIONSHIP_WITH_TRANSFORMATION(#460) 
SHAPE_REPRESENTATION_RELATIONSHIP() );
#460 = ITEM_DEFINED_TRANSFORMATION('','',#11,#23);
#461 = PRODUCT_DEFINITION_SHAPE('Placement','Placement of an item',#462
  );
#462 = NEXT_ASSEMBLY_USAGE_OCCURRENCE('4','D6','',#5,#63,$);
#463 = CONTEXT_DEPENDENT_SHAPE_REPRESENTATION(#464,#466);
#464 = ( REPRESENTATION_RELATIONSHIP('','',#68,#10) 
REPRESENTATION_RELATIONSHIP_WITH_TRANSFORMATION(#465) 
SHAPE_REPRESENTATION_RELATIONSHIP() );
#465 = ITEM_DEFINED_TRANSFORMATION('','',#11,#27);
#466 = PRODUCT_DEFINITION_SHAPE('Placement','Placement of an item',#467
  );
#467 = NEXT_ASSEMBLY_USAGE_OCCURRENCE('5','D1','',#5,#63,$);
#468 = SHAPE_DEFINITION_REPRESENTATION(#469,#475);
#469 = PRODUCT_DEFINITION_SHAPE('','',#470);
#470 = PRODUCT_DEFINITION('design','',#471,#474);
#471 = PRODUCT_DEFINITION_FORMATION('','',#472);
#472 = PRODUCT('SW_PUSH_6mm','SW_PUSH_6mm','',(#473));
#473 = PRODUCT_CONTEXT('',#2,'mechanical');
#474 = PRODUCT_DEFINITION_CONTEXT('part definition',#2,'design');
#475 = SHAPE_REPRESENTATION('',(#11,#476),#480);
#476 = AXIS2_PLACEMENT_3D('',#477,#478,#479);
#477 = CARTESIAN_POINT('',(0.,0.,0.));
#478 = DIRECTION('',(0.,0.,1.));
#479 = DIRECTION('',(1.,0.,-0.));
#480 = ( GEOMETRIC_REPRESENTATION_CONTEXT(3) 
GLOBAL_UNCERTAINTY_ASSIGNED_CONTEXT((#484)) GLOBAL_UNIT_ASSIGNED_CONTEXT
((#481,#482,#483)) REPRESENTATION_CONTEXT('Context #1',
  '3D Context with UNIT and UNCERTAINTY') );
#481 = ( LENGTH_UNIT() NAMED_UNIT(*) SI_UNIT(.MILLI.,.METRE.) );
#482 = ( NAMED_UNIT(*) PLANE_ANGLE_UNIT() SI_UNIT($,.RADIAN.) );
#483 = ( NAMED_UNIT(*) SI_UNIT($,.STERADIAN.) SOLID_ANGLE_UNIT() );
#484 = UNCERTAINTY_MEASURE_WITH_UNIT(LENGTH_MEASURE(1.E-07),#481,
  'distance_accuracy_value','confusion accuracy');
#485 = CONTEXT_DEPENDENT_SHAPE_REPRESENTATION(#486,#488);
#486 = ( REPRESENTATION_RELATIONSHIP('','',#475,#10) 
REPRESENTATION_RELATIONSHIP_WITH_TRANSFORMATION(#487) 
SHAPE_REPRESENTATION_RELATIONSHIP() );
#487 = ITEM_DEFINED_TRANSFORMATION('','',#11,#31);
#488 = PRODUCT_DEFINITION_SHAPE('Placement','Placement of an item',#489
  );
#489 = NEXT_ASSEMBLY_USAGE_OCCURRENCE('7','SW7','',#5,#470,$);
#490 = PRODUCT_RELATED_PRODUCT_CATEGORY('part',$,(#472));
#491 = SHAPE_DEFINITION_REPRESENTATION(#492,#498);
#492 = PRODUCT_DEFINITION_SHAPE('','',#493);
#493 = PRODUCT_DEFINITION('design','',#494,#497);
#494 = PRODUCT_DEFINITION_FORMATION('','',#495);
#495 = PRODUCT('SW_PUSH_6mm','SW_PUSH_6mm','',(#496));
#496 = PRODUCT_CONTEXT('',#2,'mechanical');
#497 = PRODUCT_DEFINITION_CONTEXT('part definition',#2,'design');
#498 = ADVANCED_BREP_SHAPE_REPRESENTATION('',(#11,#499),#3728);
#499 = MANIFOLD_SOLID_BREP('',#500);
#500 = CLOSED_SHELL('',(#501,#518,#543,#666,#697,#722,#747,#771,#795,
    #820,#845,#862,#887,#912,#937,#962,#993,#1018,#1043,#1131,#1219,
    #1244,#1269,#1286,#1295,#1321,#1330,#1339,#1383,#1533,#1557,#1700,
    #1850,#2000,#2017,#2167,#2191,#2334,#2484,#2634,#2651,#2660,#2677,
    #2694,#2711,#2728,#2750,#2767,#2784,#2801,#2818,#2830,#2847,#2864,
    #2881,#2898,#2915,#2932,#2949,#2966,#2978,#3000,#3017,#3034,#3051,
    #3068,#3080,#3097,#3114,#3131,#3148,#3165,#3182,#3199,#3216,#3228,
    #3250,#3267,#3284,#3301,#3318,#3330,#3347,#3364,#3381,#3398,#3415,
    #3432,#3449,#3466,#3478,#3500,#3517,#3534,#3551,#3568,#3580,#3597,
    #3614,#3631,#3648,#3665,#3682,#3699,#3716));
#501 = ADVANCED_FACE('',(#502),#513,.F.);
#502 = FACE_BOUND('',#503,.T.);
#503 = EDGE_LOOP('',(#504));
#504 = ORIENTED_EDGE('',*,*,#505,.T.);
#505 = EDGE_CURVE('',#506,#506,#508,.T.);
#506 = VERTEX_POINT('',#507);
#507 = CARTESIAN_POINT('',(1.65,-4.25,4.1));
#508 = CIRCLE('',#509,0.5);
#509 = AXIS2_PLACEMENT_3D('',#510,#511,#512);
#510 = CARTESIAN_POINT('',(1.15,-4.25,4.1));
#511 = DIRECTION('',(0.,0.,1.));
#512 = DIRECTION('',(1.,0.,-0.));
#513 = PLANE('',#514);
#514 = AXIS2_PLACEMENT_3D('',#515,#516,#517);
#515 = CARTESIAN_POINT('',(1.65,-4.25,4.1));
#516 = DIRECTION('',(0.,0.,-1.));
#517 = DIRECTION('',(-1.,0.,0.));
#518 = ADVANCED_FACE('',(#519),#538,.T.);
#519 = FACE_BOUND('',#520,.T.);
#520 = EDGE_LOOP('',(#521,#529,#530,#531));
#521 = ORIENTED_EDGE('',*,*,#522,.T.);
#522 = EDGE_CURVE('',#523,#506,#525,.T.);
#523 = VERTEX_POINT('',#524);
#524 = CARTESIAN_POINT('',(1.65,-4.25,3.6));
#525 = LINE('',#526,#527);
#526 = CARTESIAN_POINT('',(1.65,-4.25,3.5));
#527 = VECTOR('',#528,1.);
#528 = DIRECTION('',(0.,0.,1.));
#529 = ORIENTED_EDGE('',*,*,#505,.F.);
#530 = ORIENTED_EDGE('',*,*,#522,.F.);
#531 = ORIENTED_EDGE('',*,*,#532,.F.);
#532 = EDGE_CURVE('',#523,#523,#533,.T.);
#533 = CIRCLE('',#534,0.5);
#534 = AXIS2_PLACEMENT_3D('',#535,#536,#537);
#535 = CARTESIAN_POINT('',(1.15,-4.25,3.6));
#536 = DIRECTION('',(0.,0.,-1.));
#537 = DIRECTION('',(1.,0.,0.));
#538 = CYLINDRICAL_SURFACE('',#539,0.5);
#539 = AXIS2_PLACEMENT_3D('',#540,#541,#542);
#540 = CARTESIAN_POINT('',(1.15,-4.25,3.5));
#541 = DIRECTION('',(-0.,-0.,-1.));
#542 = DIRECTION('',(1.,0.,0.));
#543 = ADVANCED_FACE('',(#544,#614,#625,#636,#647,#658),#661,.F.);
#544 = FACE_BOUND('',#545,.F.);
#545 = EDGE_LOOP('',(#546,#556,#565,#573,#582,#590,#599,#607));
#546 = ORIENTED_EDGE('',*,*,#547,.F.);
#547 = EDGE_CURVE('',#548,#550,#552,.T.);
#548 = VERTEX_POINT('',#549);
#549 = CARTESIAN_POINT('',(0.45,-5.25,3.6));
#550 = VERTEX_POINT('',#551);
#551 = CARTESIAN_POINT('',(5.85,-5.25,3.6));
#552 = LINE('',#553,#554);
#553 = CARTESIAN_POINT('',(0.15,-5.25,3.6));
#554 = VECTOR('',#555,1.);
#555 = DIRECTION('',(1.,0.,0.));
#556 = ORIENTED_EDGE('',*,*,#557,.T.);
#557 = EDGE_CURVE('',#548,#558,#560,.T.);
#558 = VERTEX_POINT('',#559);
#559 = CARTESIAN_POINT('',(0.15,-4.95,3.6));
#560 = CIRCLE('',#561,0.3);
#561 = AXIS2_PLACEMENT_3D('',#562,#563,#564);
#562 = CARTESIAN_POINT('',(0.45,-4.95,3.6));
#563 = DIRECTION('',(-0.,-0.,-1.));
#564 = DIRECTION('',(0.,-1.,0.));
#565 = ORIENTED_EDGE('',*,*,#566,.F.);
#566 = EDGE_CURVE('',#567,#558,#569,.T.);
#567 = VERTEX_POINT('',#568);
#568 = CARTESIAN_POINT('',(0.15,0.45,3.6));
#569 = LINE('',#570,#571);
#570 = CARTESIAN_POINT('',(0.15,0.75,3.6));
#571 = VECTOR('',#572,1.);
#572 = DIRECTION('',(0.,-1.,0.));
#573 = ORIENTED_EDGE('',*,*,#574,.F.);
#574 = EDGE_CURVE('',#575,#567,#577,.T.);
#575 = VERTEX_POINT('',#576);
#576 = CARTESIAN_POINT('',(0.45,0.75,3.6));
#577 = CIRCLE('',#578,0.3);
#578 = AXIS2_PLACEMENT_3D('',#579,#580,#581);
#579 = CARTESIAN_POINT('',(0.45,0.45,3.6));
#580 = DIRECTION('',(-0.,0.,1.));
#581 = DIRECTION('',(0.,-1.,0.));
#582 = ORIENTED_EDGE('',*,*,#583,.F.);
#583 = EDGE_CURVE('',#584,#575,#586,.T.);
#584 = VERTEX_POINT('',#585);
#585 = CARTESIAN_POINT('',(5.85,0.75,3.6));
#586 = LINE('',#587,#588);
#587 = CARTESIAN_POINT('',(6.15,0.75,3.6));
#588 = VECTOR('',#589,1.);
#589 = DIRECTION('',(-1.,0.,0.));
#590 = ORIENTED_EDGE('',*,*,#591,.F.);
#591 = EDGE_CURVE('',#592,#584,#594,.T.);
#592 = VERTEX_POINT('',#593);
#593 = CARTESIAN_POINT('',(6.15,0.45,3.6));
#594 = CIRCLE('',#595,0.3);
#595 = AXIS2_PLACEMENT_3D('',#596,#597,#598);
#596 = CARTESIAN_POINT('',(5.85,0.45,3.6));
#597 = DIRECTION('',(-0.,0.,1.));
#598 = DIRECTION('',(0.,-1.,0.));
#599 = ORIENTED_EDGE('',*,*,#600,.F.);
#600 = EDGE_CURVE('',#601,#592,#603,.T.);
#601 = VERTEX_POINT('',#602);
#602 = CARTESIAN_POINT('',(6.15,-4.95,3.6));
#603 = LINE('',#604,#605);
#604 = CARTESIAN_POINT('',(6.15,-5.25,3.6));
#605 = VECTOR('',#606,1.);
#606 = DIRECTION('',(0.,1.,0.));
#607 = ORIENTED_EDGE('',*,*,#608,.F.);
#608 = EDGE_CURVE('',#550,#601,#609,.T.);
#609 = CIRCLE('',#610,0.3);
#610 = AXIS2_PLACEMENT_3D('',#611,#612,#613);
#611 = CARTESIAN_POINT('',(5.85,-4.95,3.6));
#612 = DIRECTION('',(-0.,0.,1.));
#613 = DIRECTION('',(0.,-1.,0.));
#614 = FACE_BOUND('',#615,.F.);
#615 = EDGE_LOOP('',(#616));
#616 = ORIENTED_EDGE('',*,*,#617,.F.);
#617 = EDGE_CURVE('',#618,#618,#620,.T.);
#618 = VERTEX_POINT('',#619);
#619 = CARTESIAN_POINT('',(5.65,-4.25,3.6));
#620 = CIRCLE('',#621,0.5);
#621 = AXIS2_PLACEMENT_3D('',#622,#623,#624);
#622 = CARTESIAN_POINT('',(5.15,-4.25,3.6));
#623 = DIRECTION('',(0.,0.,-1.));
#624 = DIRECTION('',(1.,0.,0.));
#625 = FACE_BOUND('',#626,.F.);
#626 = EDGE_LOOP('',(#627));
#627 = ORIENTED_EDGE('',*,*,#628,.F.);
#628 = EDGE_CURVE('',#629,#629,#631,.T.);
#629 = VERTEX_POINT('',#630);
#630 = CARTESIAN_POINT('',(4.9,-2.25,3.6));
#631 = CIRCLE('',#632,1.75);
#632 = AXIS2_PLACEMENT_3D('',#633,#634,#635);
#633 = CARTESIAN_POINT('',(3.15,-2.25,3.6));
#634 = DIRECTION('',(0.,0.,-1.));
#635 = DIRECTION('',(1.,0.,0.));
#636 = FACE_BOUND('',#637,.F.);
#637 = EDGE_LOOP('',(#638));
#638 = ORIENTED_EDGE('',*,*,#639,.F.);
#639 = EDGE_CURVE('',#640,#640,#642,.T.);
#640 = VERTEX_POINT('',#641);
#641 = CARTESIAN_POINT('',(1.65,-0.25,3.6));
#642 = CIRCLE('',#643,0.5);
#643 = AXIS2_PLACEMENT_3D('',#644,#645,#646);
#644 = CARTESIAN_POINT('',(1.15,-0.25,3.6));
#645 = DIRECTION('',(0.,0.,-1.));
#646 = DIRECTION('',(1.,0.,0.));
#647 = FACE_BOUND('',#648,.F.);
#648 = EDGE_LOOP('',(#649));
#649 = ORIENTED_EDGE('',*,*,#650,.F.);
#650 = EDGE_CURVE('',#651,#651,#653,.T.);
#651 = VERTEX_POINT('',#652);
#652 = CARTESIAN_POINT('',(5.65,-0.25,3.6));
#653 = CIRCLE('',#654,0.5);
#654 = AXIS2_PLACEMENT_3D('',#655,#656,#657);
#655 = CARTESIAN_POINT('',(5.15,-0.25,3.6));
#656 = DIRECTION('',(0.,0.,-1.));
#657 = DIRECTION('',(1.,0.,0.));
#658 = FACE_BOUND('',#659,.F.);
#659 = EDGE_LOOP('',(#660));
#660 = ORIENTED_EDGE('',*,*,#532,.F.);
#661 = PLANE('',#662);
#662 = AXIS2_PLACEMENT_3D('',#663,#664,#665);
#663 = CARTESIAN_POINT('',(0.15,-5.25,3.6));
#664 = DIRECTION('',(0.,0.,-1.));
#665 = DIRECTION('',(-1.,0.,0.));
#666 = ADVANCED_FACE('',(#667),#692,.F.);
#667 = FACE_BOUND('',#668,.F.);
#668 = EDGE_LOOP('',(#669,#679,#685,#686));
#669 = ORIENTED_EDGE('',*,*,#670,.F.);
#670 = EDGE_CURVE('',#671,#673,#675,.T.);
#671 = VERTEX_POINT('',#672);
#672 = CARTESIAN_POINT('',(0.45,-5.25,3.5));
#673 = VERTEX_POINT('',#674);
#674 = CARTESIAN_POINT('',(5.85,-5.25,3.5));
#675 = LINE('',#676,#677);
#676 = CARTESIAN_POINT('',(0.15,-5.25,3.5));
#677 = VECTOR('',#678,1.);
#678 = DIRECTION('',(1.,0.,0.));
#679 = ORIENTED_EDGE('',*,*,#680,.T.);
#680 = EDGE_CURVE('',#671,#548,#681,.T.);
#681 = LINE('',#682,#683);
#682 = CARTESIAN_POINT('',(0.45,-5.25,3.5));
#683 = VECTOR('',#684,1.);
#684 = DIRECTION('',(0.,0.,1.));
#685 = ORIENTED_EDGE('',*,*,#547,.T.);
#686 = ORIENTED_EDGE('',*,*,#687,.F.);
#687 = EDGE_CURVE('',#673,#550,#688,.T.);
#688 = LINE('',#689,#690);
#689 = CARTESIAN_POINT('',(5.85,-5.25,3.5));
#690 = VECTOR('',#691,1.);
#691 = DIRECTION('',(0.,0.,1.));
#692 = PLANE('',#693);
#693 = AXIS2_PLACEMENT_3D('',#694,#695,#696);
#694 = CARTESIAN_POINT('',(0.15,-5.25,3.5));
#695 = DIRECTION('',(0.,1.,0.));
#696 = DIRECTION('',(1.,0.,0.));
#697 = ADVANCED_FACE('',(#698),#717,.T.);
#698 = FACE_BOUND('',#699,.T.);
#699 = EDGE_LOOP('',(#700,#701,#702,#710));
#700 = ORIENTED_EDGE('',*,*,#680,.T.);
#701 = ORIENTED_EDGE('',*,*,#557,.T.);
#702 = ORIENTED_EDGE('',*,*,#703,.F.);
#703 = EDGE_CURVE('',#704,#558,#706,.T.);
#704 = VERTEX_POINT('',#705);
#705 = CARTESIAN_POINT('',(0.15,-4.95,3.5));
#706 = LINE('',#707,#708);
#707 = CARTESIAN_POINT('',(0.15,-4.95,3.5));
#708 = VECTOR('',#709,1.);
#709 = DIRECTION('',(0.,0.,1.));
#710 = ORIENTED_EDGE('',*,*,#711,.F.);
#711 = EDGE_CURVE('',#671,#704,#712,.T.);
#712 = CIRCLE('',#713,0.3);
#713 = AXIS2_PLACEMENT_3D('',#714,#715,#716);
#714 = CARTESIAN_POINT('',(0.45,-4.95,3.5));
#715 = DIRECTION('',(-0.,-0.,-1.));
#716 = DIRECTION('',(0.,-1.,0.));
#717 = CYLINDRICAL_SURFACE('',#718,0.3);
#718 = AXIS2_PLACEMENT_3D('',#719,#720,#721);
#719 = CARTESIAN_POINT('',(0.45,-4.95,3.5));
#720 = DIRECTION('',(0.,0.,1.));
#721 = DIRECTION('',(0.,-1.,0.));
#722 = ADVANCED_FACE('',(#723),#742,.T.);
#723 = FACE_BOUND('',#724,.T.);
#724 = EDGE_LOOP('',(#725,#734,#740,#741));
#725 = ORIENTED_EDGE('',*,*,#726,.T.);
#726 = EDGE_CURVE('',#673,#727,#729,.T.);
#727 = VERTEX_POINT('',#728);
#728 = CARTESIAN_POINT('',(6.15,-4.95,3.5));
#729 = CIRCLE('',#730,0.3);
#730 = AXIS2_PLACEMENT_3D('',#731,#732,#733);
#731 = CARTESIAN_POINT('',(5.85,-4.95,3.5));
#732 = DIRECTION('',(-0.,0.,1.));
#733 = DIRECTION('',(0.,-1.,0.));
#734 = ORIENTED_EDGE('',*,*,#735,.T.);
#735 = EDGE_CURVE('',#727,#601,#736,.T.);
#736 = LINE('',#737,#738);
#737 = CARTESIAN_POINT('',(6.15,-4.95,3.5));
#738 = VECTOR('',#739,1.);
#739 = DIRECTION('',(0.,0.,1.));
#740 = ORIENTED_EDGE('',*,*,#608,.F.);
#741 = ORIENTED_EDGE('',*,*,#687,.F.);
#742 = CYLINDRICAL_SURFACE('',#743,0.3);
#743 = AXIS2_PLACEMENT_3D('',#744,#745,#746);
#744 = CARTESIAN_POINT('',(5.85,-4.95,3.5));
#745 = DIRECTION('',(0.,0.,1.));
#746 = DIRECTION('',(0.,-1.,0.));
#747 = ADVANCED_FACE('',(#748),#766,.F.);
#748 = FACE_BOUND('',#749,.F.);
#749 = EDGE_LOOP('',(#750,#758,#764,#765));
#750 = ORIENTED_EDGE('',*,*,#751,.F.);
#751 = EDGE_CURVE('',#752,#704,#754,.T.);
#752 = VERTEX_POINT('',#753);
#753 = CARTESIAN_POINT('',(0.15,0.45,3.5));
#754 = LINE('',#755,#756);
#755 = CARTESIAN_POINT('',(0.15,0.75,3.5));
#756 = VECTOR('',#757,1.);
#757 = DIRECTION('',(0.,-1.,0.));
#758 = ORIENTED_EDGE('',*,*,#759,.T.);
#759 = EDGE_CURVE('',#752,#567,#760,.T.);
#760 = LINE('',#761,#762);
#761 = CARTESIAN_POINT('',(0.15,0.45,3.5));
#762 = VECTOR('',#763,1.);
#763 = DIRECTION('',(0.,0.,1.));
#764 = ORIENTED_EDGE('',*,*,#566,.T.);
#765 = ORIENTED_EDGE('',*,*,#703,.F.);
#766 = PLANE('',#767);
#767 = AXIS2_PLACEMENT_3D('',#768,#769,#770);
#768 = CARTESIAN_POINT('',(0.15,0.75,3.5));
#769 = DIRECTION('',(1.,0.,0.));
#770 = DIRECTION('',(0.,-1.,0.));
#771 = ADVANCED_FACE('',(#772),#790,.F.);
#772 = FACE_BOUND('',#773,.F.);
#773 = EDGE_LOOP('',(#774,#782,#783,#784));
#774 = ORIENTED_EDGE('',*,*,#775,.F.);
#775 = EDGE_CURVE('',#727,#776,#778,.T.);
#776 = VERTEX_POINT('',#777);
#777 = CARTESIAN_POINT('',(6.15,0.45,3.5));
#778 = LINE('',#779,#780);
#779 = CARTESIAN_POINT('',(6.15,-5.25,3.5));
#780 = VECTOR('',#781,1.);
#781 = DIRECTION('',(0.,1.,0.));
#782 = ORIENTED_EDGE('',*,*,#735,.T.);
#783 = ORIENTED_EDGE('',*,*,#600,.T.);
#784 = ORIENTED_EDGE('',*,*,#785,.F.);
#785 = EDGE_CURVE('',#776,#592,#786,.T.);
#786 = LINE('',#787,#788);
#787 = CARTESIAN_POINT('',(6.15,0.45,3.5));
#788 = VECTOR('',#789,1.);
#789 = DIRECTION('',(0.,0.,1.));
#790 = PLANE('',#791);
#791 = AXIS2_PLACEMENT_3D('',#792,#793,#794);
#792 = CARTESIAN_POINT('',(6.15,-5.25,3.5));
#793 = DIRECTION('',(-1.,0.,0.));
#794 = DIRECTION('',(0.,1.,0.));
#795 = ADVANCED_FACE('',(#796),#815,.T.);
#796 = FACE_BOUND('',#797,.T.);
#797 = EDGE_LOOP('',(#798,#807,#808,#809));
#798 = ORIENTED_EDGE('',*,*,#799,.T.);
#799 = EDGE_CURVE('',#800,#752,#802,.T.);
#800 = VERTEX_POINT('',#801);
#801 = CARTESIAN_POINT('',(0.45,0.75,3.5));
#802 = CIRCLE('',#803,0.3);
#803 = AXIS2_PLACEMENT_3D('',#804,#805,#806);
#804 = CARTESIAN_POINT('',(0.45,0.45,3.5));
#805 = DIRECTION('',(-0.,0.,1.));
#806 = DIRECTION('',(0.,-1.,0.));
#807 = ORIENTED_EDGE('',*,*,#759,.T.);
#808 = ORIENTED_EDGE('',*,*,#574,.F.);
#809 = ORIENTED_EDGE('',*,*,#810,.F.);
#810 = EDGE_CURVE('',#800,#575,#811,.T.);
#811 = LINE('',#812,#813);
#812 = CARTESIAN_POINT('',(0.45,0.75,3.5));
#813 = VECTOR('',#814,1.);
#814 = DIRECTION('',(0.,0.,1.));
#815 = CYLINDRICAL_SURFACE('',#816,0.3);
#816 = AXIS2_PLACEMENT_3D('',#817,#818,#819);
#817 = CARTESIAN_POINT('',(0.45,0.45,3.5));
#818 = DIRECTION('',(0.,0.,1.));
#819 = DIRECTION('',(0.,1.,0.));
#820 = ADVANCED_FACE('',(#821),#840,.T.);
#821 = FACE_BOUND('',#822,.T.);
#822 = EDGE_LOOP('',(#823,#832,#838,#839));
#823 = ORIENTED_EDGE('',*,*,#824,.T.);
#824 = EDGE_CURVE('',#776,#825,#827,.T.);
#825 = VERTEX_POINT('',#826);
#826 = CARTESIAN_POINT('',(5.85,0.75,3.5));
#827 = CIRCLE('',#828,0.3);
#828 = AXIS2_PLACEMENT_3D('',#829,#830,#831);
#829 = CARTESIAN_POINT('',(5.85,0.45,3.5));
#830 = DIRECTION('',(-0.,0.,1.));
#831 = DIRECTION('',(0.,-1.,0.));
#832 = ORIENTED_EDGE('',*,*,#833,.T.);
#833 = EDGE_CURVE('',#825,#584,#834,.T.);
#834 = LINE('',#835,#836);
#835 = CARTESIAN_POINT('',(5.85,0.75,3.5));
#836 = VECTOR('',#837,1.);
#837 = DIRECTION('',(0.,0.,1.));
#838 = ORIENTED_EDGE('',*,*,#591,.F.);
#839 = ORIENTED_EDGE('',*,*,#785,.F.);
#840 = CYLINDRICAL_SURFACE('',#841,0.3);
#841 = AXIS2_PLACEMENT_3D('',#842,#843,#844);
#842 = CARTESIAN_POINT('',(5.85,0.45,3.5));
#843 = DIRECTION('',(0.,0.,1.));
#844 = DIRECTION('',(1.,0.,-0.));
#845 = ADVANCED_FACE('',(#846),#857,.F.);
#846 = FACE_BOUND('',#847,.F.);
#847 = EDGE_LOOP('',(#848,#854,#855,#856));
#848 = ORIENTED_EDGE('',*,*,#849,.F.);
#849 = EDGE_CURVE('',#825,#800,#850,.T.);
#850 = LINE('',#851,#852);
#851 = CARTESIAN_POINT('',(6.15,0.75,3.5));
#852 = VECTOR('',#853,1.);
#853 = DIRECTION('',(-1.,0.,0.));
#854 = ORIENTED_EDGE('',*,*,#833,.T.);
#855 = ORIENTED_EDGE('',*,*,#583,.T.);
#856 = ORIENTED_EDGE('',*,*,#810,.F.);
#857 = PLANE('',#858);
#858 = AXIS2_PLACEMENT_3D('',#859,#860,#861);
#859 = CARTESIAN_POINT('',(6.15,0.75,3.5));
#860 = DIRECTION('',(0.,-1.,0.));
#861 = DIRECTION('',(-1.,0.,0.));
#862 = ADVANCED_FACE('',(#863),#882,.T.);
#863 = FACE_BOUND('',#864,.T.);
#864 = EDGE_LOOP('',(#865,#873,#880,#881));
#865 = ORIENTED_EDGE('',*,*,#866,.T.);
#866 = EDGE_CURVE('',#618,#867,#869,.T.);
#867 = VERTEX_POINT('',#868);
#868 = CARTESIAN_POINT('',(5.65,-4.25,4.1));
#869 = LINE('',#870,#871);
#870 = CARTESIAN_POINT('',(5.65,-4.25,3.5));
#871 = VECTOR('',#872,1.);
#872 = DIRECTION('',(0.,0.,1.));
#873 = ORIENTED_EDGE('',*,*,#874,.F.);
#874 = EDGE_CURVE('',#867,#867,#875,.T.);
#875 = CIRCLE('',#876,0.5);
#876 = AXIS2_PLACEMENT_3D('',#877,#878,#879);
#877 = CARTESIAN_POINT('',(5.15,-4.25,4.1));
#878 = DIRECTION('',(0.,0.,1.));
#879 = DIRECTION('',(1.,0.,-0.));
#880 = ORIENTED_EDGE('',*,*,#866,.F.);
#881 = ORIENTED_EDGE('',*,*,#617,.F.);
#882 = CYLINDRICAL_SURFACE('',#883,0.5);
#883 = AXIS2_PLACEMENT_3D('',#884,#885,#886);
#884 = CARTESIAN_POINT('',(5.15,-4.25,3.5));
#885 = DIRECTION('',(-0.,-0.,-1.));
#886 = DIRECTION('',(1.,0.,0.));
#887 = ADVANCED_FACE('',(#888),#907,.T.);
#888 = FACE_BOUND('',#889,.T.);
#889 = EDGE_LOOP('',(#890,#898,#905,#906));
#890 = ORIENTED_EDGE('',*,*,#891,.T.);
#891 = EDGE_CURVE('',#629,#892,#894,.T.);
#892 = VERTEX_POINT('',#893);
#893 = CARTESIAN_POINT('',(4.9,-2.25,4.2));
#894 = LINE('',#895,#896);
#895 = CARTESIAN_POINT('',(4.9,-2.25,3.5));
#896 = VECTOR('',#897,1.);
#897 = DIRECTION('',(0.,0.,1.));
#898 = ORIENTED_EDGE('',*,*,#899,.F.);
#899 = EDGE_CURVE('',#892,#892,#900,.T.);
#900 = CIRCLE('',#901,1.75);
#901 = AXIS2_PLACEMENT_3D('',#902,#903,#904);
#902 = CARTESIAN_POINT('',(3.15,-2.25,4.2));
#903 = DIRECTION('',(0.,0.,1.));
#904 = DIRECTION('',(1.,0.,-0.));
#905 = ORIENTED_EDGE('',*,*,#891,.F.);
#906 = ORIENTED_EDGE('',*,*,#628,.F.);
#907 = CYLINDRICAL_SURFACE('',#908,1.75);
#908 = AXIS2_PLACEMENT_3D('',#909,#910,#911);
#909 = CARTESIAN_POINT('',(3.15,-2.25,3.5));
#910 = DIRECTION('',(-0.,-0.,-1.));
#911 = DIRECTION('',(1.,0.,0.));
#912 = ADVANCED_FACE('',(#913),#932,.T.);
#913 = FACE_BOUND('',#914,.T.);
#914 = EDGE_LOOP('',(#915,#923,#930,#931));
#915 = ORIENTED_EDGE('',*,*,#916,.T.);
#916 = EDGE_CURVE('',#640,#917,#919,.T.);
#917 = VERTEX_POINT('',#918);
#918 = CARTESIAN_POINT('',(1.65,-0.25,4.1));
#919 = LINE('',#920,#921);
#920 = CARTESIAN_POINT('',(1.65,-0.25,3.5));
#921 = VECTOR('',#922,1.);
#922 = DIRECTION('',(0.,0.,1.));
#923 = ORIENTED_EDGE('',*,*,#924,.F.);
#924 = EDGE_CURVE('',#917,#917,#925,.T.);
#925 = CIRCLE('',#926,0.5);
#926 = AXIS2_PLACEMENT_3D('',#927,#928,#929);
#927 = CARTESIAN_POINT('',(1.15,-0.25,4.1));
#928 = DIRECTION('',(0.,0.,1.));
#929 = DIRECTION('',(1.,0.,-0.));
#930 = ORIENTED_EDGE('',*,*,#916,.F.);
#931 = ORIENTED_EDGE('',*,*,#639,.F.);
#932 = CYLINDRICAL_SURFACE('',#933,0.5);
#933 = AXIS2_PLACEMENT_3D('',#934,#935,#936);
#934 = CARTESIAN_POINT('',(1.15,-0.25,3.5));
#935 = DIRECTION('',(-0.,-0.,-1.));
#936 = DIRECTION('',(1.,0.,0.));
#937 = ADVANCED_FACE('',(#938),#957,.T.);
#938 = FACE_BOUND('',#939,.T.);
#939 = EDGE_LOOP('',(#940,#948,#955,#956));
#940 = ORIENTED_EDGE('',*,*,#941,.T.);
#941 = EDGE_CURVE('',#651,#942,#944,.T.);
#942 = VERTEX_POINT('',#943);
#943 = CARTESIAN_POINT('',(5.65,-0.25,4.1));
#944 = LINE('',#945,#946);
#945 = CARTESIAN_POINT('',(5.65,-0.25,3.5));
#946 = VECTOR('',#947,1.);
#947 = DIRECTION('',(0.,0.,1.));
#948 = ORIENTED_EDGE('',*,*,#949,.F.);
#949 = EDGE_CURVE('',#942,#942,#950,.T.);
#950 = CIRCLE('',#951,0.5);
#951 = AXIS2_PLACEMENT_3D('',#952,#953,#954);
#952 = CARTESIAN_POINT('',(5.15,-0.25,4.1));
#953 = DIRECTION('',(0.,0.,1.));
#954 = DIRECTION('',(1.,0.,-0.));
#955 = ORIENTED_EDGE('',*,*,#941,.F.);
#956 = ORIENTED_EDGE('',*,*,#650,.F.);
#957 = CYLINDRICAL_SURFACE('',#958,0.5);
#958 = AXIS2_PLACEMENT_3D('',#959,#960,#961);
#959 = CARTESIAN_POINT('',(5.15,-0.25,3.5));
#960 = DIRECTION('',(-0.,-0.,-1.));
#961 = DIRECTION('',(1.,0.,0.));
#962 = ADVANCED_FACE('',(#963),#988,.F.);
#963 = FACE_BOUND('',#964,.F.);
#964 = EDGE_LOOP('',(#965,#975,#981,#982));
#965 = ORIENTED_EDGE('',*,*,#966,.F.);
#966 = EDGE_CURVE('',#967,#969,#971,.T.);
#967 = VERTEX_POINT('',#968);
#968 = CARTESIAN_POINT('',(0.45,-5.25,0.));
#969 = VERTEX_POINT('',#970);
#970 = CARTESIAN_POINT('',(5.85,-5.25,0.));
#971 = LINE('',#972,#973);
#972 = CARTESIAN_POINT('',(0.15,-5.25,0.));
#973 = VECTOR('',#974,1.);
#974 = DIRECTION('',(1.,0.,0.));
#975 = ORIENTED_EDGE('',*,*,#976,.T.);
#976 = EDGE_CURVE('',#967,#671,#977,.T.);
#977 = LINE('',#978,#979);
#978 = CARTESIAN_POINT('',(0.45,-5.25,0.));
#979 = VECTOR('',#980,1.);
#980 = DIRECTION('',(0.,0.,1.));
#981 = ORIENTED_EDGE('',*,*,#670,.T.);
#982 = ORIENTED_EDGE('',*,*,#983,.F.);
#983 = EDGE_CURVE('',#969,#673,#984,.T.);
#984 = LINE('',#985,#986);
#985 = CARTESIAN_POINT('',(5.85,-5.25,0.));
#986 = VECTOR('',#987,1.);
#987 = DIRECTION('',(0.,0.,1.));
#988 = PLANE('',#989);
#989 = AXIS2_PLACEMENT_3D('',#990,#991,#992);
#990 = CARTESIAN_POINT('',(0.15,-5.25,0.));
#991 = DIRECTION('',(0.,1.,0.));
#992 = DIRECTION('',(1.,0.,0.));
#993 = ADVANCED_FACE('',(#994),#1013,.T.);
#994 = FACE_BOUND('',#995,.T.);
#995 = EDGE_LOOP('',(#996,#997,#998,#1006));
#996 = ORIENTED_EDGE('',*,*,#976,.T.);
#997 = ORIENTED_EDGE('',*,*,#711,.T.);
#998 = ORIENTED_EDGE('',*,*,#999,.F.);
#999 = EDGE_CURVE('',#1000,#704,#1002,.T.);
#1000 = VERTEX_POINT('',#1001);
#1001 = CARTESIAN_POINT('',(0.15,-4.95,0.));
#1002 = LINE('',#1003,#1004);
#1003 = CARTESIAN_POINT('',(0.15,-4.95,0.));
#1004 = VECTOR('',#1005,1.);
#1005 = DIRECTION('',(0.,0.,1.));
#1006 = ORIENTED_EDGE('',*,*,#1007,.F.);
#1007 = EDGE_CURVE('',#967,#1000,#1008,.T.);
#1008 = CIRCLE('',#1009,0.3);
#1009 = AXIS2_PLACEMENT_3D('',#1010,#1011,#1012);
#1010 = CARTESIAN_POINT('',(0.45,-4.95,0.));
#1011 = DIRECTION('',(-0.,-0.,-1.));
#1012 = DIRECTION('',(0.,-1.,0.));
#1013 = CYLINDRICAL_SURFACE('',#1014,0.3);
#1014 = AXIS2_PLACEMENT_3D('',#1015,#1016,#1017);
#1015 = CARTESIAN_POINT('',(0.45,-4.95,0.));
#1016 = DIRECTION('',(0.,0.,1.));
#1017 = DIRECTION('',(0.,-1.,0.));
#1018 = ADVANCED_FACE('',(#1019),#1038,.T.);
#1019 = FACE_BOUND('',#1020,.T.);
#1020 = EDGE_LOOP('',(#1021,#1030,#1036,#1037));
#1021 = ORIENTED_EDGE('',*,*,#1022,.T.);
#1022 = EDGE_CURVE('',#969,#1023,#1025,.T.);
#1023 = VERTEX_POINT('',#1024);
#1024 = CARTESIAN_POINT('',(6.15,-4.95,0.));
#1025 = CIRCLE('',#1026,0.3);
#1026 = AXIS2_PLACEMENT_3D('',#1027,#1028,#1029);
#1027 = CARTESIAN_POINT('',(5.85,-4.95,0.));
#1028 = DIRECTION('',(-0.,0.,1.));
#1029 = DIRECTION('',(0.,-1.,0.));
#1030 = ORIENTED_EDGE('',*,*,#1031,.T.);
#1031 = EDGE_CURVE('',#1023,#727,#1032,.T.);
#1032 = LINE('',#1033,#1034);
#1033 = CARTESIAN_POINT('',(6.15,-4.95,0.));
#1034 = VECTOR('',#1035,1.);
#1035 = DIRECTION('',(0.,0.,1.));
#1036 = ORIENTED_EDGE('',*,*,#726,.F.);
#1037 = ORIENTED_EDGE('',*,*,#983,.F.);
#1038 = CYLINDRICAL_SURFACE('',#1039,0.3);
#1039 = AXIS2_PLACEMENT_3D('',#1040,#1041,#1042);
#1040 = CARTESIAN_POINT('',(5.85,-4.95,0.));
#1041 = DIRECTION('',(0.,0.,1.));
#1042 = DIRECTION('',(0.,-1.,0.));
#1043 = ADVANCED_FACE('',(#1044),#1126,.F.);
#1044 = FACE_BOUND('',#1045,.F.);
#1045 = EDGE_LOOP('',(#1046,#1056,#1062,#1063,#1064,#1072,#1080,#1088,
    #1096,#1104,#1112,#1120));
#1046 = ORIENTED_EDGE('',*,*,#1047,.F.);
#1047 = EDGE_CURVE('',#1048,#1050,#1052,.T.);
#1048 = VERTEX_POINT('',#1049);
#1049 = CARTESIAN_POINT('',(0.15,0.45,0.));
#1050 = VERTEX_POINT('',#1051);
#1051 = CARTESIAN_POINT('',(0.15,0.35,0.));
#1052 = LINE('',#1053,#1054);
#1053 = CARTESIAN_POINT('',(0.15,0.75,0.));
#1054 = VECTOR('',#1055,1.);
#1055 = DIRECTION('',(0.,-1.,0.));
#1056 = ORIENTED_EDGE('',*,*,#1057,.T.);
#1057 = EDGE_CURVE('',#1048,#752,#1058,.T.);
#1058 = LINE('',#1059,#1060);
#1059 = CARTESIAN_POINT('',(0.15,0.45,0.));
#1060 = VECTOR('',#1061,1.);
#1061 = DIRECTION('',(0.,0.,1.));
#1062 = ORIENTED_EDGE('',*,*,#751,.T.);
#1063 = ORIENTED_EDGE('',*,*,#999,.F.);
#1064 = ORIENTED_EDGE('',*,*,#1065,.F.);
#1065 = EDGE_CURVE('',#1066,#1000,#1068,.T.);
#1066 = VERTEX_POINT('',#1067);
#1067 = CARTESIAN_POINT('',(0.15,-4.85,0.));
#1068 = LINE('',#1069,#1070);
#1069 = CARTESIAN_POINT('',(0.15,0.75,0.));
#1070 = VECTOR('',#1071,1.);
#1071 = DIRECTION('',(0.,-1.,0.));
#1072 = ORIENTED_EDGE('',*,*,#1073,.F.);
#1073 = EDGE_CURVE('',#1074,#1066,#1076,.T.);
#1074 = VERTEX_POINT('',#1075);
#1075 = CARTESIAN_POINT('',(0.15,-4.85,1.5));
#1076 = LINE('',#1077,#1078);
#1077 = CARTESIAN_POINT('',(0.15,-4.85,1.5));
#1078 = VECTOR('',#1079,1.);
#1079 = DIRECTION('',(0.,5.551115123126E-16,-1.));
#1080 = ORIENTED_EDGE('',*,*,#1081,.T.);
#1081 = EDGE_CURVE('',#1074,#1082,#1084,.T.);
#1082 = VERTEX_POINT('',#1083);
#1083 = CARTESIAN_POINT('',(0.15,-4.15,1.5));
#1084 = LINE('',#1085,#1086);
#1085 = CARTESIAN_POINT('',(0.15,-4.85,1.5));
#1086 = VECTOR('',#1087,1.);
#1087 = DIRECTION('',(0.,1.,3.330669073875E-16));
#1088 = ORIENTED_EDGE('',*,*,#1089,.T.);
#1089 = EDGE_CURVE('',#1082,#1090,#1092,.T.);
#1090 = VERTEX_POINT('',#1091);
#1091 = CARTESIAN_POINT('',(0.15,-4.15,0.));
#1092 = LINE('',#1093,#1094);
#1093 = CARTESIAN_POINT('',(0.15,-4.15,1.5));
#1094 = VECTOR('',#1095,1.);
#1095 = DIRECTION('',(0.,5.551115123126E-16,-1.));
#1096 = ORIENTED_EDGE('',*,*,#1097,.F.);
#1097 = EDGE_CURVE('',#1098,#1090,#1100,.T.);
#1098 = VERTEX_POINT('',#1099);
#1099 = CARTESIAN_POINT('',(0.15,-0.35,0.));
#1100 = LINE('',#1101,#1102);
#1101 = CARTESIAN_POINT('',(0.15,0.75,0.));
#1102 = VECTOR('',#1103,1.);
#1103 = DIRECTION('',(0.,-1.,0.));
#1104 = ORIENTED_EDGE('',*,*,#1105,.F.);
#1105 = EDGE_CURVE('',#1106,#1098,#1108,.T.);
#1106 = VERTEX_POINT('',#1107);
#1107 = CARTESIAN_POINT('',(0.15,-0.35,1.5));
#1108 = LINE('',#1109,#1110);
#1109 = CARTESIAN_POINT('',(0.15,-0.35,1.5));
#1110 = VECTOR('',#1111,1.);
#1111 = DIRECTION('',(0.,5.551115123126E-16,-1.));
#1112 = ORIENTED_EDGE('',*,*,#1113,.T.);
#1113 = EDGE_CURVE('',#1106,#1114,#1116,.T.);
#1114 = VERTEX_POINT('',#1115);
#1115 = CARTESIAN_POINT('',(0.15,0.35,1.5));
#1116 = LINE('',#1117,#1118);
#1117 = CARTESIAN_POINT('',(0.15,-0.35,1.5));
#1118 = VECTOR('',#1119,1.);
#1119 = DIRECTION('',(0.,1.,3.330669073875E-16));
#1120 = ORIENTED_EDGE('',*,*,#1121,.T.);
#1121 = EDGE_CURVE('',#1114,#1050,#1122,.T.);
#1122 = LINE('',#1123,#1124);
#1123 = CARTESIAN_POINT('',(0.15,0.35,1.5));
#1124 = VECTOR('',#1125,1.);
#1125 = DIRECTION('',(0.,5.551115123126E-16,-1.));
#1126 = PLANE('',#1127);
#1127 = AXIS2_PLACEMENT_3D('',#1128,#1129,#1130);
#1128 = CARTESIAN_POINT('',(0.15,0.75,0.));
#1129 = DIRECTION('',(1.,0.,0.));
#1130 = DIRECTION('',(0.,-1.,0.));
#1131 = ADVANCED_FACE('',(#1132),#1214,.F.);
#1132 = FACE_BOUND('',#1133,.F.);
#1133 = EDGE_LOOP('',(#1134,#1142,#1143,#1144,#1152,#1160,#1168,#1176,
    #1184,#1192,#1200,#1208));
#1134 = ORIENTED_EDGE('',*,*,#1135,.F.);
#1135 = EDGE_CURVE('',#1023,#1136,#1138,.T.);
#1136 = VERTEX_POINT('',#1137);
#1137 = CARTESIAN_POINT('',(6.15,-4.85,0.));
#1138 = LINE('',#1139,#1140);
#1139 = CARTESIAN_POINT('',(6.15,-5.25,0.));
#1140 = VECTOR('',#1141,1.);
#1141 = DIRECTION('',(0.,1.,0.));
#1142 = ORIENTED_EDGE('',*,*,#1031,.T.);
#1143 = ORIENTED_EDGE('',*,*,#775,.T.);
#1144 = ORIENTED_EDGE('',*,*,#1145,.F.);
#1145 = EDGE_CURVE('',#1146,#776,#1148,.T.);
#1146 = VERTEX_POINT('',#1147);
#1147 = CARTESIAN_POINT('',(6.15,0.45,0.));
#1148 = LINE('',#1149,#1150);
#1149 = CARTESIAN_POINT('',(6.15,0.45,0.));
#1150 = VECTOR('',#1151,1.);
#1151 = DIRECTION('',(0.,0.,1.));
#1152 = ORIENTED_EDGE('',*,*,#1153,.F.);
#1153 = EDGE_CURVE('',#1154,#1146,#1156,.T.);
#1154 = VERTEX_POINT('',#1155);
#1155 = CARTESIAN_POINT('',(6.15,0.35,0.));
#1156 = LINE('',#1157,#1158);
#1157 = CARTESIAN_POINT('',(6.15,-5.25,0.));
#1158 = VECTOR('',#1159,1.);
#1159 = DIRECTION('',(0.,1.,0.));
#1160 = ORIENTED_EDGE('',*,*,#1161,.F.);
#1161 = EDGE_CURVE('',#1162,#1154,#1164,.T.);
#1162 = VERTEX_POINT('',#1163);
#1163 = CARTESIAN_POINT('',(6.15,0.35,1.5));
#1164 = LINE('',#1165,#1166);
#1165 = CARTESIAN_POINT('',(6.15,0.35,1.5));
#1166 = VECTOR('',#1167,1.);
#1167 = DIRECTION('',(0.,5.551115123126E-16,-1.));
#1168 = ORIENTED_EDGE('',*,*,#1169,.F.);
#1169 = EDGE_CURVE('',#1170,#1162,#1172,.T.);
#1170 = VERTEX_POINT('',#1171);
#1171 = CARTESIAN_POINT('',(6.15,-0.35,1.5));
#1172 = LINE('',#1173,#1174);
#1173 = CARTESIAN_POINT('',(6.15,-0.35,1.5));
#1174 = VECTOR('',#1175,1.);
#1175 = DIRECTION('',(0.,1.,3.330669073875E-16));
#1176 = ORIENTED_EDGE('',*,*,#1177,.T.);
#1177 = EDGE_CURVE('',#1170,#1178,#1180,.T.);
#1178 = VERTEX_POINT('',#1179);
#1179 = CARTESIAN_POINT('',(6.15,-0.35,0.));
#1180 = LINE('',#1181,#1182);
#1181 = CARTESIAN_POINT('',(6.15,-0.35,1.5));
#1182 = VECTOR('',#1183,1.);
#1183 = DIRECTION('',(0.,5.551115123126E-16,-1.));
#1184 = ORIENTED_EDGE('',*,*,#1185,.F.);
#1185 = EDGE_CURVE('',#1186,#1178,#1188,.T.);
#1186 = VERTEX_POINT('',#1187);
#1187 = CARTESIAN_POINT('',(6.15,-4.15,0.));
#1188 = LINE('',#1189,#1190);
#1189 = CARTESIAN_POINT('',(6.15,-5.25,0.));
#1190 = VECTOR('',#1191,1.);
#1191 = DIRECTION('',(0.,1.,0.));
#1192 = ORIENTED_EDGE('',*,*,#1193,.F.);
#1193 = EDGE_CURVE('',#1194,#1186,#1196,.T.);
#1194 = VERTEX_POINT('',#1195);
#1195 = CARTESIAN_POINT('',(6.15,-4.15,1.5));
#1196 = LINE('',#1197,#1198);
#1197 = CARTESIAN_POINT('',(6.15,-4.15,1.5));
#1198 = VECTOR('',#1199,1.);
#1199 = DIRECTION('',(0.,5.551115123126E-16,-1.));
#1200 = ORIENTED_EDGE('',*,*,#1201,.F.);
#1201 = EDGE_CURVE('',#1202,#1194,#1204,.T.);
#1202 = VERTEX_POINT('',#1203);
#1203 = CARTESIAN_POINT('',(6.15,-4.85,1.5));
#1204 = LINE('',#1205,#1206);
#1205 = CARTESIAN_POINT('',(6.15,-4.85,1.5));
#1206 = VECTOR('',#1207,1.);
#1207 = DIRECTION('',(0.,1.,3.330669073875E-16));
#1208 = ORIENTED_EDGE('',*,*,#1209,.T.);
#1209 = EDGE_CURVE('',#1202,#1136,#1210,.T.);
#1210 = LINE('',#1211,#1212);
#1211 = CARTESIAN_POINT('',(6.15,-4.85,1.5));
#1212 = VECTOR('',#1213,1.);
#1213 = DIRECTION('',(0.,5.551115123126E-16,-1.));
#1214 = PLANE('',#1215);
#1215 = AXIS2_PLACEMENT_3D('',#1216,#1217,#1218);
#1216 = CARTESIAN_POINT('',(6.15,-5.25,0.));
#1217 = DIRECTION('',(-1.,0.,0.));
#1218 = DIRECTION('',(0.,1.,0.));
#1219 = ADVANCED_FACE('',(#1220),#1239,.T.);
#1220 = FACE_BOUND('',#1221,.T.);
#1221 = EDGE_LOOP('',(#1222,#1231,#1232,#1233));
#1222 = ORIENTED_EDGE('',*,*,#1223,.T.);
#1223 = EDGE_CURVE('',#1224,#1048,#1226,.T.);
#1224 = VERTEX_POINT('',#1225);
#1225 = CARTESIAN_POINT('',(0.45,0.75,0.));
#1226 = CIRCLE('',#1227,0.3);
#1227 = AXIS2_PLACEMENT_3D('',#1228,#1229,#1230);
#1228 = CARTESIAN_POINT('',(0.45,0.45,0.));
#1229 = DIRECTION('',(-0.,0.,1.));
#1230 = DIRECTION('',(0.,-1.,0.));
#1231 = ORIENTED_EDGE('',*,*,#1057,.T.);
#1232 = ORIENTED_EDGE('',*,*,#799,.F.);
#1233 = ORIENTED_EDGE('',*,*,#1234,.F.);
#1234 = EDGE_CURVE('',#1224,#800,#1235,.T.);
#1235 = LINE('',#1236,#1237);
#1236 = CARTESIAN_POINT('',(0.45,0.75,0.));
#1237 = VECTOR('',#1238,1.);
#1238 = DIRECTION('',(0.,0.,1.));
#1239 = CYLINDRICAL_SURFACE('',#1240,0.3);
#1240 = AXIS2_PLACEMENT_3D('',#1241,#1242,#1243);
#1241 = CARTESIAN_POINT('',(0.45,0.45,0.));
#1242 = DIRECTION('',(0.,0.,1.));
#1243 = DIRECTION('',(0.,1.,0.));
#1244 = ADVANCED_FACE('',(#1245),#1264,.T.);
#1245 = FACE_BOUND('',#1246,.T.);
#1246 = EDGE_LOOP('',(#1247,#1256,#1262,#1263));
#1247 = ORIENTED_EDGE('',*,*,#1248,.T.);
#1248 = EDGE_CURVE('',#1146,#1249,#1251,.T.);
#1249 = VERTEX_POINT('',#1250);
#1250 = CARTESIAN_POINT('',(5.85,0.75,0.));
#1251 = CIRCLE('',#1252,0.3);
#1252 = AXIS2_PLACEMENT_3D('',#1253,#1254,#1255);
#1253 = CARTESIAN_POINT('',(5.85,0.45,0.));
#1254 = DIRECTION('',(-0.,0.,1.));
#1255 = DIRECTION('',(0.,-1.,0.));
#1256 = ORIENTED_EDGE('',*,*,#1257,.T.);
#1257 = EDGE_CURVE('',#1249,#825,#1258,.T.);
#1258 = LINE('',#1259,#1260);
#1259 = CARTESIAN_POINT('',(5.85,0.75,0.));
#1260 = VECTOR('',#1261,1.);
#1261 = DIRECTION('',(0.,0.,1.));
#1262 = ORIENTED_EDGE('',*,*,#824,.F.);
#1263 = ORIENTED_EDGE('',*,*,#1145,.F.);
#1264 = CYLINDRICAL_SURFACE('',#1265,0.3);
#1265 = AXIS2_PLACEMENT_3D('',#1266,#1267,#1268);
#1266 = CARTESIAN_POINT('',(5.85,0.45,0.));
#1267 = DIRECTION('',(0.,0.,1.));
#1268 = DIRECTION('',(1.,0.,-0.));
#1269 = ADVANCED_FACE('',(#1270),#1281,.F.);
#1270 = FACE_BOUND('',#1271,.F.);
#1271 = EDGE_LOOP('',(#1272,#1278,#1279,#1280));
#1272 = ORIENTED_EDGE('',*,*,#1273,.F.);
#1273 = EDGE_CURVE('',#1249,#1224,#1274,.T.);
#1274 = LINE('',#1275,#1276);
#1275 = CARTESIAN_POINT('',(6.15,0.75,0.));
#1276 = VECTOR('',#1277,1.);
#1277 = DIRECTION('',(-1.,0.,0.));
#1278 = ORIENTED_EDGE('',*,*,#1257,.T.);
#1279 = ORIENTED_EDGE('',*,*,#849,.T.);
#1280 = ORIENTED_EDGE('',*,*,#1234,.F.);
#1281 = PLANE('',#1282);
#1282 = AXIS2_PLACEMENT_3D('',#1283,#1284,#1285);
#1283 = CARTESIAN_POINT('',(6.15,0.75,0.));
#1284 = DIRECTION('',(0.,-1.,0.));
#1285 = DIRECTION('',(-1.,0.,0.));
#1286 = ADVANCED_FACE('',(#1287),#1290,.F.);
#1287 = FACE_BOUND('',#1288,.T.);
#1288 = EDGE_LOOP('',(#1289));
#1289 = ORIENTED_EDGE('',*,*,#874,.T.);
#1290 = PLANE('',#1291);
#1291 = AXIS2_PLACEMENT_3D('',#1292,#1293,#1294);
#1292 = CARTESIAN_POINT('',(5.65,-4.25,4.1));
#1293 = DIRECTION('',(0.,0.,-1.));
#1294 = DIRECTION('',(-1.,0.,0.));
#1295 = ADVANCED_FACE('',(#1296),#1316,.T.);
#1296 = FACE_BOUND('',#1297,.T.);
#1297 = EDGE_LOOP('',(#1298,#1299,#1308,#1315));
#1298 = ORIENTED_EDGE('',*,*,#899,.T.);
#1299 = ORIENTED_EDGE('',*,*,#1300,.F.);
#1300 = EDGE_CURVE('',#1301,#892,#1303,.T.);
#1301 = VERTEX_POINT('',#1302);
#1302 = CARTESIAN_POINT('',(4.8,-2.25,4.3));
#1303 = CIRCLE('',#1304,0.1);
#1304 = AXIS2_PLACEMENT_3D('',#1305,#1306,#1307);
#1305 = CARTESIAN_POINT('',(4.8,-2.25,4.2));
#1306 = DIRECTION('',(-0.,1.,0.));
#1307 = DIRECTION('',(1.,0.,0.));
#1308 = ORIENTED_EDGE('',*,*,#1309,.F.);
#1309 = EDGE_CURVE('',#1301,#1301,#1310,.T.);
#1310 = CIRCLE('',#1311,1.65);
#1311 = AXIS2_PLACEMENT_3D('',#1312,#1313,#1314);
#1312 = CARTESIAN_POINT('',(3.15,-2.25,4.3));
#1313 = DIRECTION('',(0.,0.,1.));
#1314 = DIRECTION('',(1.,0.,-0.));
#1315 = ORIENTED_EDGE('',*,*,#1300,.T.);
#1316 = TOROIDAL_SURFACE('',#1317,1.65,0.1);
#1317 = AXIS2_PLACEMENT_3D('',#1318,#1319,#1320);
#1318 = CARTESIAN_POINT('',(3.15,-2.25,4.2));
#1319 = DIRECTION('',(0.,0.,-1.));
#1320 = DIRECTION('',(1.,0.,0.));
#1321 = ADVANCED_FACE('',(#1322),#1325,.F.);
#1322 = FACE_BOUND('',#1323,.T.);
#1323 = EDGE_LOOP('',(#1324));
#1324 = ORIENTED_EDGE('',*,*,#924,.T.);
#1325 = PLANE('',#1326);
#1326 = AXIS2_PLACEMENT_3D('',#1327,#1328,#1329);
#1327 = CARTESIAN_POINT('',(1.65,-0.25,4.1));
#1328 = DIRECTION('',(0.,0.,-1.));
#1329 = DIRECTION('',(-1.,0.,0.));
#1330 = ADVANCED_FACE('',(#1331),#1334,.F.);
#1331 = FACE_BOUND('',#1332,.T.);
#1332 = EDGE_LOOP('',(#1333));
#1333 = ORIENTED_EDGE('',*,*,#949,.T.);
#1334 = PLANE('',#1335);
#1335 = AXIS2_PLACEMENT_3D('',#1336,#1337,#1338);
#1336 = CARTESIAN_POINT('',(5.65,-0.25,4.1));
#1337 = DIRECTION('',(0.,0.,-1.));
#1338 = DIRECTION('',(-1.,0.,0.));
#1339 = ADVANCED_FACE('',(#1340),#1378,.T.);
#1340 = FACE_BOUND('',#1341,.T.);
#1341 = EDGE_LOOP('',(#1342,#1343,#1344,#1345,#1351,#1352,#1358,#1359,
    #1360,#1361,#1362,#1363,#1369,#1370,#1376,#1377));
#1342 = ORIENTED_EDGE('',*,*,#966,.F.);
#1343 = ORIENTED_EDGE('',*,*,#1007,.T.);
#1344 = ORIENTED_EDGE('',*,*,#1065,.F.);
#1345 = ORIENTED_EDGE('',*,*,#1346,.F.);
#1346 = EDGE_CURVE('',#1090,#1066,#1347,.T.);
#1347 = LINE('',#1348,#1349);
#1348 = CARTESIAN_POINT('',(0.15,0.75,0.));
#1349 = VECTOR('',#1350,1.);
#1350 = DIRECTION('',(0.,-1.,0.));
#1351 = ORIENTED_EDGE('',*,*,#1097,.F.);
#1352 = ORIENTED_EDGE('',*,*,#1353,.F.);
#1353 = EDGE_CURVE('',#1050,#1098,#1354,.T.);
#1354 = LINE('',#1355,#1356);
#1355 = CARTESIAN_POINT('',(0.15,0.75,0.));
#1356 = VECTOR('',#1357,1.);
#1357 = DIRECTION('',(0.,-1.,0.));
#1358 = ORIENTED_EDGE('',*,*,#1047,.F.);
#1359 = ORIENTED_EDGE('',*,*,#1223,.F.);
#1360 = ORIENTED_EDGE('',*,*,#1273,.F.);
#1361 = ORIENTED_EDGE('',*,*,#1248,.F.);
#1362 = ORIENTED_EDGE('',*,*,#1153,.F.);
#1363 = ORIENTED_EDGE('',*,*,#1364,.F.);
#1364 = EDGE_CURVE('',#1178,#1154,#1365,.T.);
#1365 = LINE('',#1366,#1367);
#1366 = CARTESIAN_POINT('',(6.15,-5.25,0.));
#1367 = VECTOR('',#1368,1.);
#1368 = DIRECTION('',(0.,1.,0.));
#1369 = ORIENTED_EDGE('',*,*,#1185,.F.);
#1370 = ORIENTED_EDGE('',*,*,#1371,.F.);
#1371 = EDGE_CURVE('',#1136,#1186,#1372,.T.);
#1372 = LINE('',#1373,#1374);
#1373 = CARTESIAN_POINT('',(6.15,-5.25,0.));
#1374 = VECTOR('',#1375,1.);
#1375 = DIRECTION('',(0.,1.,0.));
#1376 = ORIENTED_EDGE('',*,*,#1135,.F.);
#1377 = ORIENTED_EDGE('',*,*,#1022,.F.);
#1378 = PLANE('',#1379);
#1379 = AXIS2_PLACEMENT_3D('',#1380,#1381,#1382);
#1380 = CARTESIAN_POINT('',(0.15,-5.25,0.));
#1381 = DIRECTION('',(0.,0.,-1.));
#1382 = DIRECTION('',(-1.,0.,0.));
#1383 = ADVANCED_FACE('',(#1384),#1528,.F.);
#1384 = FACE_BOUND('',#1385,.F.);
#1385 = EDGE_LOOP('',(#1386,#1396,#1405,#1413,#1422,#1430,#1438,#1446,
    #1455,#1463,#1472,#1480,#1489,#1495,#1496,#1504,#1513,#1521));
#1386 = ORIENTED_EDGE('',*,*,#1387,.T.);
#1387 = EDGE_CURVE('',#1388,#1390,#1392,.T.);
#1388 = VERTEX_POINT('',#1389);
#1389 = CARTESIAN_POINT('',(-0.162230377286,0.35,-0.540767924286));
#1390 = VERTEX_POINT('',#1391);
#1391 = CARTESIAN_POINT('',(-0.425000733956,0.35,-1.416669113186));
#1392 = LINE('',#1393,#1394);
#1393 = CARTESIAN_POINT('',(-0.15,0.35,-0.5));
#1394 = VECTOR('',#1395,1.);
#1395 = DIRECTION('',(-0.287347885566,5.31700397722E-16,-0.957826285221)
  );
#1396 = ORIENTED_EDGE('',*,*,#1397,.T.);
#1397 = EDGE_CURVE('',#1390,#1398,#1400,.T.);
#1398 = VERTEX_POINT('',#1399);
#1399 = CARTESIAN_POINT('',(-0.425000733956,0.35,-1.583330886814));
#1400 = CIRCLE('',#1401,0.29);
#1401 = AXIS2_PLACEMENT_3D('',#1402,#1403,#1404);
#1402 = CARTESIAN_POINT('',(-0.147231111242,0.35,-1.5));
#1403 = DIRECTION('',(0.,-1.,-3.330669073875E-16));
#1404 = DIRECTION('',(0.,-3.330669073875E-16,1.));
#1405 = ORIENTED_EDGE('',*,*,#1406,.T.);
#1406 = EDGE_CURVE('',#1398,#1407,#1409,.T.);
#1407 = VERTEX_POINT('',#1408);
#1408 = CARTESIAN_POINT('',(-0.162230377286,0.35,-2.459232075714));
#1409 = LINE('',#1410,#1411);
#1410 = CARTESIAN_POINT('',(-0.45,0.35,-1.5));
#1411 = VECTOR('',#1412,1.);
#1412 = DIRECTION('',(0.287347885566,5.31700397722E-16,-0.957826285221)
  );
#1413 = ORIENTED_EDGE('',*,*,#1414,.F.);
#1414 = EDGE_CURVE('',#1415,#1407,#1417,.T.);
#1415 = VERTEX_POINT('',#1416);
#1416 = CARTESIAN_POINT('',(-0.15,0.35,-2.542562962528));
#1417 = CIRCLE('',#1418,0.29);
#1418 = AXIS2_PLACEMENT_3D('',#1419,#1420,#1421);
#1419 = CARTESIAN_POINT('',(-0.44,0.35,-2.542562962528));
#1420 = DIRECTION('',(0.,-1.,-3.330669073875E-16));
#1421 = DIRECTION('',(0.,-3.330669073875E-16,1.));
#1422 = ORIENTED_EDGE('',*,*,#1423,.F.);
#1423 = EDGE_CURVE('',#1424,#1415,#1426,.T.);
#1424 = VERTEX_POINT('',#1425);
#1425 = CARTESIAN_POINT('',(-0.15,0.35,-3.5));
#1426 = LINE('',#1427,#1428);
#1427 = CARTESIAN_POINT('',(-0.15,0.35,-3.5));
#1428 = VECTOR('',#1429,1.);
#1429 = DIRECTION('',(0.,-5.551115123126E-16,1.));
#1430 = ORIENTED_EDGE('',*,*,#1431,.F.);
#1431 = EDGE_CURVE('',#1432,#1424,#1434,.T.);
#1432 = VERTEX_POINT('',#1433);
#1433 = CARTESIAN_POINT('',(0.15,0.35,-3.5));
#1434 = LINE('',#1435,#1436);
#1435 = CARTESIAN_POINT('',(0.15,0.35,-3.5));
#1436 = VECTOR('',#1437,1.);
#1437 = DIRECTION('',(-1.,-0.,0.));
#1438 = ORIENTED_EDGE('',*,*,#1439,.F.);
#1439 = EDGE_CURVE('',#1440,#1432,#1442,.T.);
#1440 = VERTEX_POINT('',#1441);
#1441 = CARTESIAN_POINT('',(0.15,0.35,-2.542562962528));
#1442 = LINE('',#1443,#1444);
#1443 = CARTESIAN_POINT('',(0.15,0.35,-2.5));
#1444 = VECTOR('',#1445,1.);
#1445 = DIRECTION('',(0.,5.551115123126E-16,-1.));
#1446 = ORIENTED_EDGE('',*,*,#1447,.F.);
#1447 = EDGE_CURVE('',#1448,#1440,#1450,.T.);
#1448 = VERTEX_POINT('',#1449);
#1449 = CARTESIAN_POINT('',(0.137769622714,0.35,-2.459232075714));
#1450 = CIRCLE('',#1451,0.29);
#1451 = AXIS2_PLACEMENT_3D('',#1452,#1453,#1454);
#1452 = CARTESIAN_POINT('',(-0.14,0.35,-2.542562962528));
#1453 = DIRECTION('',(-0.,1.,3.330669073875E-16));
#1454 = DIRECTION('',(0.,-3.330669073875E-16,1.));
#1455 = ORIENTED_EDGE('',*,*,#1456,.T.);
#1456 = EDGE_CURVE('',#1448,#1457,#1459,.T.);
#1457 = VERTEX_POINT('',#1458);
#1458 = CARTESIAN_POINT('',(-0.125000733956,0.35,-1.583330886814));
#1459 = LINE('',#1460,#1461);
#1460 = CARTESIAN_POINT('',(0.15,0.35,-2.5));
#1461 = VECTOR('',#1462,1.);
#1462 = DIRECTION('',(-0.287347885566,-5.31700397722E-16,0.957826285221)
  );
#1463 = ORIENTED_EDGE('',*,*,#1464,.F.);
#1464 = EDGE_CURVE('',#1465,#1457,#1467,.T.);
#1465 = VERTEX_POINT('',#1466);
#1466 = CARTESIAN_POINT('',(-0.125000733956,0.35,-1.416669113186));
#1467 = CIRCLE('',#1468,0.29);
#1468 = AXIS2_PLACEMENT_3D('',#1469,#1470,#1471);
#1469 = CARTESIAN_POINT('',(0.152768888758,0.35,-1.5));
#1470 = DIRECTION('',(0.,-1.,-3.330669073875E-16));
#1471 = DIRECTION('',(0.,-3.330669073875E-16,1.));
#1472 = ORIENTED_EDGE('',*,*,#1473,.T.);
#1473 = EDGE_CURVE('',#1465,#1474,#1476,.T.);
#1474 = VERTEX_POINT('',#1475);
#1475 = CARTESIAN_POINT('',(0.137769622714,0.35,-0.540767924286));
#1476 = LINE('',#1477,#1478);
#1477 = CARTESIAN_POINT('',(-0.15,0.35,-1.5));
#1478 = VECTOR('',#1479,1.);
#1479 = DIRECTION('',(0.287347885566,-5.31700397722E-16,0.957826285221)
  );
#1480 = ORIENTED_EDGE('',*,*,#1481,.F.);
#1481 = EDGE_CURVE('',#1482,#1474,#1484,.T.);
#1482 = VERTEX_POINT('',#1483);
#1483 = CARTESIAN_POINT('',(0.15,0.35,-0.457437037472));
#1484 = CIRCLE('',#1485,0.29);
#1485 = AXIS2_PLACEMENT_3D('',#1486,#1487,#1488);
#1486 = CARTESIAN_POINT('',(-0.14,0.35,-0.457437037472));
#1487 = DIRECTION('',(-0.,1.,3.330669073875E-16));
#1488 = DIRECTION('',(0.,-3.330669073875E-16,1.));
#1489 = ORIENTED_EDGE('',*,*,#1490,.F.);
#1490 = EDGE_CURVE('',#1050,#1482,#1491,.T.);
#1491 = LINE('',#1492,#1493);
#1492 = CARTESIAN_POINT('',(0.15,0.35,1.5));
#1493 = VECTOR('',#1494,1.);
#1494 = DIRECTION('',(0.,5.551115123126E-16,-1.));
#1495 = ORIENTED_EDGE('',*,*,#1121,.F.);
#1496 = ORIENTED_EDGE('',*,*,#1497,.F.);
#1497 = EDGE_CURVE('',#1498,#1114,#1500,.T.);
#1498 = VERTEX_POINT('',#1499);
#1499 = CARTESIAN_POINT('',(0.14,0.35,1.5));
#1500 = LINE('',#1501,#1502);
#1501 = CARTESIAN_POINT('',(-0.15,0.35,1.5));
#1502 = VECTOR('',#1503,1.);
#1503 = DIRECTION('',(1.,0.,0.));
#1504 = ORIENTED_EDGE('',*,*,#1505,.F.);
#1505 = EDGE_CURVE('',#1506,#1498,#1508,.T.);
#1506 = VERTEX_POINT('',#1507);
#1507 = CARTESIAN_POINT('',(-0.15,0.35,1.21));
#1508 = CIRCLE('',#1509,0.29);
#1509 = AXIS2_PLACEMENT_3D('',#1510,#1511,#1512);
#1510 = CARTESIAN_POINT('',(0.14,0.35,1.21));
#1511 = DIRECTION('',(-0.,1.,3.330669073875E-16));
#1512 = DIRECTION('',(0.,-3.330669073875E-16,1.));
#1513 = ORIENTED_EDGE('',*,*,#1514,.F.);
#1514 = EDGE_CURVE('',#1515,#1506,#1517,.T.);
#1515 = VERTEX_POINT('',#1516);
#1516 = CARTESIAN_POINT('',(-0.15,0.35,-0.457437037472));
#1517 = LINE('',#1518,#1519);
#1518 = CARTESIAN_POINT('',(-0.15,0.35,-0.5));
#1519 = VECTOR('',#1520,1.);
#1520 = DIRECTION('',(0.,-5.551115123126E-16,1.));
#1521 = ORIENTED_EDGE('',*,*,#1522,.F.);
#1522 = EDGE_CURVE('',#1388,#1515,#1523,.T.);
#1523 = CIRCLE('',#1524,0.29);
#1524 = AXIS2_PLACEMENT_3D('',#1525,#1526,#1527);
#1525 = CARTESIAN_POINT('',(-0.44,0.35,-0.457437037472));
#1526 = DIRECTION('',(0.,-1.,-3.330669073875E-16));
#1527 = DIRECTION('',(0.,-3.330669073875E-16,1.));
#1528 = PLANE('',#1529);
#1529 = AXIS2_PLACEMENT_3D('',#1530,#1531,#1532);
#1530 = CARTESIAN_POINT('',(-0.15,0.35,-0.5));
#1531 = DIRECTION('',(1.64346021921E-31,-1.,-5.551115123126E-16));
#1532 = DIRECTION('',(0.,5.551115123126E-16,-1.));
#1533 = ADVANCED_FACE('',(#1534),#1552,.F.);
#1534 = FACE_BOUND('',#1535,.F.);
#1535 = EDGE_LOOP('',(#1536,#1544,#1550,#1551));
#1536 = ORIENTED_EDGE('',*,*,#1537,.F.);
#1537 = EDGE_CURVE('',#1538,#1106,#1540,.T.);
#1538 = VERTEX_POINT('',#1539);
#1539 = CARTESIAN_POINT('',(0.14,-0.35,1.5));
#1540 = LINE('',#1541,#1542);
#1541 = CARTESIAN_POINT('',(-0.15,-0.35,1.5));
#1542 = VECTOR('',#1543,1.);
#1543 = DIRECTION('',(1.,0.,0.));
#1544 = ORIENTED_EDGE('',*,*,#1545,.T.);
#1545 = EDGE_CURVE('',#1538,#1498,#1546,.T.);
#1546 = LINE('',#1547,#1548);
#1547 = CARTESIAN_POINT('',(0.14,-0.35,1.5));
#1548 = VECTOR('',#1549,1.);
#1549 = DIRECTION('',(0.,1.,3.330669073875E-16));
#1550 = ORIENTED_EDGE('',*,*,#1497,.T.);
#1551 = ORIENTED_EDGE('',*,*,#1113,.F.);
#1552 = PLANE('',#1553);
#1553 = AXIS2_PLACEMENT_3D('',#1554,#1555,#1556);
#1554 = CARTESIAN_POINT('',(-0.15,-0.35,1.5));
#1555 = DIRECTION('',(0.,3.330669073875E-16,-1.));
#1556 = DIRECTION('',(1.,0.,0.));
#1557 = ADVANCED_FACE('',(#1558),#1695,.T.);
#1558 = FACE_BOUND('',#1559,.T.);
#1559 = EDGE_LOOP('',(#1560,#1570,#1579,#1587,#1596,#1604,#1612,#1620,
    #1629,#1637,#1646,#1654,#1663,#1669,#1670,#1671,#1680,#1688));
#1560 = ORIENTED_EDGE('',*,*,#1561,.T.);
#1561 = EDGE_CURVE('',#1562,#1564,#1566,.T.);
#1562 = VERTEX_POINT('',#1563);
#1563 = CARTESIAN_POINT('',(-0.162230377286,-0.35,-0.540767924286));
#1564 = VERTEX_POINT('',#1565);
#1565 = CARTESIAN_POINT('',(-0.425000733956,-0.35,-1.416669113186));
#1566 = LINE('',#1567,#1568);
#1567 = CARTESIAN_POINT('',(-0.15,-0.35,-0.5));
#1568 = VECTOR('',#1569,1.);
#1569 = DIRECTION('',(-0.287347885566,5.31700397722E-16,-0.957826285221)
  );
#1570 = ORIENTED_EDGE('',*,*,#1571,.T.);
#1571 = EDGE_CURVE('',#1564,#1572,#1574,.T.);
#1572 = VERTEX_POINT('',#1573);
#1573 = CARTESIAN_POINT('',(-0.425000733956,-0.35,-1.583330886814));
#1574 = CIRCLE('',#1575,0.29);
#1575 = AXIS2_PLACEMENT_3D('',#1576,#1577,#1578);
#1576 = CARTESIAN_POINT('',(-0.147231111242,-0.35,-1.5));
#1577 = DIRECTION('',(0.,-1.,-3.330669073875E-16));
#1578 = DIRECTION('',(0.,-3.330669073875E-16,1.));
#1579 = ORIENTED_EDGE('',*,*,#1580,.T.);
#1580 = EDGE_CURVE('',#1572,#1581,#1583,.T.);
#1581 = VERTEX_POINT('',#1582);
#1582 = CARTESIAN_POINT('',(-0.162230377286,-0.35,-2.459232075714));
#1583 = LINE('',#1584,#1585);
#1584 = CARTESIAN_POINT('',(-0.45,-0.35,-1.5));
#1585 = VECTOR('',#1586,1.);
#1586 = DIRECTION('',(0.287347885566,5.31700397722E-16,-0.957826285221)
  );
#1587 = ORIENTED_EDGE('',*,*,#1588,.F.);
#1588 = EDGE_CURVE('',#1589,#1581,#1591,.T.);
#1589 = VERTEX_POINT('',#1590);
#1590 = CARTESIAN_POINT('',(-0.15,-0.35,-2.542562962528));
#1591 = CIRCLE('',#1592,0.29);
#1592 = AXIS2_PLACEMENT_3D('',#1593,#1594,#1595);
#1593 = CARTESIAN_POINT('',(-0.44,-0.35,-2.542562962528));
#1594 = DIRECTION('',(0.,-1.,-3.330669073875E-16));
#1595 = DIRECTION('',(0.,-3.330669073875E-16,1.));
#1596 = ORIENTED_EDGE('',*,*,#1597,.F.);
#1597 = EDGE_CURVE('',#1598,#1589,#1600,.T.);
#1598 = VERTEX_POINT('',#1599);
#1599 = CARTESIAN_POINT('',(-0.15,-0.35,-3.5));
#1600 = LINE('',#1601,#1602);
#1601 = CARTESIAN_POINT('',(-0.15,-0.35,-3.5));
#1602 = VECTOR('',#1603,1.);
#1603 = DIRECTION('',(0.,-5.551115123126E-16,1.));
#1604 = ORIENTED_EDGE('',*,*,#1605,.F.);
#1605 = EDGE_CURVE('',#1606,#1598,#1608,.T.);
#1606 = VERTEX_POINT('',#1607);
#1607 = CARTESIAN_POINT('',(0.15,-0.35,-3.5));
#1608 = LINE('',#1609,#1610);
#1609 = CARTESIAN_POINT('',(0.15,-0.35,-3.5));
#1610 = VECTOR('',#1611,1.);
#1611 = DIRECTION('',(-1.,-0.,0.));
#1612 = ORIENTED_EDGE('',*,*,#1613,.F.);
#1613 = EDGE_CURVE('',#1614,#1606,#1616,.T.);
#1614 = VERTEX_POINT('',#1615);
#1615 = CARTESIAN_POINT('',(0.15,-0.35,-2.542562962528));
#1616 = LINE('',#1617,#1618);
#1617 = CARTESIAN_POINT('',(0.15,-0.35,-2.5));
#1618 = VECTOR('',#1619,1.);
#1619 = DIRECTION('',(0.,5.551115123126E-16,-1.));
#1620 = ORIENTED_EDGE('',*,*,#1621,.F.);
#1621 = EDGE_CURVE('',#1622,#1614,#1624,.T.);
#1622 = VERTEX_POINT('',#1623);
#1623 = CARTESIAN_POINT('',(0.137769622714,-0.35,-2.459232075714));
#1624 = CIRCLE('',#1625,0.29);
#1625 = AXIS2_PLACEMENT_3D('',#1626,#1627,#1628);
#1626 = CARTESIAN_POINT('',(-0.14,-0.35,-2.542562962528));
#1627 = DIRECTION('',(-0.,1.,3.330669073875E-16));
#1628 = DIRECTION('',(0.,-3.330669073875E-16,1.));
#1629 = ORIENTED_EDGE('',*,*,#1630,.T.);
#1630 = EDGE_CURVE('',#1622,#1631,#1633,.T.);
#1631 = VERTEX_POINT('',#1632);
#1632 = CARTESIAN_POINT('',(-0.125000733956,-0.35,-1.583330886814));
#1633 = LINE('',#1634,#1635);
#1634 = CARTESIAN_POINT('',(0.15,-0.35,-2.5));
#1635 = VECTOR('',#1636,1.);
#1636 = DIRECTION('',(-0.287347885566,-5.31700397722E-16,0.957826285221)
  );
#1637 = ORIENTED_EDGE('',*,*,#1638,.F.);
#1638 = EDGE_CURVE('',#1639,#1631,#1641,.T.);
#1639 = VERTEX_POINT('',#1640);
#1640 = CARTESIAN_POINT('',(-0.125000733956,-0.35,-1.416669113186));
#1641 = CIRCLE('',#1642,0.29);
#1642 = AXIS2_PLACEMENT_3D('',#1643,#1644,#1645);
#1643 = CARTESIAN_POINT('',(0.152768888758,-0.35,-1.5));
#1644 = DIRECTION('',(0.,-1.,-3.330669073875E-16));
#1645 = DIRECTION('',(0.,-3.330669073875E-16,1.));
#1646 = ORIENTED_EDGE('',*,*,#1647,.T.);
#1647 = EDGE_CURVE('',#1639,#1648,#1650,.T.);
#1648 = VERTEX_POINT('',#1649);
#1649 = CARTESIAN_POINT('',(0.137769622714,-0.35,-0.540767924286));
#1650 = LINE('',#1651,#1652);
#1651 = CARTESIAN_POINT('',(-0.15,-0.35,-1.5));
#1652 = VECTOR('',#1653,1.);
#1653 = DIRECTION('',(0.287347885566,-5.31700397722E-16,0.957826285221)
  );
#1654 = ORIENTED_EDGE('',*,*,#1655,.F.);
#1655 = EDGE_CURVE('',#1656,#1648,#1658,.T.);
#1656 = VERTEX_POINT('',#1657);
#1657 = CARTESIAN_POINT('',(0.15,-0.35,-0.457437037472));
#1658 = CIRCLE('',#1659,0.29);
#1659 = AXIS2_PLACEMENT_3D('',#1660,#1661,#1662);
#1660 = CARTESIAN_POINT('',(-0.14,-0.35,-0.457437037472));
#1661 = DIRECTION('',(-0.,1.,3.330669073875E-16));
#1662 = DIRECTION('',(0.,-3.330669073875E-16,1.));
#1663 = ORIENTED_EDGE('',*,*,#1664,.F.);
#1664 = EDGE_CURVE('',#1098,#1656,#1665,.T.);
#1665 = LINE('',#1666,#1667);
#1666 = CARTESIAN_POINT('',(0.15,-0.35,1.5));
#1667 = VECTOR('',#1668,1.);
#1668 = DIRECTION('',(0.,5.551115123126E-16,-1.));
#1669 = ORIENTED_EDGE('',*,*,#1105,.F.);
#1670 = ORIENTED_EDGE('',*,*,#1537,.F.);
#1671 = ORIENTED_EDGE('',*,*,#1672,.F.);
#1672 = EDGE_CURVE('',#1673,#1538,#1675,.T.);
#1673 = VERTEX_POINT('',#1674);
#1674 = CARTESIAN_POINT('',(-0.15,-0.35,1.21));
#1675 = CIRCLE('',#1676,0.29);
#1676 = AXIS2_PLACEMENT_3D('',#1677,#1678,#1679);
#1677 = CARTESIAN_POINT('',(0.14,-0.35,1.21));
#1678 = DIRECTION('',(-0.,1.,3.330669073875E-16));
#1679 = DIRECTION('',(0.,-3.330669073875E-16,1.));
#1680 = ORIENTED_EDGE('',*,*,#1681,.F.);
#1681 = EDGE_CURVE('',#1682,#1673,#1684,.T.);
#1682 = VERTEX_POINT('',#1683);
#1683 = CARTESIAN_POINT('',(-0.15,-0.35,-0.457437037472));
#1684 = LINE('',#1685,#1686);
#1685 = CARTESIAN_POINT('',(-0.15,-0.35,-0.5));
#1686 = VECTOR('',#1687,1.);
#1687 = DIRECTION('',(0.,-5.551115123126E-16,1.));
#1688 = ORIENTED_EDGE('',*,*,#1689,.F.);
#1689 = EDGE_CURVE('',#1562,#1682,#1690,.T.);
#1690 = CIRCLE('',#1691,0.29);
#1691 = AXIS2_PLACEMENT_3D('',#1692,#1693,#1694);
#1692 = CARTESIAN_POINT('',(-0.44,-0.35,-0.457437037472));
#1693 = DIRECTION('',(0.,-1.,-3.330669073875E-16));
#1694 = DIRECTION('',(0.,-3.330669073875E-16,1.));
#1695 = PLANE('',#1696);
#1696 = AXIS2_PLACEMENT_3D('',#1697,#1698,#1699);
#1697 = CARTESIAN_POINT('',(-0.15,-0.35,-0.5));
#1698 = DIRECTION('',(1.64346021921E-31,-1.,-5.551115123126E-16));
#1699 = DIRECTION('',(0.,5.551115123126E-16,-1.));
#1700 = ADVANCED_FACE('',(#1701),#1845,.T.);
#1701 = FACE_BOUND('',#1702,.T.);
#1702 = EDGE_LOOP('',(#1703,#1713,#1722,#1730,#1739,#1747,#1755,#1763,
    #1772,#1780,#1789,#1797,#1806,#1812,#1813,#1821,#1830,#1838));
#1703 = ORIENTED_EDGE('',*,*,#1704,.T.);
#1704 = EDGE_CURVE('',#1705,#1707,#1709,.T.);
#1705 = VERTEX_POINT('',#1706);
#1706 = CARTESIAN_POINT('',(-0.162230377286,-4.85,-0.540767924286));
#1707 = VERTEX_POINT('',#1708);
#1708 = CARTESIAN_POINT('',(-0.425000733956,-4.85,-1.416669113186));
#1709 = LINE('',#1710,#1711);
#1710 = CARTESIAN_POINT('',(-0.15,-4.85,-0.5));
#1711 = VECTOR('',#1712,1.);
#1712 = DIRECTION('',(-0.287347885566,5.31700397722E-16,-0.957826285221)
  );
#1713 = ORIENTED_EDGE('',*,*,#1714,.T.);
#1714 = EDGE_CURVE('',#1707,#1715,#1717,.T.);
#1715 = VERTEX_POINT('',#1716);
#1716 = CARTESIAN_POINT('',(-0.425000733956,-4.85,-1.583330886814));
#1717 = CIRCLE('',#1718,0.29);
#1718 = AXIS2_PLACEMENT_3D('',#1719,#1720,#1721);
#1719 = CARTESIAN_POINT('',(-0.147231111242,-4.85,-1.5));
#1720 = DIRECTION('',(0.,-1.,-3.330669073875E-16));
#1721 = DIRECTION('',(0.,-3.330669073875E-16,1.));
#1722 = ORIENTED_EDGE('',*,*,#1723,.T.);
#1723 = EDGE_CURVE('',#1715,#1724,#1726,.T.);
#1724 = VERTEX_POINT('',#1725);
#1725 = CARTESIAN_POINT('',(-0.162230377286,-4.85,-2.459232075714));
#1726 = LINE('',#1727,#1728);
#1727 = CARTESIAN_POINT('',(-0.45,-4.85,-1.5));
#1728 = VECTOR('',#1729,1.);
#1729 = DIRECTION('',(0.287347885566,5.31700397722E-16,-0.957826285221)
  );
#1730 = ORIENTED_EDGE('',*,*,#1731,.F.);
#1731 = EDGE_CURVE('',#1732,#1724,#1734,.T.);
#1732 = VERTEX_POINT('',#1733);
#1733 = CARTESIAN_POINT('',(-0.15,-4.85,-2.542562962528));
#1734 = CIRCLE('',#1735,0.29);
#1735 = AXIS2_PLACEMENT_3D('',#1736,#1737,#1738);
#1736 = CARTESIAN_POINT('',(-0.44,-4.85,-2.542562962528));
#1737 = DIRECTION('',(0.,-1.,-3.330669073875E-16));
#1738 = DIRECTION('',(0.,-3.330669073875E-16,1.));
#1739 = ORIENTED_EDGE('',*,*,#1740,.F.);
#1740 = EDGE_CURVE('',#1741,#1732,#1743,.T.);
#1741 = VERTEX_POINT('',#1742);
#1742 = CARTESIAN_POINT('',(-0.15,-4.85,-3.5));
#1743 = LINE('',#1744,#1745);
#1744 = CARTESIAN_POINT('',(-0.15,-4.85,-3.5));
#1745 = VECTOR('',#1746,1.);
#1746 = DIRECTION('',(0.,-5.551115123126E-16,1.));
#1747 = ORIENTED_EDGE('',*,*,#1748,.F.);
#1748 = EDGE_CURVE('',#1749,#1741,#1751,.T.);
#1749 = VERTEX_POINT('',#1750);
#1750 = CARTESIAN_POINT('',(0.15,-4.85,-3.5));
#1751 = LINE('',#1752,#1753);
#1752 = CARTESIAN_POINT('',(0.15,-4.85,-3.5));
#1753 = VECTOR('',#1754,1.);
#1754 = DIRECTION('',(-1.,-0.,0.));
#1755 = ORIENTED_EDGE('',*,*,#1756,.F.);
#1756 = EDGE_CURVE('',#1757,#1749,#1759,.T.);
#1757 = VERTEX_POINT('',#1758);
#1758 = CARTESIAN_POINT('',(0.15,-4.85,-2.542562962528));
#1759 = LINE('',#1760,#1761);
#1760 = CARTESIAN_POINT('',(0.15,-4.85,-2.5));
#1761 = VECTOR('',#1762,1.);
#1762 = DIRECTION('',(0.,5.551115123126E-16,-1.));
#1763 = ORIENTED_EDGE('',*,*,#1764,.F.);
#1764 = EDGE_CURVE('',#1765,#1757,#1767,.T.);
#1765 = VERTEX_POINT('',#1766);
#1766 = CARTESIAN_POINT('',(0.137769622714,-4.85,-2.459232075714));
#1767 = CIRCLE('',#1768,0.29);
#1768 = AXIS2_PLACEMENT_3D('',#1769,#1770,#1771);
#1769 = CARTESIAN_POINT('',(-0.14,-4.85,-2.542562962528));
#1770 = DIRECTION('',(-0.,1.,3.330669073875E-16));
#1771 = DIRECTION('',(0.,-3.330669073875E-16,1.));
#1772 = ORIENTED_EDGE('',*,*,#1773,.T.);
#1773 = EDGE_CURVE('',#1765,#1774,#1776,.T.);
#1774 = VERTEX_POINT('',#1775);
#1775 = CARTESIAN_POINT('',(-0.125000733956,-4.85,-1.583330886814));
#1776 = LINE('',#1777,#1778);
#1777 = CARTESIAN_POINT('',(0.15,-4.85,-2.5));
#1778 = VECTOR('',#1779,1.);
#1779 = DIRECTION('',(-0.287347885566,-5.31700397722E-16,0.957826285221)
  );
#1780 = ORIENTED_EDGE('',*,*,#1781,.F.);
#1781 = EDGE_CURVE('',#1782,#1774,#1784,.T.);
#1782 = VERTEX_POINT('',#1783);
#1783 = CARTESIAN_POINT('',(-0.125000733956,-4.85,-1.416669113186));
#1784 = CIRCLE('',#1785,0.29);
#1785 = AXIS2_PLACEMENT_3D('',#1786,#1787,#1788);
#1786 = CARTESIAN_POINT('',(0.152768888758,-4.85,-1.5));
#1787 = DIRECTION('',(0.,-1.,-3.330669073875E-16));
#1788 = DIRECTION('',(0.,-3.330669073875E-16,1.));
#1789 = ORIENTED_EDGE('',*,*,#1790,.T.);
#1790 = EDGE_CURVE('',#1782,#1791,#1793,.T.);
#1791 = VERTEX_POINT('',#1792);
#1792 = CARTESIAN_POINT('',(0.137769622714,-4.85,-0.540767924286));
#1793 = LINE('',#1794,#1795);
#1794 = CARTESIAN_POINT('',(-0.15,-4.85,-1.5));
#1795 = VECTOR('',#1796,1.);
#1796 = DIRECTION('',(0.287347885566,-5.31700397722E-16,0.957826285221)
  );
#1797 = ORIENTED_EDGE('',*,*,#1798,.F.);
#1798 = EDGE_CURVE('',#1799,#1791,#1801,.T.);
#1799 = VERTEX_POINT('',#1800);
#1800 = CARTESIAN_POINT('',(0.15,-4.85,-0.457437037472));
#1801 = CIRCLE('',#1802,0.29);
#1802 = AXIS2_PLACEMENT_3D('',#1803,#1804,#1805);
#1803 = CARTESIAN_POINT('',(-0.14,-4.85,-0.457437037472));
#1804 = DIRECTION('',(-0.,1.,3.330669073875E-16));
#1805 = DIRECTION('',(0.,-3.330669073875E-16,1.));
#1806 = ORIENTED_EDGE('',*,*,#1807,.F.);
#1807 = EDGE_CURVE('',#1066,#1799,#1808,.T.);
#1808 = LINE('',#1809,#1810);
#1809 = CARTESIAN_POINT('',(0.15,-4.85,1.5));
#1810 = VECTOR('',#1811,1.);
#1811 = DIRECTION('',(0.,5.551115123126E-16,-1.));
#1812 = ORIENTED_EDGE('',*,*,#1073,.F.);
#1813 = ORIENTED_EDGE('',*,*,#1814,.F.);
#1814 = EDGE_CURVE('',#1815,#1074,#1817,.T.);
#1815 = VERTEX_POINT('',#1816);
#1816 = CARTESIAN_POINT('',(0.14,-4.85,1.5));
#1817 = LINE('',#1818,#1819);
#1818 = CARTESIAN_POINT('',(-0.15,-4.85,1.5));
#1819 = VECTOR('',#1820,1.);
#1820 = DIRECTION('',(1.,0.,0.));
#1821 = ORIENTED_EDGE('',*,*,#1822,.F.);
#1822 = EDGE_CURVE('',#1823,#1815,#1825,.T.);
#1823 = VERTEX_POINT('',#1824);
#1824 = CARTESIAN_POINT('',(-0.15,-4.85,1.21));
#1825 = CIRCLE('',#1826,0.29);
#1826 = AXIS2_PLACEMENT_3D('',#1827,#1828,#1829);
#1827 = CARTESIAN_POINT('',(0.14,-4.85,1.21));
#1828 = DIRECTION('',(-0.,1.,3.330669073875E-16));
#1829 = DIRECTION('',(0.,-3.330669073875E-16,1.));
#1830 = ORIENTED_EDGE('',*,*,#1831,.F.);
#1831 = EDGE_CURVE('',#1832,#1823,#1834,.T.);
#1832 = VERTEX_POINT('',#1833);
#1833 = CARTESIAN_POINT('',(-0.15,-4.85,-0.457437037472));
#1834 = LINE('',#1835,#1836);
#1835 = CARTESIAN_POINT('',(-0.15,-4.85,-0.5));
#1836 = VECTOR('',#1837,1.);
#1837 = DIRECTION('',(0.,-5.551115123126E-16,1.));
#1838 = ORIENTED_EDGE('',*,*,#1839,.F.);
#1839 = EDGE_CURVE('',#1705,#1832,#1840,.T.);
#1840 = CIRCLE('',#1841,0.29);
#1841 = AXIS2_PLACEMENT_3D('',#1842,#1843,#1844);
#1842 = CARTESIAN_POINT('',(-0.44,-4.85,-0.457437037472));
#1843 = DIRECTION('',(0.,-1.,-3.330669073875E-16));
#1844 = DIRECTION('',(0.,-3.330669073875E-16,1.));
#1845 = PLANE('',#1846);
#1846 = AXIS2_PLACEMENT_3D('',#1847,#1848,#1849);
#1847 = CARTESIAN_POINT('',(-0.15,-4.85,-0.5));
#1848 = DIRECTION('',(0.,-1.,-3.330669073875E-16));
#1849 = DIRECTION('',(0.,3.330669073875E-16,-1.));
#1850 = ADVANCED_FACE('',(#1851),#1995,.F.);
#1851 = FACE_BOUND('',#1852,.F.);
#1852 = EDGE_LOOP('',(#1853,#1863,#1872,#1880,#1889,#1897,#1905,#1913,
    #1922,#1930,#1939,#1947,#1956,#1962,#1963,#1971,#1980,#1988));
#1853 = ORIENTED_EDGE('',*,*,#1854,.T.);
#1854 = EDGE_CURVE('',#1855,#1857,#1859,.T.);
#1855 = VERTEX_POINT('',#1856);
#1856 = CARTESIAN_POINT('',(-0.162230377286,-4.15,-0.540767924286));
#1857 = VERTEX_POINT('',#1858);
#1858 = CARTESIAN_POINT('',(-0.425000733956,-4.15,-1.416669113186));
#1859 = LINE('',#1860,#1861);
#1860 = CARTESIAN_POINT('',(-0.15,-4.15,-0.5));
#1861 = VECTOR('',#1862,1.);
#1862 = DIRECTION('',(-0.287347885566,5.31700397722E-16,-0.957826285221)
  );
#1863 = ORIENTED_EDGE('',*,*,#1864,.T.);
#1864 = EDGE_CURVE('',#1857,#1865,#1867,.T.);
#1865 = VERTEX_POINT('',#1866);
#1866 = CARTESIAN_POINT('',(-0.425000733956,-4.15,-1.583330886814));
#1867 = CIRCLE('',#1868,0.29);
#1868 = AXIS2_PLACEMENT_3D('',#1869,#1870,#1871);
#1869 = CARTESIAN_POINT('',(-0.147231111242,-4.15,-1.5));
#1870 = DIRECTION('',(0.,-1.,-3.330669073875E-16));
#1871 = DIRECTION('',(0.,-3.330669073875E-16,1.));
#1872 = ORIENTED_EDGE('',*,*,#1873,.T.);
#1873 = EDGE_CURVE('',#1865,#1874,#1876,.T.);
#1874 = VERTEX_POINT('',#1875);
#1875 = CARTESIAN_POINT('',(-0.162230377286,-4.15,-2.459232075714));
#1876 = LINE('',#1877,#1878);
#1877 = CARTESIAN_POINT('',(-0.45,-4.15,-1.5));
#1878 = VECTOR('',#1879,1.);
#1879 = DIRECTION('',(0.287347885566,5.31700397722E-16,-0.957826285221)
  );
#1880 = ORIENTED_EDGE('',*,*,#1881,.F.);
#1881 = EDGE_CURVE('',#1882,#1874,#1884,.T.);
#1882 = VERTEX_POINT('',#1883);
#1883 = CARTESIAN_POINT('',(-0.15,-4.15,-2.542562962528));
#1884 = CIRCLE('',#1885,0.29);
#1885 = AXIS2_PLACEMENT_3D('',#1886,#1887,#1888);
#1886 = CARTESIAN_POINT('',(-0.44,-4.15,-2.542562962528));
#1887 = DIRECTION('',(0.,-1.,-3.330669073875E-16));
#1888 = DIRECTION('',(0.,-3.330669073875E-16,1.));
#1889 = ORIENTED_EDGE('',*,*,#1890,.F.);
#1890 = EDGE_CURVE('',#1891,#1882,#1893,.T.);
#1891 = VERTEX_POINT('',#1892);
#1892 = CARTESIAN_POINT('',(-0.15,-4.15,-3.5));
#1893 = LINE('',#1894,#1895);
#1894 = CARTESIAN_POINT('',(-0.15,-4.15,-3.5));
#1895 = VECTOR('',#1896,1.);
#1896 = DIRECTION('',(0.,-5.551115123126E-16,1.));
#1897 = ORIENTED_EDGE('',*,*,#1898,.F.);
#1898 = EDGE_CURVE('',#1899,#1891,#1901,.T.);
#1899 = VERTEX_POINT('',#1900);
#1900 = CARTESIAN_POINT('',(0.15,-4.15,-3.5));
#1901 = LINE('',#1902,#1903);
#1902 = CARTESIAN_POINT('',(0.15,-4.15,-3.5));
#1903 = VECTOR('',#1904,1.);
#1904 = DIRECTION('',(-1.,-0.,0.));
#1905 = ORIENTED_EDGE('',*,*,#1906,.F.);
#1906 = EDGE_CURVE('',#1907,#1899,#1909,.T.);
#1907 = VERTEX_POINT('',#1908);
#1908 = CARTESIAN_POINT('',(0.15,-4.15,-2.542562962528));
#1909 = LINE('',#1910,#1911);
#1910 = CARTESIAN_POINT('',(0.15,-4.15,-2.5));
#1911 = VECTOR('',#1912,1.);
#1912 = DIRECTION('',(0.,5.551115123126E-16,-1.));
#1913 = ORIENTED_EDGE('',*,*,#1914,.F.);
#1914 = EDGE_CURVE('',#1915,#1907,#1917,.T.);
#1915 = VERTEX_POINT('',#1916);
#1916 = CARTESIAN_POINT('',(0.137769622714,-4.15,-2.459232075714));
#1917 = CIRCLE('',#1918,0.29);
#1918 = AXIS2_PLACEMENT_3D('',#1919,#1920,#1921);
#1919 = CARTESIAN_POINT('',(-0.14,-4.15,-2.542562962528));
#1920 = DIRECTION('',(-0.,1.,3.330669073875E-16));
#1921 = DIRECTION('',(0.,-3.330669073875E-16,1.));
#1922 = ORIENTED_EDGE('',*,*,#1923,.T.);
#1923 = EDGE_CURVE('',#1915,#1924,#1926,.T.);
#1924 = VERTEX_POINT('',#1925);
#1925 = CARTESIAN_POINT('',(-0.125000733956,-4.15,-1.583330886814));
#1926 = LINE('',#1927,#1928);
#1927 = CARTESIAN_POINT('',(0.15,-4.15,-2.5));
#1928 = VECTOR('',#1929,1.);
#1929 = DIRECTION('',(-0.287347885566,-5.31700397722E-16,0.957826285221)
  );
#1930 = ORIENTED_EDGE('',*,*,#1931,.F.);
#1931 = EDGE_CURVE('',#1932,#1924,#1934,.T.);
#1932 = VERTEX_POINT('',#1933);
#1933 = CARTESIAN_POINT('',(-0.125000733956,-4.15,-1.416669113186));
#1934 = CIRCLE('',#1935,0.29);
#1935 = AXIS2_PLACEMENT_3D('',#1936,#1937,#1938);
#1936 = CARTESIAN_POINT('',(0.152768888758,-4.15,-1.5));
#1937 = DIRECTION('',(0.,-1.,-3.330669073875E-16));
#1938 = DIRECTION('',(0.,-3.330669073875E-16,1.));
#1939 = ORIENTED_EDGE('',*,*,#1940,.T.);
#1940 = EDGE_CURVE('',#1932,#1941,#1943,.T.);
#1941 = VERTEX_POINT('',#1942);
#1942 = CARTESIAN_POINT('',(0.137769622714,-4.15,-0.540767924286));
#1943 = LINE('',#1944,#1945);
#1944 = CARTESIAN_POINT('',(-0.15,-4.15,-1.5));
#1945 = VECTOR('',#1946,1.);
#1946 = DIRECTION('',(0.287347885566,-5.31700397722E-16,0.957826285221)
  );
#1947 = ORIENTED_EDGE('',*,*,#1948,.F.);
#1948 = EDGE_CURVE('',#1949,#1941,#1951,.T.);
#1949 = VERTEX_POINT('',#1950);
#1950 = CARTESIAN_POINT('',(0.15,-4.15,-0.457437037472));
#1951 = CIRCLE('',#1952,0.29);
#1952 = AXIS2_PLACEMENT_3D('',#1953,#1954,#1955);
#1953 = CARTESIAN_POINT('',(-0.14,-4.15,-0.457437037472));
#1954 = DIRECTION('',(-0.,1.,3.330669073875E-16));
#1955 = DIRECTION('',(0.,-3.330669073875E-16,1.));
#1956 = ORIENTED_EDGE('',*,*,#1957,.F.);
#1957 = EDGE_CURVE('',#1090,#1949,#1958,.T.);
#1958 = LINE('',#1959,#1960);
#1959 = CARTESIAN_POINT('',(0.15,-4.15,1.5));
#1960 = VECTOR('',#1961,1.);
#1961 = DIRECTION('',(0.,5.551115123126E-16,-1.));
#1962 = ORIENTED_EDGE('',*,*,#1089,.F.);
#1963 = ORIENTED_EDGE('',*,*,#1964,.F.);
#1964 = EDGE_CURVE('',#1965,#1082,#1967,.T.);
#1965 = VERTEX_POINT('',#1966);
#1966 = CARTESIAN_POINT('',(0.14,-4.15,1.5));
#1967 = LINE('',#1968,#1969);
#1968 = CARTESIAN_POINT('',(-0.15,-4.15,1.5));
#1969 = VECTOR('',#1970,1.);
#1970 = DIRECTION('',(1.,0.,0.));
#1971 = ORIENTED_EDGE('',*,*,#1972,.F.);
#1972 = EDGE_CURVE('',#1973,#1965,#1975,.T.);
#1973 = VERTEX_POINT('',#1974);
#1974 = CARTESIAN_POINT('',(-0.15,-4.15,1.21));
#1975 = CIRCLE('',#1976,0.29);
#1976 = AXIS2_PLACEMENT_3D('',#1977,#1978,#1979);
#1977 = CARTESIAN_POINT('',(0.14,-4.15,1.21));
#1978 = DIRECTION('',(-0.,1.,3.330669073875E-16));
#1979 = DIRECTION('',(0.,-3.330669073875E-16,1.));
#1980 = ORIENTED_EDGE('',*,*,#1981,.F.);
#1981 = EDGE_CURVE('',#1982,#1973,#1984,.T.);
#1982 = VERTEX_POINT('',#1983);
#1983 = CARTESIAN_POINT('',(-0.15,-4.15,-0.457437037472));
#1984 = LINE('',#1985,#1986);
#1985 = CARTESIAN_POINT('',(-0.15,-4.15,-0.5));
#1986 = VECTOR('',#1987,1.);
#1987 = DIRECTION('',(0.,-5.551115123126E-16,1.));
#1988 = ORIENTED_EDGE('',*,*,#1989,.F.);
#1989 = EDGE_CURVE('',#1855,#1982,#1990,.T.);
#1990 = CIRCLE('',#1991,0.29);
#1991 = AXIS2_PLACEMENT_3D('',#1992,#1993,#1994);
#1992 = CARTESIAN_POINT('',(-0.44,-4.15,-0.457437037472));
#1993 = DIRECTION('',(0.,-1.,-3.330669073875E-16));
#1994 = DIRECTION('',(0.,-3.330669073875E-16,1.));
#1995 = PLANE('',#1996);
#1996 = AXIS2_PLACEMENT_3D('',#1997,#1998,#1999);
#1997 = CARTESIAN_POINT('',(-0.15,-4.15,-0.5));
#1998 = DIRECTION('',(0.,-1.,-3.330669073875E-16));
#1999 = DIRECTION('',(0.,3.330669073875E-16,-1.));
#2000 = ADVANCED_FACE('',(#2001),#2012,.F.);
#2001 = FACE_BOUND('',#2002,.F.);
#2002 = EDGE_LOOP('',(#2003,#2004,#2010,#2011));
#2003 = ORIENTED_EDGE('',*,*,#1814,.F.);
#2004 = ORIENTED_EDGE('',*,*,#2005,.T.);
#2005 = EDGE_CURVE('',#1815,#1965,#2006,.T.);
#2006 = LINE('',#2007,#2008);
#2007 = CARTESIAN_POINT('',(0.14,-4.85,1.5));
#2008 = VECTOR('',#2009,1.);
#2009 = DIRECTION('',(0.,1.,3.330669073875E-16));
#2010 = ORIENTED_EDGE('',*,*,#1964,.T.);
#2011 = ORIENTED_EDGE('',*,*,#1081,.F.);
#2012 = PLANE('',#2013);
#2013 = AXIS2_PLACEMENT_3D('',#2014,#2015,#2016);
#2014 = CARTESIAN_POINT('',(-0.15,-4.85,1.5));
#2015 = DIRECTION('',(0.,3.330669073875E-16,-1.));
#2016 = DIRECTION('',(1.,0.,0.));
#2017 = ADVANCED_FACE('',(#2018),#2162,.F.);
#2018 = FACE_BOUND('',#2019,.F.);
#2019 = EDGE_LOOP('',(#2020,#2030,#2039,#2047,#2056,#2064,#2072,#2080,
    #2089,#2097,#2106,#2114,#2123,#2129,#2130,#2138,#2147,#2155));
#2020 = ORIENTED_EDGE('',*,*,#2021,.T.);
#2021 = EDGE_CURVE('',#2022,#2024,#2026,.T.);
#2022 = VERTEX_POINT('',#2023);
#2023 = CARTESIAN_POINT('',(6.462230377286,-4.85,-0.540767924286));
#2024 = VERTEX_POINT('',#2025);
#2025 = CARTESIAN_POINT('',(6.725000733956,-4.85,-1.416669113186));
#2026 = LINE('',#2027,#2028);
#2027 = CARTESIAN_POINT('',(6.45,-4.85,-0.5));
#2028 = VECTOR('',#2029,1.);
#2029 = DIRECTION('',(0.287347885566,5.31700397722E-16,-0.957826285221)
  );
#2030 = ORIENTED_EDGE('',*,*,#2031,.T.);
#2031 = EDGE_CURVE('',#2024,#2032,#2034,.T.);
#2032 = VERTEX_POINT('',#2033);
#2033 = CARTESIAN_POINT('',(6.725000733956,-4.85,-1.583330886814));
#2034 = CIRCLE('',#2035,0.29);
#2035 = AXIS2_PLACEMENT_3D('',#2036,#2037,#2038);
#2036 = CARTESIAN_POINT('',(6.447231111242,-4.85,-1.5));
#2037 = DIRECTION('',(-0.,1.,3.330669073875E-16));
#2038 = DIRECTION('',(0.,-3.330669073875E-16,1.));
#2039 = ORIENTED_EDGE('',*,*,#2040,.T.);
#2040 = EDGE_CURVE('',#2032,#2041,#2043,.T.);
#2041 = VERTEX_POINT('',#2042);
#2042 = CARTESIAN_POINT('',(6.462230377286,-4.85,-2.459232075714));
#2043 = LINE('',#2044,#2045);
#2044 = CARTESIAN_POINT('',(6.75,-4.85,-1.5));
#2045 = VECTOR('',#2046,1.);
#2046 = DIRECTION('',(-0.287347885566,5.31700397722E-16,-0.957826285221)
  );
#2047 = ORIENTED_EDGE('',*,*,#2048,.F.);
#2048 = EDGE_CURVE('',#2049,#2041,#2051,.T.);
#2049 = VERTEX_POINT('',#2050);
#2050 = CARTESIAN_POINT('',(6.45,-4.85,-2.542562962528));
#2051 = CIRCLE('',#2052,0.29);
#2052 = AXIS2_PLACEMENT_3D('',#2053,#2054,#2055);
#2053 = CARTESIAN_POINT('',(6.74,-4.85,-2.542562962528));
#2054 = DIRECTION('',(-0.,1.,3.330669073875E-16));
#2055 = DIRECTION('',(0.,-3.330669073875E-16,1.));
#2056 = ORIENTED_EDGE('',*,*,#2057,.F.);
#2057 = EDGE_CURVE('',#2058,#2049,#2060,.T.);
#2058 = VERTEX_POINT('',#2059);
#2059 = CARTESIAN_POINT('',(6.45,-4.85,-3.5));
#2060 = LINE('',#2061,#2062);
#2061 = CARTESIAN_POINT('',(6.45,-4.85,-3.5));
#2062 = VECTOR('',#2063,1.);
#2063 = DIRECTION('',(0.,-5.551115123126E-16,1.));
#2064 = ORIENTED_EDGE('',*,*,#2065,.F.);
#2065 = EDGE_CURVE('',#2066,#2058,#2068,.T.);
#2066 = VERTEX_POINT('',#2067);
#2067 = CARTESIAN_POINT('',(6.15,-4.85,-3.5));
#2068 = LINE('',#2069,#2070);
#2069 = CARTESIAN_POINT('',(6.15,-4.85,-3.5));
#2070 = VECTOR('',#2071,1.);
#2071 = DIRECTION('',(1.,0.,0.));
#2072 = ORIENTED_EDGE('',*,*,#2073,.F.);
#2073 = EDGE_CURVE('',#2074,#2066,#2076,.T.);
#2074 = VERTEX_POINT('',#2075);
#2075 = CARTESIAN_POINT('',(6.15,-4.85,-2.542562962528));
#2076 = LINE('',#2077,#2078);
#2077 = CARTESIAN_POINT('',(6.15,-4.85,-2.5));
#2078 = VECTOR('',#2079,1.);
#2079 = DIRECTION('',(0.,5.551115123126E-16,-1.));
#2080 = ORIENTED_EDGE('',*,*,#2081,.F.);
#2081 = EDGE_CURVE('',#2082,#2074,#2084,.T.);
#2082 = VERTEX_POINT('',#2083);
#2083 = CARTESIAN_POINT('',(6.162230377286,-4.85,-2.459232075714));
#2084 = CIRCLE('',#2085,0.29);
#2085 = AXIS2_PLACEMENT_3D('',#2086,#2087,#2088);
#2086 = CARTESIAN_POINT('',(6.44,-4.85,-2.542562962528));
#2087 = DIRECTION('',(0.,-1.,-3.330669073875E-16));
#2088 = DIRECTION('',(0.,-3.330669073875E-16,1.));
#2089 = ORIENTED_EDGE('',*,*,#2090,.T.);
#2090 = EDGE_CURVE('',#2082,#2091,#2093,.T.);
#2091 = VERTEX_POINT('',#2092);
#2092 = CARTESIAN_POINT('',(6.425000733956,-4.85,-1.583330886814));
#2093 = LINE('',#2094,#2095);
#2094 = CARTESIAN_POINT('',(6.15,-4.85,-2.5));
#2095 = VECTOR('',#2096,1.);
#2096 = DIRECTION('',(0.287347885566,-5.31700397722E-16,0.957826285221)
  );
#2097 = ORIENTED_EDGE('',*,*,#2098,.F.);
#2098 = EDGE_CURVE('',#2099,#2091,#2101,.T.);
#2099 = VERTEX_POINT('',#2100);
#2100 = CARTESIAN_POINT('',(6.425000733956,-4.85,-1.416669113186));
#2101 = CIRCLE('',#2102,0.29);
#2102 = AXIS2_PLACEMENT_3D('',#2103,#2104,#2105);
#2103 = CARTESIAN_POINT('',(6.147231111242,-4.85,-1.5));
#2104 = DIRECTION('',(-0.,1.,3.330669073875E-16));
#2105 = DIRECTION('',(0.,-3.330669073875E-16,1.));
#2106 = ORIENTED_EDGE('',*,*,#2107,.T.);
#2107 = EDGE_CURVE('',#2099,#2108,#2110,.T.);
#2108 = VERTEX_POINT('',#2109);
#2109 = CARTESIAN_POINT('',(6.162230377286,-4.85,-0.540767924286));
#2110 = LINE('',#2111,#2112);
#2111 = CARTESIAN_POINT('',(6.45,-4.85,-1.5));
#2112 = VECTOR('',#2113,1.);
#2113 = DIRECTION('',(-0.287347885566,-5.31700397722E-16,0.957826285221)
  );
#2114 = ORIENTED_EDGE('',*,*,#2115,.F.);
#2115 = EDGE_CURVE('',#2116,#2108,#2118,.T.);
#2116 = VERTEX_POINT('',#2117);
#2117 = CARTESIAN_POINT('',(6.15,-4.85,-0.457437037472));
#2118 = CIRCLE('',#2119,0.29);
#2119 = AXIS2_PLACEMENT_3D('',#2120,#2121,#2122);
#2120 = CARTESIAN_POINT('',(6.44,-4.85,-0.457437037472));
#2121 = DIRECTION('',(0.,-1.,-3.330669073875E-16));
#2122 = DIRECTION('',(0.,-3.330669073875E-16,1.));
#2123 = ORIENTED_EDGE('',*,*,#2124,.F.);
#2124 = EDGE_CURVE('',#1136,#2116,#2125,.T.);
#2125 = LINE('',#2126,#2127);
#2126 = CARTESIAN_POINT('',(6.15,-4.85,1.5));
#2127 = VECTOR('',#2128,1.);
#2128 = DIRECTION('',(0.,5.551115123126E-16,-1.));
#2129 = ORIENTED_EDGE('',*,*,#1209,.F.);
#2130 = ORIENTED_EDGE('',*,*,#2131,.F.);
#2131 = EDGE_CURVE('',#2132,#1202,#2134,.T.);
#2132 = VERTEX_POINT('',#2133);
#2133 = CARTESIAN_POINT('',(6.16,-4.85,1.5));
#2134 = LINE('',#2135,#2136);
#2135 = CARTESIAN_POINT('',(6.45,-4.85,1.5));
#2136 = VECTOR('',#2137,1.);
#2137 = DIRECTION('',(-1.,-0.,0.));
#2138 = ORIENTED_EDGE('',*,*,#2139,.F.);
#2139 = EDGE_CURVE('',#2140,#2132,#2142,.T.);
#2140 = VERTEX_POINT('',#2141);
#2141 = CARTESIAN_POINT('',(6.45,-4.85,1.21));
#2142 = CIRCLE('',#2143,0.29);
#2143 = AXIS2_PLACEMENT_3D('',#2144,#2145,#2146);
#2144 = CARTESIAN_POINT('',(6.16,-4.85,1.21));
#2145 = DIRECTION('',(0.,-1.,-3.330669073875E-16));
#2146 = DIRECTION('',(0.,-3.330669073875E-16,1.));
#2147 = ORIENTED_EDGE('',*,*,#2148,.F.);
#2148 = EDGE_CURVE('',#2149,#2140,#2151,.T.);
#2149 = VERTEX_POINT('',#2150);
#2150 = CARTESIAN_POINT('',(6.45,-4.85,-0.457437037472));
#2151 = LINE('',#2152,#2153);
#2152 = CARTESIAN_POINT('',(6.45,-4.85,-0.5));
#2153 = VECTOR('',#2154,1.);
#2154 = DIRECTION('',(0.,-5.551115123126E-16,1.));
#2155 = ORIENTED_EDGE('',*,*,#2156,.F.);
#2156 = EDGE_CURVE('',#2022,#2149,#2157,.T.);
#2157 = CIRCLE('',#2158,0.29);
#2158 = AXIS2_PLACEMENT_3D('',#2159,#2160,#2161);
#2159 = CARTESIAN_POINT('',(6.74,-4.85,-0.457437037472));
#2160 = DIRECTION('',(-0.,1.,3.330669073875E-16));
#2161 = DIRECTION('',(0.,-3.330669073875E-16,1.));
#2162 = PLANE('',#2163);
#2163 = AXIS2_PLACEMENT_3D('',#2164,#2165,#2166);
#2164 = CARTESIAN_POINT('',(6.45,-4.85,-0.5));
#2165 = DIRECTION('',(0.,1.,3.330669073875E-16));
#2166 = DIRECTION('',(0.,-3.330669073875E-16,1.));
#2167 = ADVANCED_FACE('',(#2168),#2186,.T.);
#2168 = FACE_BOUND('',#2169,.T.);
#2169 = EDGE_LOOP('',(#2170,#2171,#2179,#2185));
#2170 = ORIENTED_EDGE('',*,*,#2131,.F.);
#2171 = ORIENTED_EDGE('',*,*,#2172,.T.);
#2172 = EDGE_CURVE('',#2132,#2173,#2175,.T.);
#2173 = VERTEX_POINT('',#2174);
#2174 = CARTESIAN_POINT('',(6.16,-4.15,1.5));
#2175 = LINE('',#2176,#2177);
#2176 = CARTESIAN_POINT('',(6.16,-4.85,1.5));
#2177 = VECTOR('',#2178,1.);
#2178 = DIRECTION('',(0.,1.,3.330669073875E-16));
#2179 = ORIENTED_EDGE('',*,*,#2180,.T.);
#2180 = EDGE_CURVE('',#2173,#1194,#2181,.T.);
#2181 = LINE('',#2182,#2183);
#2182 = CARTESIAN_POINT('',(6.45,-4.15,1.5));
#2183 = VECTOR('',#2184,1.);
#2184 = DIRECTION('',(-1.,-0.,0.));
#2185 = ORIENTED_EDGE('',*,*,#1201,.F.);
#2186 = PLANE('',#2187);
#2187 = AXIS2_PLACEMENT_3D('',#2188,#2189,#2190);
#2188 = CARTESIAN_POINT('',(6.45,-4.85,1.5));
#2189 = DIRECTION('',(0.,-3.330669073875E-16,1.));
#2190 = DIRECTION('',(-1.,0.,0.));
#2191 = ADVANCED_FACE('',(#2192),#2329,.T.);
#2192 = FACE_BOUND('',#2193,.T.);
#2193 = EDGE_LOOP('',(#2194,#2204,#2213,#2221,#2230,#2238,#2246,#2254,
    #2263,#2271,#2280,#2288,#2297,#2303,#2304,#2305,#2314,#2322));
#2194 = ORIENTED_EDGE('',*,*,#2195,.T.);
#2195 = EDGE_CURVE('',#2196,#2198,#2200,.T.);
#2196 = VERTEX_POINT('',#2197);
#2197 = CARTESIAN_POINT('',(6.462230377286,-4.15,-0.540767924286));
#2198 = VERTEX_POINT('',#2199);
#2199 = CARTESIAN_POINT('',(6.725000733956,-4.15,-1.416669113186));
#2200 = LINE('',#2201,#2202);
#2201 = CARTESIAN_POINT('',(6.45,-4.15,-0.5));
#2202 = VECTOR('',#2203,1.);
#2203 = DIRECTION('',(0.287347885566,5.31700397722E-16,-0.957826285221)
  );
#2204 = ORIENTED_EDGE('',*,*,#2205,.T.);
#2205 = EDGE_CURVE('',#2198,#2206,#2208,.T.);
#2206 = VERTEX_POINT('',#2207);
#2207 = CARTESIAN_POINT('',(6.725000733956,-4.15,-1.583330886814));
#2208 = CIRCLE('',#2209,0.29);
#2209 = AXIS2_PLACEMENT_3D('',#2210,#2211,#2212);
#2210 = CARTESIAN_POINT('',(6.447231111242,-4.15,-1.5));
#2211 = DIRECTION('',(-0.,1.,3.330669073875E-16));
#2212 = DIRECTION('',(0.,-3.330669073875E-16,1.));
#2213 = ORIENTED_EDGE('',*,*,#2214,.T.);
#2214 = EDGE_CURVE('',#2206,#2215,#2217,.T.);
#2215 = VERTEX_POINT('',#2216);
#2216 = CARTESIAN_POINT('',(6.462230377286,-4.15,-2.459232075714));
#2217 = LINE('',#2218,#2219);
#2218 = CARTESIAN_POINT('',(6.75,-4.15,-1.5));
#2219 = VECTOR('',#2220,1.);
#2220 = DIRECTION('',(-0.287347885566,5.31700397722E-16,-0.957826285221)
  );
#2221 = ORIENTED_EDGE('',*,*,#2222,.F.);
#2222 = EDGE_CURVE('',#2223,#2215,#2225,.T.);
#2223 = VERTEX_POINT('',#2224);
#2224 = CARTESIAN_POINT('',(6.45,-4.15,-2.542562962528));
#2225 = CIRCLE('',#2226,0.29);
#2226 = AXIS2_PLACEMENT_3D('',#2227,#2228,#2229);
#2227 = CARTESIAN_POINT('',(6.74,-4.15,-2.542562962528));
#2228 = DIRECTION('',(-0.,1.,3.330669073875E-16));
#2229 = DIRECTION('',(0.,-3.330669073875E-16,1.));
#2230 = ORIENTED_EDGE('',*,*,#2231,.F.);
#2231 = EDGE_CURVE('',#2232,#2223,#2234,.T.);
#2232 = VERTEX_POINT('',#2233);
#2233 = CARTESIAN_POINT('',(6.45,-4.15,-3.5));
#2234 = LINE('',#2235,#2236);
#2235 = CARTESIAN_POINT('',(6.45,-4.15,-3.5));
#2236 = VECTOR('',#2237,1.);
#2237 = DIRECTION('',(0.,-5.551115123126E-16,1.));
#2238 = ORIENTED_EDGE('',*,*,#2239,.F.);
#2239 = EDGE_CURVE('',#2240,#2232,#2242,.T.);
#2240 = VERTEX_POINT('',#2241);
#2241 = CARTESIAN_POINT('',(6.15,-4.15,-3.5));
#2242 = LINE('',#2243,#2244);
#2243 = CARTESIAN_POINT('',(6.15,-4.15,-3.5));
#2244 = VECTOR('',#2245,1.);
#2245 = DIRECTION('',(1.,0.,0.));
#2246 = ORIENTED_EDGE('',*,*,#2247,.F.);
#2247 = EDGE_CURVE('',#2248,#2240,#2250,.T.);
#2248 = VERTEX_POINT('',#2249);
#2249 = CARTESIAN_POINT('',(6.15,-4.15,-2.542562962528));
#2250 = LINE('',#2251,#2252);
#2251 = CARTESIAN_POINT('',(6.15,-4.15,-2.5));
#2252 = VECTOR('',#2253,1.);
#2253 = DIRECTION('',(0.,5.551115123126E-16,-1.));
#2254 = ORIENTED_EDGE('',*,*,#2255,.F.);
#2255 = EDGE_CURVE('',#2256,#2248,#2258,.T.);
#2256 = VERTEX_POINT('',#2257);
#2257 = CARTESIAN_POINT('',(6.162230377286,-4.15,-2.459232075714));
#2258 = CIRCLE('',#2259,0.29);
#2259 = AXIS2_PLACEMENT_3D('',#2260,#2261,#2262);
#2260 = CARTESIAN_POINT('',(6.44,-4.15,-2.542562962528));
#2261 = DIRECTION('',(0.,-1.,-3.330669073875E-16));
#2262 = DIRECTION('',(0.,-3.330669073875E-16,1.));
#2263 = ORIENTED_EDGE('',*,*,#2264,.T.);
#2264 = EDGE_CURVE('',#2256,#2265,#2267,.T.);
#2265 = VERTEX_POINT('',#2266);
#2266 = CARTESIAN_POINT('',(6.425000733956,-4.15,-1.583330886814));
#2267 = LINE('',#2268,#2269);
#2268 = CARTESIAN_POINT('',(6.15,-4.15,-2.5));
#2269 = VECTOR('',#2270,1.);
#2270 = DIRECTION('',(0.287347885566,-5.31700397722E-16,0.957826285221)
  );
#2271 = ORIENTED_EDGE('',*,*,#2272,.F.);
#2272 = EDGE_CURVE('',#2273,#2265,#2275,.T.);
#2273 = VERTEX_POINT('',#2274);
#2274 = CARTESIAN_POINT('',(6.425000733956,-4.15,-1.416669113186));
#2275 = CIRCLE('',#2276,0.29);
#2276 = AXIS2_PLACEMENT_3D('',#2277,#2278,#2279);
#2277 = CARTESIAN_POINT('',(6.147231111242,-4.15,-1.5));
#2278 = DIRECTION('',(-0.,1.,3.330669073875E-16));
#2279 = DIRECTION('',(0.,-3.330669073875E-16,1.));
#2280 = ORIENTED_EDGE('',*,*,#2281,.T.);
#2281 = EDGE_CURVE('',#2273,#2282,#2284,.T.);
#2282 = VERTEX_POINT('',#2283);
#2283 = CARTESIAN_POINT('',(6.162230377286,-4.15,-0.540767924286));
#2284 = LINE('',#2285,#2286);
#2285 = CARTESIAN_POINT('',(6.45,-4.15,-1.5));
#2286 = VECTOR('',#2287,1.);
#2287 = DIRECTION('',(-0.287347885566,-5.31700397722E-16,0.957826285221)
  );
#2288 = ORIENTED_EDGE('',*,*,#2289,.F.);
#2289 = EDGE_CURVE('',#2290,#2282,#2292,.T.);
#2290 = VERTEX_POINT('',#2291);
#2291 = CARTESIAN_POINT('',(6.15,-4.15,-0.457437037472));
#2292 = CIRCLE('',#2293,0.29);
#2293 = AXIS2_PLACEMENT_3D('',#2294,#2295,#2296);
#2294 = CARTESIAN_POINT('',(6.44,-4.15,-0.457437037472));
#2295 = DIRECTION('',(0.,-1.,-3.330669073875E-16));
#2296 = DIRECTION('',(0.,-3.330669073875E-16,1.));
#2297 = ORIENTED_EDGE('',*,*,#2298,.F.);
#2298 = EDGE_CURVE('',#1186,#2290,#2299,.T.);
#2299 = LINE('',#2300,#2301);
#2300 = CARTESIAN_POINT('',(6.15,-4.15,1.5));
#2301 = VECTOR('',#2302,1.);
#2302 = DIRECTION('',(0.,5.551115123126E-16,-1.));
#2303 = ORIENTED_EDGE('',*,*,#1193,.F.);
#2304 = ORIENTED_EDGE('',*,*,#2180,.F.);
#2305 = ORIENTED_EDGE('',*,*,#2306,.F.);
#2306 = EDGE_CURVE('',#2307,#2173,#2309,.T.);
#2307 = VERTEX_POINT('',#2308);
#2308 = CARTESIAN_POINT('',(6.45,-4.15,1.21));
#2309 = CIRCLE('',#2310,0.29);
#2310 = AXIS2_PLACEMENT_3D('',#2311,#2312,#2313);
#2311 = CARTESIAN_POINT('',(6.16,-4.15,1.21));
#2312 = DIRECTION('',(0.,-1.,-3.330669073875E-16));
#2313 = DIRECTION('',(0.,-3.330669073875E-16,1.));
#2314 = ORIENTED_EDGE('',*,*,#2315,.F.);
#2315 = EDGE_CURVE('',#2316,#2307,#2318,.T.);
#2316 = VERTEX_POINT('',#2317);
#2317 = CARTESIAN_POINT('',(6.45,-4.15,-0.457437037472));
#2318 = LINE('',#2319,#2320);
#2319 = CARTESIAN_POINT('',(6.45,-4.15,-0.5));
#2320 = VECTOR('',#2321,1.);
#2321 = DIRECTION('',(0.,-5.551115123126E-16,1.));
#2322 = ORIENTED_EDGE('',*,*,#2323,.F.);
#2323 = EDGE_CURVE('',#2196,#2316,#2324,.T.);
#2324 = CIRCLE('',#2325,0.29);
#2325 = AXIS2_PLACEMENT_3D('',#2326,#2327,#2328);
#2326 = CARTESIAN_POINT('',(6.74,-4.15,-0.457437037472));
#2327 = DIRECTION('',(-0.,1.,3.330669073875E-16));
#2328 = DIRECTION('',(0.,-3.330669073875E-16,1.));
#2329 = PLANE('',#2330);
#2330 = AXIS2_PLACEMENT_3D('',#2331,#2332,#2333);
#2331 = CARTESIAN_POINT('',(6.45,-4.15,-0.5));
#2332 = DIRECTION('',(0.,1.,3.330669073875E-16));
#2333 = DIRECTION('',(0.,-3.330669073875E-16,1.));
#2334 = ADVANCED_FACE('',(#2335),#2479,.T.);
#2335 = FACE_BOUND('',#2336,.T.);
#2336 = EDGE_LOOP('',(#2337,#2347,#2356,#2364,#2373,#2381,#2389,#2397,
    #2406,#2414,#2423,#2431,#2440,#2446,#2447,#2455,#2464,#2472));
#2337 = ORIENTED_EDGE('',*,*,#2338,.T.);
#2338 = EDGE_CURVE('',#2339,#2341,#2343,.T.);
#2339 = VERTEX_POINT('',#2340);
#2340 = CARTESIAN_POINT('',(6.462230377286,0.35,-0.540767924286));
#2341 = VERTEX_POINT('',#2342);
#2342 = CARTESIAN_POINT('',(6.725000733956,0.35,-1.416669113186));
#2343 = LINE('',#2344,#2345);
#2344 = CARTESIAN_POINT('',(6.45,0.35,-0.5));
#2345 = VECTOR('',#2346,1.);
#2346 = DIRECTION('',(0.287347885566,5.31700397722E-16,-0.957826285221)
  );
#2347 = ORIENTED_EDGE('',*,*,#2348,.T.);
#2348 = EDGE_CURVE('',#2341,#2349,#2351,.T.);
#2349 = VERTEX_POINT('',#2350);
#2350 = CARTESIAN_POINT('',(6.725000733956,0.35,-1.583330886814));
#2351 = CIRCLE('',#2352,0.29);
#2352 = AXIS2_PLACEMENT_3D('',#2353,#2354,#2355);
#2353 = CARTESIAN_POINT('',(6.447231111242,0.35,-1.5));
#2354 = DIRECTION('',(-0.,1.,3.330669073875E-16));
#2355 = DIRECTION('',(0.,-3.330669073875E-16,1.));
#2356 = ORIENTED_EDGE('',*,*,#2357,.T.);
#2357 = EDGE_CURVE('',#2349,#2358,#2360,.T.);
#2358 = VERTEX_POINT('',#2359);
#2359 = CARTESIAN_POINT('',(6.462230377286,0.35,-2.459232075714));
#2360 = LINE('',#2361,#2362);
#2361 = CARTESIAN_POINT('',(6.75,0.35,-1.5));
#2362 = VECTOR('',#2363,1.);
#2363 = DIRECTION('',(-0.287347885566,5.31700397722E-16,-0.957826285221)
  );
#2364 = ORIENTED_EDGE('',*,*,#2365,.F.);
#2365 = EDGE_CURVE('',#2366,#2358,#2368,.T.);
#2366 = VERTEX_POINT('',#2367);
#2367 = CARTESIAN_POINT('',(6.45,0.35,-2.542562962528));
#2368 = CIRCLE('',#2369,0.29);
#2369 = AXIS2_PLACEMENT_3D('',#2370,#2371,#2372);
#2370 = CARTESIAN_POINT('',(6.74,0.35,-2.542562962528));
#2371 = DIRECTION('',(-0.,1.,3.330669073875E-16));
#2372 = DIRECTION('',(0.,-3.330669073875E-16,1.));
#2373 = ORIENTED_EDGE('',*,*,#2374,.F.);
#2374 = EDGE_CURVE('',#2375,#2366,#2377,.T.);
#2375 = VERTEX_POINT('',#2376);
#2376 = CARTESIAN_POINT('',(6.45,0.35,-3.5));
#2377 = LINE('',#2378,#2379);
#2378 = CARTESIAN_POINT('',(6.45,0.35,-3.5));
#2379 = VECTOR('',#2380,1.);
#2380 = DIRECTION('',(0.,-5.551115123126E-16,1.));
#2381 = ORIENTED_EDGE('',*,*,#2382,.F.);
#2382 = EDGE_CURVE('',#2383,#2375,#2385,.T.);
#2383 = VERTEX_POINT('',#2384);
#2384 = CARTESIAN_POINT('',(6.15,0.35,-3.5));
#2385 = LINE('',#2386,#2387);
#2386 = CARTESIAN_POINT('',(6.15,0.35,-3.5));
#2387 = VECTOR('',#2388,1.);
#2388 = DIRECTION('',(1.,0.,0.));
#2389 = ORIENTED_EDGE('',*,*,#2390,.F.);
#2390 = EDGE_CURVE('',#2391,#2383,#2393,.T.);
#2391 = VERTEX_POINT('',#2392);
#2392 = CARTESIAN_POINT('',(6.15,0.35,-2.542562962528));
#2393 = LINE('',#2394,#2395);
#2394 = CARTESIAN_POINT('',(6.15,0.35,-2.5));
#2395 = VECTOR('',#2396,1.);
#2396 = DIRECTION('',(0.,5.551115123126E-16,-1.));
#2397 = ORIENTED_EDGE('',*,*,#2398,.F.);
#2398 = EDGE_CURVE('',#2399,#2391,#2401,.T.);
#2399 = VERTEX_POINT('',#2400);
#2400 = CARTESIAN_POINT('',(6.162230377286,0.35,-2.459232075714));
#2401 = CIRCLE('',#2402,0.29);
#2402 = AXIS2_PLACEMENT_3D('',#2403,#2404,#2405);
#2403 = CARTESIAN_POINT('',(6.44,0.35,-2.542562962528));
#2404 = DIRECTION('',(0.,-1.,-3.330669073875E-16));
#2405 = DIRECTION('',(0.,-3.330669073875E-16,1.));
#2406 = ORIENTED_EDGE('',*,*,#2407,.T.);
#2407 = EDGE_CURVE('',#2399,#2408,#2410,.T.);
#2408 = VERTEX_POINT('',#2409);
#2409 = CARTESIAN_POINT('',(6.425000733956,0.35,-1.583330886814));
#2410 = LINE('',#2411,#2412);
#2411 = CARTESIAN_POINT('',(6.15,0.35,-2.5));
#2412 = VECTOR('',#2413,1.);
#2413 = DIRECTION('',(0.287347885566,-5.31700397722E-16,0.957826285221)
  );
#2414 = ORIENTED_EDGE('',*,*,#2415,.F.);
#2415 = EDGE_CURVE('',#2416,#2408,#2418,.T.);
#2416 = VERTEX_POINT('',#2417);
#2417 = CARTESIAN_POINT('',(6.425000733956,0.35,-1.416669113186));
#2418 = CIRCLE('',#2419,0.29);
#2419 = AXIS2_PLACEMENT_3D('',#2420,#2421,#2422);
#2420 = CARTESIAN_POINT('',(6.147231111242,0.35,-1.5));
#2421 = DIRECTION('',(-0.,1.,3.330669073875E-16));
#2422 = DIRECTION('',(0.,-3.330669073875E-16,1.));
#2423 = ORIENTED_EDGE('',*,*,#2424,.T.);
#2424 = EDGE_CURVE('',#2416,#2425,#2427,.T.);
#2425 = VERTEX_POINT('',#2426);
#2426 = CARTESIAN_POINT('',(6.162230377286,0.35,-0.540767924286));
#2427 = LINE('',#2428,#2429);
#2428 = CARTESIAN_POINT('',(6.45,0.35,-1.5));
#2429 = VECTOR('',#2430,1.);
#2430 = DIRECTION('',(-0.287347885566,-5.31700397722E-16,0.957826285221)
  );
#2431 = ORIENTED_EDGE('',*,*,#2432,.F.);
#2432 = EDGE_CURVE('',#2433,#2425,#2435,.T.);
#2433 = VERTEX_POINT('',#2434);
#2434 = CARTESIAN_POINT('',(6.15,0.35,-0.457437037472));
#2435 = CIRCLE('',#2436,0.29);
#2436 = AXIS2_PLACEMENT_3D('',#2437,#2438,#2439);
#2437 = CARTESIAN_POINT('',(6.44,0.35,-0.457437037472));
#2438 = DIRECTION('',(0.,-1.,-3.330669073875E-16));
#2439 = DIRECTION('',(0.,-3.330669073875E-16,1.));
#2440 = ORIENTED_EDGE('',*,*,#2441,.F.);
#2441 = EDGE_CURVE('',#1154,#2433,#2442,.T.);
#2442 = LINE('',#2443,#2444);
#2443 = CARTESIAN_POINT('',(6.15,0.35,1.5));
#2444 = VECTOR('',#2445,1.);
#2445 = DIRECTION('',(0.,5.551115123126E-16,-1.));
#2446 = ORIENTED_EDGE('',*,*,#1161,.F.);
#2447 = ORIENTED_EDGE('',*,*,#2448,.F.);
#2448 = EDGE_CURVE('',#2449,#1162,#2451,.T.);
#2449 = VERTEX_POINT('',#2450);
#2450 = CARTESIAN_POINT('',(6.16,0.35,1.5));
#2451 = LINE('',#2452,#2453);
#2452 = CARTESIAN_POINT('',(6.45,0.35,1.5));
#2453 = VECTOR('',#2454,1.);
#2454 = DIRECTION('',(-1.,-0.,0.));
#2455 = ORIENTED_EDGE('',*,*,#2456,.F.);
#2456 = EDGE_CURVE('',#2457,#2449,#2459,.T.);
#2457 = VERTEX_POINT('',#2458);
#2458 = CARTESIAN_POINT('',(6.45,0.35,1.21));
#2459 = CIRCLE('',#2460,0.29);
#2460 = AXIS2_PLACEMENT_3D('',#2461,#2462,#2463);
#2461 = CARTESIAN_POINT('',(6.16,0.35,1.21));
#2462 = DIRECTION('',(0.,-1.,-3.330669073875E-16));
#2463 = DIRECTION('',(0.,-3.330669073875E-16,1.));
#2464 = ORIENTED_EDGE('',*,*,#2465,.F.);
#2465 = EDGE_CURVE('',#2466,#2457,#2468,.T.);
#2466 = VERTEX_POINT('',#2467);
#2467 = CARTESIAN_POINT('',(6.45,0.35,-0.457437037472));
#2468 = LINE('',#2469,#2470);
#2469 = CARTESIAN_POINT('',(6.45,0.35,-0.5));
#2470 = VECTOR('',#2471,1.);
#2471 = DIRECTION('',(0.,-5.551115123126E-16,1.));
#2472 = ORIENTED_EDGE('',*,*,#2473,.F.);
#2473 = EDGE_CURVE('',#2339,#2466,#2474,.T.);
#2474 = CIRCLE('',#2475,0.29);
#2475 = AXIS2_PLACEMENT_3D('',#2476,#2477,#2478);
#2476 = CARTESIAN_POINT('',(6.74,0.35,-0.457437037472));
#2477 = DIRECTION('',(-0.,1.,3.330669073875E-16));
#2478 = DIRECTION('',(0.,-3.330669073875E-16,1.));
#2479 = PLANE('',#2480);
#2480 = AXIS2_PLACEMENT_3D('',#2481,#2482,#2483);
#2481 = CARTESIAN_POINT('',(6.45,0.35,-0.5));
#2482 = DIRECTION('',(1.64346021921E-31,1.,5.551115123126E-16));
#2483 = DIRECTION('',(0.,-5.551115123126E-16,1.));
#2484 = ADVANCED_FACE('',(#2485),#2629,.F.);
#2485 = FACE_BOUND('',#2486,.F.);
#2486 = EDGE_LOOP('',(#2487,#2497,#2506,#2514,#2523,#2531,#2539,#2547,
    #2556,#2564,#2573,#2581,#2590,#2596,#2597,#2605,#2614,#2622));
#2487 = ORIENTED_EDGE('',*,*,#2488,.T.);
#2488 = EDGE_CURVE('',#2489,#2491,#2493,.T.);
#2489 = VERTEX_POINT('',#2490);
#2490 = CARTESIAN_POINT('',(6.462230377286,-0.35,-0.540767924286));
#2491 = VERTEX_POINT('',#2492);
#2492 = CARTESIAN_POINT('',(6.725000733956,-0.35,-1.416669113186));
#2493 = LINE('',#2494,#2495);
#2494 = CARTESIAN_POINT('',(6.45,-0.35,-0.5));
#2495 = VECTOR('',#2496,1.);
#2496 = DIRECTION('',(0.287347885566,5.31700397722E-16,-0.957826285221)
  );
#2497 = ORIENTED_EDGE('',*,*,#2498,.T.);
#2498 = EDGE_CURVE('',#2491,#2499,#2501,.T.);
#2499 = VERTEX_POINT('',#2500);
#2500 = CARTESIAN_POINT('',(6.725000733956,-0.35,-1.583330886814));
#2501 = CIRCLE('',#2502,0.29);
#2502 = AXIS2_PLACEMENT_3D('',#2503,#2504,#2505);
#2503 = CARTESIAN_POINT('',(6.447231111242,-0.35,-1.5));
#2504 = DIRECTION('',(-0.,1.,3.330669073875E-16));
#2505 = DIRECTION('',(0.,-3.330669073875E-16,1.));
#2506 = ORIENTED_EDGE('',*,*,#2507,.T.);
#2507 = EDGE_CURVE('',#2499,#2508,#2510,.T.);
#2508 = VERTEX_POINT('',#2509);
#2509 = CARTESIAN_POINT('',(6.462230377286,-0.35,-2.459232075714));
#2510 = LINE('',#2511,#2512);
#2511 = CARTESIAN_POINT('',(6.75,-0.35,-1.5));
#2512 = VECTOR('',#2513,1.);
#2513 = DIRECTION('',(-0.287347885566,5.31700397722E-16,-0.957826285221)
  );
#2514 = ORIENTED_EDGE('',*,*,#2515,.F.);
#2515 = EDGE_CURVE('',#2516,#2508,#2518,.T.);
#2516 = VERTEX_POINT('',#2517);
#2517 = CARTESIAN_POINT('',(6.45,-0.35,-2.542562962528));
#2518 = CIRCLE('',#2519,0.29);
#2519 = AXIS2_PLACEMENT_3D('',#2520,#2521,#2522);
#2520 = CARTESIAN_POINT('',(6.74,-0.35,-2.542562962528));
#2521 = DIRECTION('',(-0.,1.,3.330669073875E-16));
#2522 = DIRECTION('',(0.,-3.330669073875E-16,1.));
#2523 = ORIENTED_EDGE('',*,*,#2524,.F.);
#2524 = EDGE_CURVE('',#2525,#2516,#2527,.T.);
#2525 = VERTEX_POINT('',#2526);
#2526 = CARTESIAN_POINT('',(6.45,-0.35,-3.5));
#2527 = LINE('',#2528,#2529);
#2528 = CARTESIAN_POINT('',(6.45,-0.35,-3.5));
#2529 = VECTOR('',#2530,1.);
#2530 = DIRECTION('',(0.,-5.551115123126E-16,1.));
#2531 = ORIENTED_EDGE('',*,*,#2532,.F.);
#2532 = EDGE_CURVE('',#2533,#2525,#2535,.T.);
#2533 = VERTEX_POINT('',#2534);
#2534 = CARTESIAN_POINT('',(6.15,-0.35,-3.5));
#2535 = LINE('',#2536,#2537);
#2536 = CARTESIAN_POINT('',(6.15,-0.35,-3.5));
#2537 = VECTOR('',#2538,1.);
#2538 = DIRECTION('',(1.,0.,0.));
#2539 = ORIENTED_EDGE('',*,*,#2540,.F.);
#2540 = EDGE_CURVE('',#2541,#2533,#2543,.T.);
#2541 = VERTEX_POINT('',#2542);
#2542 = CARTESIAN_POINT('',(6.15,-0.35,-2.542562962528));
#2543 = LINE('',#2544,#2545);
#2544 = CARTESIAN_POINT('',(6.15,-0.35,-2.5));
#2545 = VECTOR('',#2546,1.);
#2546 = DIRECTION('',(0.,5.551115123126E-16,-1.));
#2547 = ORIENTED_EDGE('',*,*,#2548,.F.);
#2548 = EDGE_CURVE('',#2549,#2541,#2551,.T.);
#2549 = VERTEX_POINT('',#2550);
#2550 = CARTESIAN_POINT('',(6.162230377286,-0.35,-2.459232075714));
#2551 = CIRCLE('',#2552,0.29);
#2552 = AXIS2_PLACEMENT_3D('',#2553,#2554,#2555);
#2553 = CARTESIAN_POINT('',(6.44,-0.35,-2.542562962528));
#2554 = DIRECTION('',(0.,-1.,-3.330669073875E-16));
#2555 = DIRECTION('',(0.,-3.330669073875E-16,1.));
#2556 = ORIENTED_EDGE('',*,*,#2557,.T.);
#2557 = EDGE_CURVE('',#2549,#2558,#2560,.T.);
#2558 = VERTEX_POINT('',#2559);
#2559 = CARTESIAN_POINT('',(6.425000733956,-0.35,-1.583330886814));
#2560 = LINE('',#2561,#2562);
#2561 = CARTESIAN_POINT('',(6.15,-0.35,-2.5));
#2562 = VECTOR('',#2563,1.);
#2563 = DIRECTION('',(0.287347885566,-5.31700397722E-16,0.957826285221)
  );
#2564 = ORIENTED_EDGE('',*,*,#2565,.F.);
#2565 = EDGE_CURVE('',#2566,#2558,#2568,.T.);
#2566 = VERTEX_POINT('',#2567);
#2567 = CARTESIAN_POINT('',(6.425000733956,-0.35,-1.416669113186));
#2568 = CIRCLE('',#2569,0.29);
#2569 = AXIS2_PLACEMENT_3D('',#2570,#2571,#2572);
#2570 = CARTESIAN_POINT('',(6.147231111242,-0.35,-1.5));
#2571 = DIRECTION('',(-0.,1.,3.330669073875E-16));
#2572 = DIRECTION('',(0.,-3.330669073875E-16,1.));
#2573 = ORIENTED_EDGE('',*,*,#2574,.T.);
#2574 = EDGE_CURVE('',#2566,#2575,#2577,.T.);
#2575 = VERTEX_POINT('',#2576);
#2576 = CARTESIAN_POINT('',(6.162230377286,-0.35,-0.540767924286));
#2577 = LINE('',#2578,#2579);
#2578 = CARTESIAN_POINT('',(6.45,-0.35,-1.5));
#2579 = VECTOR('',#2580,1.);
#2580 = DIRECTION('',(-0.287347885566,-5.31700397722E-16,0.957826285221)
  );
#2581 = ORIENTED_EDGE('',*,*,#2582,.F.);
#2582 = EDGE_CURVE('',#2583,#2575,#2585,.T.);
#2583 = VERTEX_POINT('',#2584);
#2584 = CARTESIAN_POINT('',(6.15,-0.35,-0.457437037472));
#2585 = CIRCLE('',#2586,0.29);
#2586 = AXIS2_PLACEMENT_3D('',#2587,#2588,#2589);
#2587 = CARTESIAN_POINT('',(6.44,-0.35,-0.457437037472));
#2588 = DIRECTION('',(0.,-1.,-3.330669073875E-16));
#2589 = DIRECTION('',(0.,-3.330669073875E-16,1.));
#2590 = ORIENTED_EDGE('',*,*,#2591,.F.);
#2591 = EDGE_CURVE('',#1178,#2583,#2592,.T.);
#2592 = LINE('',#2593,#2594);
#2593 = CARTESIAN_POINT('',(6.15,-0.35,1.5));
#2594 = VECTOR('',#2595,1.);
#2595 = DIRECTION('',(0.,5.551115123126E-16,-1.));
#2596 = ORIENTED_EDGE('',*,*,#1177,.F.);
#2597 = ORIENTED_EDGE('',*,*,#2598,.F.);
#2598 = EDGE_CURVE('',#2599,#1170,#2601,.T.);
#2599 = VERTEX_POINT('',#2600);
#2600 = CARTESIAN_POINT('',(6.16,-0.35,1.5));
#2601 = LINE('',#2602,#2603);
#2602 = CARTESIAN_POINT('',(6.45,-0.35,1.5));
#2603 = VECTOR('',#2604,1.);
#2604 = DIRECTION('',(-1.,-0.,0.));
#2605 = ORIENTED_EDGE('',*,*,#2606,.F.);
#2606 = EDGE_CURVE('',#2607,#2599,#2609,.T.);
#2607 = VERTEX_POINT('',#2608);
#2608 = CARTESIAN_POINT('',(6.45,-0.35,1.21));
#2609 = CIRCLE('',#2610,0.29);
#2610 = AXIS2_PLACEMENT_3D('',#2611,#2612,#2613);
#2611 = CARTESIAN_POINT('',(6.16,-0.35,1.21));
#2612 = DIRECTION('',(0.,-1.,-3.330669073875E-16));
#2613 = DIRECTION('',(0.,-3.330669073875E-16,1.));
#2614 = ORIENTED_EDGE('',*,*,#2615,.F.);
#2615 = EDGE_CURVE('',#2616,#2607,#2618,.T.);
#2616 = VERTEX_POINT('',#2617);
#2617 = CARTESIAN_POINT('',(6.45,-0.35,-0.457437037472));
#2618 = LINE('',#2619,#2620);
#2619 = CARTESIAN_POINT('',(6.45,-0.35,-0.5));
#2620 = VECTOR('',#2621,1.);
#2621 = DIRECTION('',(0.,-5.551115123126E-16,1.));
#2622 = ORIENTED_EDGE('',*,*,#2623,.F.);
#2623 = EDGE_CURVE('',#2489,#2616,#2624,.T.);
#2624 = CIRCLE('',#2625,0.29);
#2625 = AXIS2_PLACEMENT_3D('',#2626,#2627,#2628);
#2626 = CARTESIAN_POINT('',(6.74,-0.35,-0.457437037472));
#2627 = DIRECTION('',(-0.,1.,3.330669073875E-16));
#2628 = DIRECTION('',(0.,-3.330669073875E-16,1.));
#2629 = PLANE('',#2630);
#2630 = AXIS2_PLACEMENT_3D('',#2631,#2632,#2633);
#2631 = CARTESIAN_POINT('',(6.45,-0.35,-0.5));
#2632 = DIRECTION('',(1.64346021921E-31,1.,5.551115123126E-16));
#2633 = DIRECTION('',(0.,-5.551115123126E-16,1.));
#2634 = ADVANCED_FACE('',(#2635),#2646,.T.);
#2635 = FACE_BOUND('',#2636,.T.);
#2636 = EDGE_LOOP('',(#2637,#2638,#2644,#2645));
#2637 = ORIENTED_EDGE('',*,*,#2598,.F.);
#2638 = ORIENTED_EDGE('',*,*,#2639,.T.);
#2639 = EDGE_CURVE('',#2599,#2449,#2640,.T.);
#2640 = LINE('',#2641,#2642);
#2641 = CARTESIAN_POINT('',(6.16,-0.35,1.5));
#2642 = VECTOR('',#2643,1.);
#2643 = DIRECTION('',(0.,1.,3.330669073875E-16));
#2644 = ORIENTED_EDGE('',*,*,#2448,.T.);
#2645 = ORIENTED_EDGE('',*,*,#1169,.F.);
#2646 = PLANE('',#2647);
#2647 = AXIS2_PLACEMENT_3D('',#2648,#2649,#2650);
#2648 = CARTESIAN_POINT('',(6.45,-0.35,1.5));
#2649 = DIRECTION('',(0.,-3.330669073875E-16,1.));
#2650 = DIRECTION('',(-1.,0.,0.));
#2651 = ADVANCED_FACE('',(#2652),#2655,.F.);
#2652 = FACE_BOUND('',#2653,.F.);
#2653 = EDGE_LOOP('',(#2654));
#2654 = ORIENTED_EDGE('',*,*,#1309,.F.);
#2655 = PLANE('',#2656);
#2656 = AXIS2_PLACEMENT_3D('',#2657,#2658,#2659);
#2657 = CARTESIAN_POINT('',(4.9,-2.25,4.3));
#2658 = DIRECTION('',(0.,0.,-1.));
#2659 = DIRECTION('',(-1.,0.,0.));
#2660 = ADVANCED_FACE('',(#2661),#2672,.F.);
#2661 = FACE_BOUND('',#2662,.F.);
#2662 = EDGE_LOOP('',(#2663,#2664,#2665,#2666));
#2663 = ORIENTED_EDGE('',*,*,#1807,.F.);
#2664 = ORIENTED_EDGE('',*,*,#1346,.F.);
#2665 = ORIENTED_EDGE('',*,*,#1957,.T.);
#2666 = ORIENTED_EDGE('',*,*,#2667,.F.);
#2667 = EDGE_CURVE('',#1799,#1949,#2668,.T.);
#2668 = LINE('',#2669,#2670);
#2669 = CARTESIAN_POINT('',(0.15,-4.85,-0.457437037472));
#2670 = VECTOR('',#2671,1.);
#2671 = DIRECTION('',(0.,1.,3.330669073875E-16));
#2672 = PLANE('',#2673);
#2673 = AXIS2_PLACEMENT_3D('',#2674,#2675,#2676);
#2674 = CARTESIAN_POINT('',(0.15,-4.85,1.5));
#2675 = DIRECTION('',(-1.,0.,-0.));
#2676 = DIRECTION('',(0.,5.551115123126E-16,-1.));
#2677 = ADVANCED_FACE('',(#2678),#2689,.T.);
#2678 = FACE_BOUND('',#2679,.T.);
#2679 = EDGE_LOOP('',(#2680,#2681,#2682,#2683));
#2680 = ORIENTED_EDGE('',*,*,#2124,.F.);
#2681 = ORIENTED_EDGE('',*,*,#1371,.T.);
#2682 = ORIENTED_EDGE('',*,*,#2298,.T.);
#2683 = ORIENTED_EDGE('',*,*,#2684,.F.);
#2684 = EDGE_CURVE('',#2116,#2290,#2685,.T.);
#2685 = LINE('',#2686,#2687);
#2686 = CARTESIAN_POINT('',(6.15,-4.85,-0.457437037472));
#2687 = VECTOR('',#2688,1.);
#2688 = DIRECTION('',(0.,1.,3.330669073875E-16));
#2689 = PLANE('',#2690);
#2690 = AXIS2_PLACEMENT_3D('',#2691,#2692,#2693);
#2691 = CARTESIAN_POINT('',(6.15,-4.85,1.5));
#2692 = DIRECTION('',(-1.,0.,-0.));
#2693 = DIRECTION('',(0.,5.551115123126E-16,-1.));
#2694 = ADVANCED_FACE('',(#2695),#2706,.F.);
#2695 = FACE_BOUND('',#2696,.F.);
#2696 = EDGE_LOOP('',(#2697,#2698,#2699,#2700));
#2697 = ORIENTED_EDGE('',*,*,#1664,.F.);
#2698 = ORIENTED_EDGE('',*,*,#1353,.F.);
#2699 = ORIENTED_EDGE('',*,*,#1490,.T.);
#2700 = ORIENTED_EDGE('',*,*,#2701,.F.);
#2701 = EDGE_CURVE('',#1656,#1482,#2702,.T.);
#2702 = LINE('',#2703,#2704);
#2703 = CARTESIAN_POINT('',(0.15,-0.35,-0.457437037472));
#2704 = VECTOR('',#2705,1.);
#2705 = DIRECTION('',(0.,1.,3.330669073875E-16));
#2706 = PLANE('',#2707);
#2707 = AXIS2_PLACEMENT_3D('',#2708,#2709,#2710);
#2708 = CARTESIAN_POINT('',(0.15,-0.35,1.5));
#2709 = DIRECTION('',(-1.,0.,-0.));
#2710 = DIRECTION('',(0.,5.551115123126E-16,-1.));
#2711 = ADVANCED_FACE('',(#2712),#2723,.T.);
#2712 = FACE_BOUND('',#2713,.T.);
#2713 = EDGE_LOOP('',(#2714,#2715,#2716,#2717));
#2714 = ORIENTED_EDGE('',*,*,#2591,.F.);
#2715 = ORIENTED_EDGE('',*,*,#1364,.T.);
#2716 = ORIENTED_EDGE('',*,*,#2441,.T.);
#2717 = ORIENTED_EDGE('',*,*,#2718,.F.);
#2718 = EDGE_CURVE('',#2583,#2433,#2719,.T.);
#2719 = LINE('',#2720,#2721);
#2720 = CARTESIAN_POINT('',(6.15,-0.35,-0.457437037472));
#2721 = VECTOR('',#2722,1.);
#2722 = DIRECTION('',(0.,1.,3.330669073875E-16));
#2723 = PLANE('',#2724);
#2724 = AXIS2_PLACEMENT_3D('',#2725,#2726,#2727);
#2725 = CARTESIAN_POINT('',(6.15,-0.35,1.5));
#2726 = DIRECTION('',(-1.,0.,-0.));
#2727 = DIRECTION('',(0.,5.551115123126E-16,-1.));
#2728 = ADVANCED_FACE('',(#2729),#2745,.T.);
#2729 = FACE_BOUND('',#2730,.T.);
#2730 = EDGE_LOOP('',(#2731,#2732,#2738,#2739));
#2731 = ORIENTED_EDGE('',*,*,#1561,.F.);
#2732 = ORIENTED_EDGE('',*,*,#2733,.T.);
#2733 = EDGE_CURVE('',#1562,#1388,#2734,.T.);
#2734 = LINE('',#2735,#2736);
#2735 = CARTESIAN_POINT('',(-0.162230377286,-0.35,-0.540767924286));
#2736 = VECTOR('',#2737,1.);
#2737 = DIRECTION('',(0.,1.,3.330669073875E-16));
#2738 = ORIENTED_EDGE('',*,*,#1387,.T.);
#2739 = ORIENTED_EDGE('',*,*,#2740,.F.);
#2740 = EDGE_CURVE('',#1564,#1390,#2741,.T.);
#2741 = LINE('',#2742,#2743);
#2742 = CARTESIAN_POINT('',(-0.425000733956,-0.35,-1.416669113186));
#2743 = VECTOR('',#2744,1.);
#2744 = DIRECTION('',(0.,1.,3.330669073875E-16));
#2745 = PLANE('',#2746);
#2746 = AXIS2_PLACEMENT_3D('',#2747,#2748,#2749);
#2747 = CARTESIAN_POINT('',(-0.15,-0.35,-0.5));
#2748 = DIRECTION('',(-0.957826285221,-9.570607158995E-17,0.287347885566
    ));
#2749 = DIRECTION('',(-0.287347885566,5.31700397722E-16,-0.957826285221)
  );
#2750 = ADVANCED_FACE('',(#2751),#2762,.F.);
#2751 = FACE_BOUND('',#2752,.F.);
#2752 = EDGE_LOOP('',(#2753,#2754,#2755,#2761));
#2753 = ORIENTED_EDGE('',*,*,#2733,.T.);
#2754 = ORIENTED_EDGE('',*,*,#1522,.T.);
#2755 = ORIENTED_EDGE('',*,*,#2756,.F.);
#2756 = EDGE_CURVE('',#1682,#1515,#2757,.T.);
#2757 = LINE('',#2758,#2759);
#2758 = CARTESIAN_POINT('',(-0.15,-0.35,-0.457437037472));
#2759 = VECTOR('',#2760,1.);
#2760 = DIRECTION('',(0.,1.,3.330669073875E-16));
#2761 = ORIENTED_EDGE('',*,*,#1689,.F.);
#2762 = CYLINDRICAL_SURFACE('',#2763,0.29);
#2763 = AXIS2_PLACEMENT_3D('',#2764,#2765,#2766);
#2764 = CARTESIAN_POINT('',(-0.44,-0.35,-0.457437037472));
#2765 = DIRECTION('',(0.,1.,3.330669073875E-16));
#2766 = DIRECTION('',(0.957826285221,9.570607158983E-17,-0.287347885566)
  );
#2767 = ADVANCED_FACE('',(#2768),#2779,.T.);
#2768 = FACE_BOUND('',#2769,.T.);
#2769 = EDGE_LOOP('',(#2770,#2771,#2772,#2778));
#2770 = ORIENTED_EDGE('',*,*,#2740,.T.);
#2771 = ORIENTED_EDGE('',*,*,#1397,.T.);
#2772 = ORIENTED_EDGE('',*,*,#2773,.F.);
#2773 = EDGE_CURVE('',#1572,#1398,#2774,.T.);
#2774 = LINE('',#2775,#2776);
#2775 = CARTESIAN_POINT('',(-0.425000733956,-0.35,-1.583330886814));
#2776 = VECTOR('',#2777,1.);
#2777 = DIRECTION('',(0.,1.,3.330669073875E-16));
#2778 = ORIENTED_EDGE('',*,*,#1571,.F.);
#2779 = CYLINDRICAL_SURFACE('',#2780,0.29);
#2780 = AXIS2_PLACEMENT_3D('',#2781,#2782,#2783);
#2781 = CARTESIAN_POINT('',(-0.147231111242,-0.35,-1.5));
#2782 = DIRECTION('',(0.,1.,3.330669073875E-16));
#2783 = DIRECTION('',(-0.957826285221,-9.570607158983E-17,0.287347885566
    ));
#2784 = ADVANCED_FACE('',(#2785),#2796,.F.);
#2785 = FACE_BOUND('',#2786,.F.);
#2786 = EDGE_LOOP('',(#2787,#2788,#2789,#2790));
#2787 = ORIENTED_EDGE('',*,*,#1681,.F.);
#2788 = ORIENTED_EDGE('',*,*,#2756,.T.);
#2789 = ORIENTED_EDGE('',*,*,#1514,.T.);
#2790 = ORIENTED_EDGE('',*,*,#2791,.F.);
#2791 = EDGE_CURVE('',#1673,#1506,#2792,.T.);
#2792 = LINE('',#2793,#2794);
#2793 = CARTESIAN_POINT('',(-0.15,-0.35,1.21));
#2794 = VECTOR('',#2795,1.);
#2795 = DIRECTION('',(0.,1.,3.330669073875E-16));
#2796 = PLANE('',#2797);
#2797 = AXIS2_PLACEMENT_3D('',#2798,#2799,#2800);
#2798 = CARTESIAN_POINT('',(-0.15,-0.35,-0.5));
#2799 = DIRECTION('',(1.,0.,0.));
#2800 = DIRECTION('',(0.,-5.551115123126E-16,1.));
#2801 = ADVANCED_FACE('',(#2802),#2813,.T.);
#2802 = FACE_BOUND('',#2803,.T.);
#2803 = EDGE_LOOP('',(#2804,#2805,#2806,#2807));
#2804 = ORIENTED_EDGE('',*,*,#1580,.F.);
#2805 = ORIENTED_EDGE('',*,*,#2773,.T.);
#2806 = ORIENTED_EDGE('',*,*,#1406,.T.);
#2807 = ORIENTED_EDGE('',*,*,#2808,.F.);
#2808 = EDGE_CURVE('',#1581,#1407,#2809,.T.);
#2809 = LINE('',#2810,#2811);
#2810 = CARTESIAN_POINT('',(-0.162230377286,-0.35,-2.459232075714));
#2811 = VECTOR('',#2812,1.);
#2812 = DIRECTION('',(0.,1.,3.330669073875E-16));
#2813 = PLANE('',#2814);
#2814 = AXIS2_PLACEMENT_3D('',#2815,#2816,#2817);
#2815 = CARTESIAN_POINT('',(-0.45,-0.35,-1.5));
#2816 = DIRECTION('',(-0.957826285221,9.570607158995E-17,-0.287347885566
    ));
#2817 = DIRECTION('',(0.287347885566,5.31700397722E-16,-0.957826285221)
  );
#2818 = ADVANCED_FACE('',(#2819),#2825,.T.);
#2819 = FACE_BOUND('',#2820,.T.);
#2820 = EDGE_LOOP('',(#2821,#2822,#2823,#2824));
#2821 = ORIENTED_EDGE('',*,*,#1672,.T.);
#2822 = ORIENTED_EDGE('',*,*,#1545,.T.);
#2823 = ORIENTED_EDGE('',*,*,#1505,.F.);
#2824 = ORIENTED_EDGE('',*,*,#2791,.F.);
#2825 = CYLINDRICAL_SURFACE('',#2826,0.29);
#2826 = AXIS2_PLACEMENT_3D('',#2827,#2828,#2829);
#2827 = CARTESIAN_POINT('',(0.14,-0.35,1.21));
#2828 = DIRECTION('',(0.,1.,3.330669073875E-16));
#2829 = DIRECTION('',(-1.,0.,0.));
#2830 = ADVANCED_FACE('',(#2831),#2842,.F.);
#2831 = FACE_BOUND('',#2832,.F.);
#2832 = EDGE_LOOP('',(#2833,#2839,#2840,#2841));
#2833 = ORIENTED_EDGE('',*,*,#2834,.T.);
#2834 = EDGE_CURVE('',#1589,#1415,#2835,.T.);
#2835 = LINE('',#2836,#2837);
#2836 = CARTESIAN_POINT('',(-0.15,-0.35,-2.542562962528));
#2837 = VECTOR('',#2838,1.);
#2838 = DIRECTION('',(0.,1.,3.330669073875E-16));
#2839 = ORIENTED_EDGE('',*,*,#1414,.T.);
#2840 = ORIENTED_EDGE('',*,*,#2808,.F.);
#2841 = ORIENTED_EDGE('',*,*,#1588,.F.);
#2842 = CYLINDRICAL_SURFACE('',#2843,0.29);
#2843 = AXIS2_PLACEMENT_3D('',#2844,#2845,#2846);
#2844 = CARTESIAN_POINT('',(-0.44,-0.35,-2.542562962528));
#2845 = DIRECTION('',(0.,1.,3.330669073875E-16));
#2846 = DIRECTION('',(1.,0.,-0.));
#2847 = ADVANCED_FACE('',(#2848),#2859,.F.);
#2848 = FACE_BOUND('',#2849,.F.);
#2849 = EDGE_LOOP('',(#2850,#2851,#2857,#2858));
#2850 = ORIENTED_EDGE('',*,*,#1597,.F.);
#2851 = ORIENTED_EDGE('',*,*,#2852,.T.);
#2852 = EDGE_CURVE('',#1598,#1424,#2853,.T.);
#2853 = LINE('',#2854,#2855);
#2854 = CARTESIAN_POINT('',(-0.15,-0.35,-3.5));
#2855 = VECTOR('',#2856,1.);
#2856 = DIRECTION('',(0.,1.,3.330669073875E-16));
#2857 = ORIENTED_EDGE('',*,*,#1423,.T.);
#2858 = ORIENTED_EDGE('',*,*,#2834,.F.);
#2859 = PLANE('',#2860);
#2860 = AXIS2_PLACEMENT_3D('',#2861,#2862,#2863);
#2861 = CARTESIAN_POINT('',(-0.15,-0.35,-3.5));
#2862 = DIRECTION('',(1.,0.,0.));
#2863 = DIRECTION('',(0.,-5.551115123126E-16,1.));
#2864 = ADVANCED_FACE('',(#2865),#2876,.F.);
#2865 = FACE_BOUND('',#2866,.F.);
#2866 = EDGE_LOOP('',(#2867,#2873,#2874,#2875));
#2867 = ORIENTED_EDGE('',*,*,#2868,.T.);
#2868 = EDGE_CURVE('',#1606,#1432,#2869,.T.);
#2869 = LINE('',#2870,#2871);
#2870 = CARTESIAN_POINT('',(0.15,-0.35,-3.5));
#2871 = VECTOR('',#2872,1.);
#2872 = DIRECTION('',(0.,1.,3.330669073875E-16));
#2873 = ORIENTED_EDGE('',*,*,#1431,.T.);
#2874 = ORIENTED_EDGE('',*,*,#2852,.F.);
#2875 = ORIENTED_EDGE('',*,*,#1605,.F.);
#2876 = PLANE('',#2877);
#2877 = AXIS2_PLACEMENT_3D('',#2878,#2879,#2880);
#2878 = CARTESIAN_POINT('',(0.15,-0.35,-3.5));
#2879 = DIRECTION('',(0.,-3.330669073875E-16,1.));
#2880 = DIRECTION('',(-1.,0.,0.));
#2881 = ADVANCED_FACE('',(#2882),#2893,.F.);
#2882 = FACE_BOUND('',#2883,.F.);
#2883 = EDGE_LOOP('',(#2884,#2885,#2891,#2892));
#2884 = ORIENTED_EDGE('',*,*,#1613,.F.);
#2885 = ORIENTED_EDGE('',*,*,#2886,.T.);
#2886 = EDGE_CURVE('',#1614,#1440,#2887,.T.);
#2887 = LINE('',#2888,#2889);
#2888 = CARTESIAN_POINT('',(0.15,-0.35,-2.542562962528));
#2889 = VECTOR('',#2890,1.);
#2890 = DIRECTION('',(0.,1.,3.330669073875E-16));
#2891 = ORIENTED_EDGE('',*,*,#1439,.T.);
#2892 = ORIENTED_EDGE('',*,*,#2868,.F.);
#2893 = PLANE('',#2894);
#2894 = AXIS2_PLACEMENT_3D('',#2895,#2896,#2897);
#2895 = CARTESIAN_POINT('',(0.15,-0.35,-2.5));
#2896 = DIRECTION('',(-1.,0.,-0.));
#2897 = DIRECTION('',(0.,5.551115123126E-16,-1.));
#2898 = ADVANCED_FACE('',(#2899),#2910,.T.);
#2899 = FACE_BOUND('',#2900,.T.);
#2900 = EDGE_LOOP('',(#2901,#2902,#2908,#2909));
#2901 = ORIENTED_EDGE('',*,*,#1655,.T.);
#2902 = ORIENTED_EDGE('',*,*,#2903,.T.);
#2903 = EDGE_CURVE('',#1648,#1474,#2904,.T.);
#2904 = LINE('',#2905,#2906);
#2905 = CARTESIAN_POINT('',(0.137769622714,-0.35,-0.540767924286));
#2906 = VECTOR('',#2907,1.);
#2907 = DIRECTION('',(0.,1.,3.330669073875E-16));
#2908 = ORIENTED_EDGE('',*,*,#1481,.F.);
#2909 = ORIENTED_EDGE('',*,*,#2701,.F.);
#2910 = CYLINDRICAL_SURFACE('',#2911,0.29);
#2911 = AXIS2_PLACEMENT_3D('',#2912,#2913,#2914);
#2912 = CARTESIAN_POINT('',(-0.14,-0.35,-0.457437037472));
#2913 = DIRECTION('',(0.,1.,3.330669073875E-16));
#2914 = DIRECTION('',(1.,0.,-0.));
#2915 = ADVANCED_FACE('',(#2916),#2927,.T.);
#2916 = FACE_BOUND('',#2917,.T.);
#2917 = EDGE_LOOP('',(#2918,#2919,#2920,#2921));
#2918 = ORIENTED_EDGE('',*,*,#1621,.T.);
#2919 = ORIENTED_EDGE('',*,*,#2886,.T.);
#2920 = ORIENTED_EDGE('',*,*,#1447,.F.);
#2921 = ORIENTED_EDGE('',*,*,#2922,.F.);
#2922 = EDGE_CURVE('',#1622,#1448,#2923,.T.);
#2923 = LINE('',#2924,#2925);
#2924 = CARTESIAN_POINT('',(0.137769622714,-0.35,-2.459232075714));
#2925 = VECTOR('',#2926,1.);
#2926 = DIRECTION('',(0.,1.,3.330669073875E-16));
#2927 = CYLINDRICAL_SURFACE('',#2928,0.29);
#2928 = AXIS2_PLACEMENT_3D('',#2929,#2930,#2931);
#2929 = CARTESIAN_POINT('',(-0.14,-0.35,-2.542562962528));
#2930 = DIRECTION('',(0.,1.,3.330669073875E-16));
#2931 = DIRECTION('',(0.957826285221,-9.570607158983E-17,0.287347885566)
  );
#2932 = ADVANCED_FACE('',(#2933),#2944,.T.);
#2933 = FACE_BOUND('',#2934,.T.);
#2934 = EDGE_LOOP('',(#2935,#2936,#2942,#2943));
#2935 = ORIENTED_EDGE('',*,*,#1647,.F.);
#2936 = ORIENTED_EDGE('',*,*,#2937,.T.);
#2937 = EDGE_CURVE('',#1639,#1465,#2938,.T.);
#2938 = LINE('',#2939,#2940);
#2939 = CARTESIAN_POINT('',(-0.125000733956,-0.35,-1.416669113186));
#2940 = VECTOR('',#2941,1.);
#2941 = DIRECTION('',(0.,1.,3.330669073875E-16));
#2942 = ORIENTED_EDGE('',*,*,#1473,.T.);
#2943 = ORIENTED_EDGE('',*,*,#2903,.F.);
#2944 = PLANE('',#2945);
#2945 = AXIS2_PLACEMENT_3D('',#2946,#2947,#2948);
#2946 = CARTESIAN_POINT('',(-0.15,-0.35,-1.5));
#2947 = DIRECTION('',(0.957826285221,9.570607158995E-17,-0.287347885566)
  );
#2948 = DIRECTION('',(0.287347885566,-5.31700397722E-16,0.957826285221)
  );
#2949 = ADVANCED_FACE('',(#2950),#2961,.T.);
#2950 = FACE_BOUND('',#2951,.T.);
#2951 = EDGE_LOOP('',(#2952,#2953,#2954,#2955));
#2952 = ORIENTED_EDGE('',*,*,#1630,.F.);
#2953 = ORIENTED_EDGE('',*,*,#2922,.T.);
#2954 = ORIENTED_EDGE('',*,*,#1456,.T.);
#2955 = ORIENTED_EDGE('',*,*,#2956,.F.);
#2956 = EDGE_CURVE('',#1631,#1457,#2957,.T.);
#2957 = LINE('',#2958,#2959);
#2958 = CARTESIAN_POINT('',(-0.125000733956,-0.35,-1.583330886814));
#2959 = VECTOR('',#2960,1.);
#2960 = DIRECTION('',(0.,1.,3.330669073875E-16));
#2961 = PLANE('',#2962);
#2962 = AXIS2_PLACEMENT_3D('',#2963,#2964,#2965);
#2963 = CARTESIAN_POINT('',(0.15,-0.35,-2.5));
#2964 = DIRECTION('',(0.957826285221,-9.570607158995E-17,0.287347885566)
  );
#2965 = DIRECTION('',(-0.287347885566,-5.31700397722E-16,0.957826285221)
  );
#2966 = ADVANCED_FACE('',(#2967),#2973,.F.);
#2967 = FACE_BOUND('',#2968,.F.);
#2968 = EDGE_LOOP('',(#2969,#2970,#2971,#2972));
#2969 = ORIENTED_EDGE('',*,*,#2937,.T.);
#2970 = ORIENTED_EDGE('',*,*,#1464,.T.);
#2971 = ORIENTED_EDGE('',*,*,#2956,.F.);
#2972 = ORIENTED_EDGE('',*,*,#1638,.F.);
#2973 = CYLINDRICAL_SURFACE('',#2974,0.29);
#2974 = AXIS2_PLACEMENT_3D('',#2975,#2976,#2977);
#2975 = CARTESIAN_POINT('',(0.152768888758,-0.35,-1.5));
#2976 = DIRECTION('',(0.,1.,3.330669073875E-16));
#2977 = DIRECTION('',(-0.957826285221,-9.570607158983E-17,0.287347885566
    ));
#2978 = ADVANCED_FACE('',(#2979),#2995,.T.);
#2979 = FACE_BOUND('',#2980,.T.);
#2980 = EDGE_LOOP('',(#2981,#2982,#2988,#2989));
#2981 = ORIENTED_EDGE('',*,*,#1704,.F.);
#2982 = ORIENTED_EDGE('',*,*,#2983,.T.);
#2983 = EDGE_CURVE('',#1705,#1855,#2984,.T.);
#2984 = LINE('',#2985,#2986);
#2985 = CARTESIAN_POINT('',(-0.162230377286,-4.85,-0.540767924286));
#2986 = VECTOR('',#2987,1.);
#2987 = DIRECTION('',(0.,1.,3.330669073875E-16));
#2988 = ORIENTED_EDGE('',*,*,#1854,.T.);
#2989 = ORIENTED_EDGE('',*,*,#2990,.F.);
#2990 = EDGE_CURVE('',#1707,#1857,#2991,.T.);
#2991 = LINE('',#2992,#2993);
#2992 = CARTESIAN_POINT('',(-0.425000733956,-4.85,-1.416669113186));
#2993 = VECTOR('',#2994,1.);
#2994 = DIRECTION('',(0.,1.,3.330669073875E-16));
#2995 = PLANE('',#2996);
#2996 = AXIS2_PLACEMENT_3D('',#2997,#2998,#2999);
#2997 = CARTESIAN_POINT('',(-0.15,-4.85,-0.5));
#2998 = DIRECTION('',(-0.957826285221,-9.570607158995E-17,0.287347885566
    ));
#2999 = DIRECTION('',(-0.287347885566,5.31700397722E-16,-0.957826285221)
  );
#3000 = ADVANCED_FACE('',(#3001),#3012,.F.);
#3001 = FACE_BOUND('',#3002,.F.);
#3002 = EDGE_LOOP('',(#3003,#3004,#3005,#3011));
#3003 = ORIENTED_EDGE('',*,*,#2983,.T.);
#3004 = ORIENTED_EDGE('',*,*,#1989,.T.);
#3005 = ORIENTED_EDGE('',*,*,#3006,.F.);
#3006 = EDGE_CURVE('',#1832,#1982,#3007,.T.);
#3007 = LINE('',#3008,#3009);
#3008 = CARTESIAN_POINT('',(-0.15,-4.85,-0.457437037472));
#3009 = VECTOR('',#3010,1.);
#3010 = DIRECTION('',(0.,1.,3.330669073875E-16));
#3011 = ORIENTED_EDGE('',*,*,#1839,.F.);
#3012 = CYLINDRICAL_SURFACE('',#3013,0.29);
#3013 = AXIS2_PLACEMENT_3D('',#3014,#3015,#3016);
#3014 = CARTESIAN_POINT('',(-0.44,-4.85,-0.457437037472));
#3015 = DIRECTION('',(0.,1.,3.330669073875E-16));
#3016 = DIRECTION('',(0.957826285221,9.570607158983E-17,-0.287347885566)
  );
#3017 = ADVANCED_FACE('',(#3018),#3029,.T.);
#3018 = FACE_BOUND('',#3019,.T.);
#3019 = EDGE_LOOP('',(#3020,#3021,#3022,#3028));
#3020 = ORIENTED_EDGE('',*,*,#2990,.T.);
#3021 = ORIENTED_EDGE('',*,*,#1864,.T.);
#3022 = ORIENTED_EDGE('',*,*,#3023,.F.);
#3023 = EDGE_CURVE('',#1715,#1865,#3024,.T.);
#3024 = LINE('',#3025,#3026);
#3025 = CARTESIAN_POINT('',(-0.425000733956,-4.85,-1.583330886814));
#3026 = VECTOR('',#3027,1.);
#3027 = DIRECTION('',(0.,1.,3.330669073875E-16));
#3028 = ORIENTED_EDGE('',*,*,#1714,.F.);
#3029 = CYLINDRICAL_SURFACE('',#3030,0.29);
#3030 = AXIS2_PLACEMENT_3D('',#3031,#3032,#3033);
#3031 = CARTESIAN_POINT('',(-0.147231111242,-4.85,-1.5));
#3032 = DIRECTION('',(0.,1.,3.330669073875E-16));
#3033 = DIRECTION('',(-0.957826285221,-9.570607158983E-17,0.287347885566
    ));
#3034 = ADVANCED_FACE('',(#3035),#3046,.F.);
#3035 = FACE_BOUND('',#3036,.F.);
#3036 = EDGE_LOOP('',(#3037,#3038,#3039,#3040));
#3037 = ORIENTED_EDGE('',*,*,#1831,.F.);
#3038 = ORIENTED_EDGE('',*,*,#3006,.T.);
#3039 = ORIENTED_EDGE('',*,*,#1981,.T.);
#3040 = ORIENTED_EDGE('',*,*,#3041,.F.);
#3041 = EDGE_CURVE('',#1823,#1973,#3042,.T.);
#3042 = LINE('',#3043,#3044);
#3043 = CARTESIAN_POINT('',(-0.15,-4.85,1.21));
#3044 = VECTOR('',#3045,1.);
#3045 = DIRECTION('',(0.,1.,3.330669073875E-16));
#3046 = PLANE('',#3047);
#3047 = AXIS2_PLACEMENT_3D('',#3048,#3049,#3050);
#3048 = CARTESIAN_POINT('',(-0.15,-4.85,-0.5));
#3049 = DIRECTION('',(1.,0.,0.));
#3050 = DIRECTION('',(0.,-5.551115123126E-16,1.));
#3051 = ADVANCED_FACE('',(#3052),#3063,.T.);
#3052 = FACE_BOUND('',#3053,.T.);
#3053 = EDGE_LOOP('',(#3054,#3055,#3056,#3057));
#3054 = ORIENTED_EDGE('',*,*,#1723,.F.);
#3055 = ORIENTED_EDGE('',*,*,#3023,.T.);
#3056 = ORIENTED_EDGE('',*,*,#1873,.T.);
#3057 = ORIENTED_EDGE('',*,*,#3058,.F.);
#3058 = EDGE_CURVE('',#1724,#1874,#3059,.T.);
#3059 = LINE('',#3060,#3061);
#3060 = CARTESIAN_POINT('',(-0.162230377286,-4.85,-2.459232075714));
#3061 = VECTOR('',#3062,1.);
#3062 = DIRECTION('',(0.,1.,3.330669073875E-16));
#3063 = PLANE('',#3064);
#3064 = AXIS2_PLACEMENT_3D('',#3065,#3066,#3067);
#3065 = CARTESIAN_POINT('',(-0.45,-4.85,-1.5));
#3066 = DIRECTION('',(-0.957826285221,9.570607158995E-17,-0.287347885566
    ));
#3067 = DIRECTION('',(0.287347885566,5.31700397722E-16,-0.957826285221)
  );
#3068 = ADVANCED_FACE('',(#3069),#3075,.T.);
#3069 = FACE_BOUND('',#3070,.T.);
#3070 = EDGE_LOOP('',(#3071,#3072,#3073,#3074));
#3071 = ORIENTED_EDGE('',*,*,#1822,.T.);
#3072 = ORIENTED_EDGE('',*,*,#2005,.T.);
#3073 = ORIENTED_EDGE('',*,*,#1972,.F.);
#3074 = ORIENTED_EDGE('',*,*,#3041,.F.);
#3075 = CYLINDRICAL_SURFACE('',#3076,0.29);
#3076 = AXIS2_PLACEMENT_3D('',#3077,#3078,#3079);
#3077 = CARTESIAN_POINT('',(0.14,-4.85,1.21));
#3078 = DIRECTION('',(0.,1.,3.330669073875E-16));
#3079 = DIRECTION('',(-1.,0.,0.));
#3080 = ADVANCED_FACE('',(#3081),#3092,.F.);
#3081 = FACE_BOUND('',#3082,.F.);
#3082 = EDGE_LOOP('',(#3083,#3089,#3090,#3091));
#3083 = ORIENTED_EDGE('',*,*,#3084,.T.);
#3084 = EDGE_CURVE('',#1732,#1882,#3085,.T.);
#3085 = LINE('',#3086,#3087);
#3086 = CARTESIAN_POINT('',(-0.15,-4.85,-2.542562962528));
#3087 = VECTOR('',#3088,1.);
#3088 = DIRECTION('',(0.,1.,3.330669073875E-16));
#3089 = ORIENTED_EDGE('',*,*,#1881,.T.);
#3090 = ORIENTED_EDGE('',*,*,#3058,.F.);
#3091 = ORIENTED_EDGE('',*,*,#1731,.F.);
#3092 = CYLINDRICAL_SURFACE('',#3093,0.29);
#3093 = AXIS2_PLACEMENT_3D('',#3094,#3095,#3096);
#3094 = CARTESIAN_POINT('',(-0.44,-4.85,-2.542562962528));
#3095 = DIRECTION('',(0.,1.,3.330669073875E-16));
#3096 = DIRECTION('',(1.,0.,-0.));
#3097 = ADVANCED_FACE('',(#3098),#3109,.F.);
#3098 = FACE_BOUND('',#3099,.F.);
#3099 = EDGE_LOOP('',(#3100,#3101,#3107,#3108));
#3100 = ORIENTED_EDGE('',*,*,#1740,.F.);
#3101 = ORIENTED_EDGE('',*,*,#3102,.T.);
#3102 = EDGE_CURVE('',#1741,#1891,#3103,.T.);
#3103 = LINE('',#3104,#3105);
#3104 = CARTESIAN_POINT('',(-0.15,-4.85,-3.5));
#3105 = VECTOR('',#3106,1.);
#3106 = DIRECTION('',(0.,1.,3.330669073875E-16));
#3107 = ORIENTED_EDGE('',*,*,#1890,.T.);
#3108 = ORIENTED_EDGE('',*,*,#3084,.F.);
#3109 = PLANE('',#3110);
#3110 = AXIS2_PLACEMENT_3D('',#3111,#3112,#3113);
#3111 = CARTESIAN_POINT('',(-0.15,-4.85,-3.5));
#3112 = DIRECTION('',(1.,0.,0.));
#3113 = DIRECTION('',(0.,-5.551115123126E-16,1.));
#3114 = ADVANCED_FACE('',(#3115),#3126,.F.);
#3115 = FACE_BOUND('',#3116,.F.);
#3116 = EDGE_LOOP('',(#3117,#3123,#3124,#3125));
#3117 = ORIENTED_EDGE('',*,*,#3118,.T.);
#3118 = EDGE_CURVE('',#1749,#1899,#3119,.T.);
#3119 = LINE('',#3120,#3121);
#3120 = CARTESIAN_POINT('',(0.15,-4.85,-3.5));
#3121 = VECTOR('',#3122,1.);
#3122 = DIRECTION('',(0.,1.,3.330669073875E-16));
#3123 = ORIENTED_EDGE('',*,*,#1898,.T.);
#3124 = ORIENTED_EDGE('',*,*,#3102,.F.);
#3125 = ORIENTED_EDGE('',*,*,#1748,.F.);
#3126 = PLANE('',#3127);
#3127 = AXIS2_PLACEMENT_3D('',#3128,#3129,#3130);
#3128 = CARTESIAN_POINT('',(0.15,-4.85,-3.5));
#3129 = DIRECTION('',(0.,-3.330669073875E-16,1.));
#3130 = DIRECTION('',(-1.,0.,0.));
#3131 = ADVANCED_FACE('',(#3132),#3143,.F.);
#3132 = FACE_BOUND('',#3133,.F.);
#3133 = EDGE_LOOP('',(#3134,#3135,#3141,#3142));
#3134 = ORIENTED_EDGE('',*,*,#1756,.F.);
#3135 = ORIENTED_EDGE('',*,*,#3136,.T.);
#3136 = EDGE_CURVE('',#1757,#1907,#3137,.T.);
#3137 = LINE('',#3138,#3139);
#3138 = CARTESIAN_POINT('',(0.15,-4.85,-2.542562962528));
#3139 = VECTOR('',#3140,1.);
#3140 = DIRECTION('',(0.,1.,3.330669073875E-16));
#3141 = ORIENTED_EDGE('',*,*,#1906,.T.);
#3142 = ORIENTED_EDGE('',*,*,#3118,.F.);
#3143 = PLANE('',#3144);
#3144 = AXIS2_PLACEMENT_3D('',#3145,#3146,#3147);
#3145 = CARTESIAN_POINT('',(0.15,-4.85,-2.5));
#3146 = DIRECTION('',(-1.,0.,-0.));
#3147 = DIRECTION('',(0.,5.551115123126E-16,-1.));
#3148 = ADVANCED_FACE('',(#3149),#3160,.T.);
#3149 = FACE_BOUND('',#3150,.T.);
#3150 = EDGE_LOOP('',(#3151,#3152,#3158,#3159));
#3151 = ORIENTED_EDGE('',*,*,#1798,.T.);
#3152 = ORIENTED_EDGE('',*,*,#3153,.T.);
#3153 = EDGE_CURVE('',#1791,#1941,#3154,.T.);
#3154 = LINE('',#3155,#3156);
#3155 = CARTESIAN_POINT('',(0.137769622714,-4.85,-0.540767924286));
#3156 = VECTOR('',#3157,1.);
#3157 = DIRECTION('',(0.,1.,3.330669073875E-16));
#3158 = ORIENTED_EDGE('',*,*,#1948,.F.);
#3159 = ORIENTED_EDGE('',*,*,#2667,.F.);
#3160 = CYLINDRICAL_SURFACE('',#3161,0.29);
#3161 = AXIS2_PLACEMENT_3D('',#3162,#3163,#3164);
#3162 = CARTESIAN_POINT('',(-0.14,-4.85,-0.457437037472));
#3163 = DIRECTION('',(0.,1.,3.330669073875E-16));
#3164 = DIRECTION('',(1.,0.,-0.));
#3165 = ADVANCED_FACE('',(#3166),#3177,.T.);
#3166 = FACE_BOUND('',#3167,.T.);
#3167 = EDGE_LOOP('',(#3168,#3169,#3170,#3171));
#3168 = ORIENTED_EDGE('',*,*,#1764,.T.);
#3169 = ORIENTED_EDGE('',*,*,#3136,.T.);
#3170 = ORIENTED_EDGE('',*,*,#1914,.F.);
#3171 = ORIENTED_EDGE('',*,*,#3172,.F.);
#3172 = EDGE_CURVE('',#1765,#1915,#3173,.T.);
#3173 = LINE('',#3174,#3175);
#3174 = CARTESIAN_POINT('',(0.137769622714,-4.85,-2.459232075714));
#3175 = VECTOR('',#3176,1.);
#3176 = DIRECTION('',(0.,1.,3.330669073875E-16));
#3177 = CYLINDRICAL_SURFACE('',#3178,0.29);
#3178 = AXIS2_PLACEMENT_3D('',#3179,#3180,#3181);
#3179 = CARTESIAN_POINT('',(-0.14,-4.85,-2.542562962528));
#3180 = DIRECTION('',(0.,1.,3.330669073875E-16));
#3181 = DIRECTION('',(0.957826285221,-9.570607158983E-17,0.287347885566)
  );
#3182 = ADVANCED_FACE('',(#3183),#3194,.T.);
#3183 = FACE_BOUND('',#3184,.T.);
#3184 = EDGE_LOOP('',(#3185,#3186,#3192,#3193));
#3185 = ORIENTED_EDGE('',*,*,#1790,.F.);
#3186 = ORIENTED_EDGE('',*,*,#3187,.T.);
#3187 = EDGE_CURVE('',#1782,#1932,#3188,.T.);
#3188 = LINE('',#3189,#3190);
#3189 = CARTESIAN_POINT('',(-0.125000733956,-4.85,-1.416669113186));
#3190 = VECTOR('',#3191,1.);
#3191 = DIRECTION('',(0.,1.,3.330669073875E-16));
#3192 = ORIENTED_EDGE('',*,*,#1940,.T.);
#3193 = ORIENTED_EDGE('',*,*,#3153,.F.);
#3194 = PLANE('',#3195);
#3195 = AXIS2_PLACEMENT_3D('',#3196,#3197,#3198);
#3196 = CARTESIAN_POINT('',(-0.15,-4.85,-1.5));
#3197 = DIRECTION('',(0.957826285221,9.570607158995E-17,-0.287347885566)
  );
#3198 = DIRECTION('',(0.287347885566,-5.31700397722E-16,0.957826285221)
  );
#3199 = ADVANCED_FACE('',(#3200),#3211,.T.);
#3200 = FACE_BOUND('',#3201,.T.);
#3201 = EDGE_LOOP('',(#3202,#3203,#3204,#3205));
#3202 = ORIENTED_EDGE('',*,*,#1773,.F.);
#3203 = ORIENTED_EDGE('',*,*,#3172,.T.);
#3204 = ORIENTED_EDGE('',*,*,#1923,.T.);
#3205 = ORIENTED_EDGE('',*,*,#3206,.F.);
#3206 = EDGE_CURVE('',#1774,#1924,#3207,.T.);
#3207 = LINE('',#3208,#3209);
#3208 = CARTESIAN_POINT('',(-0.125000733956,-4.85,-1.583330886814));
#3209 = VECTOR('',#3210,1.);
#3210 = DIRECTION('',(0.,1.,3.330669073875E-16));
#3211 = PLANE('',#3212);
#3212 = AXIS2_PLACEMENT_3D('',#3213,#3214,#3215);
#3213 = CARTESIAN_POINT('',(0.15,-4.85,-2.5));
#3214 = DIRECTION('',(0.957826285221,-9.570607158995E-17,0.287347885566)
  );
#3215 = DIRECTION('',(-0.287347885566,-5.31700397722E-16,0.957826285221)
  );
#3216 = ADVANCED_FACE('',(#3217),#3223,.F.);
#3217 = FACE_BOUND('',#3218,.F.);
#3218 = EDGE_LOOP('',(#3219,#3220,#3221,#3222));
#3219 = ORIENTED_EDGE('',*,*,#3187,.T.);
#3220 = ORIENTED_EDGE('',*,*,#1931,.T.);
#3221 = ORIENTED_EDGE('',*,*,#3206,.F.);
#3222 = ORIENTED_EDGE('',*,*,#1781,.F.);
#3223 = CYLINDRICAL_SURFACE('',#3224,0.29);
#3224 = AXIS2_PLACEMENT_3D('',#3225,#3226,#3227);
#3225 = CARTESIAN_POINT('',(0.152768888758,-4.85,-1.5));
#3226 = DIRECTION('',(0.,1.,3.330669073875E-16));
#3227 = DIRECTION('',(-0.957826285221,-9.570607158983E-17,0.287347885566
    ));
#3228 = ADVANCED_FACE('',(#3229),#3245,.F.);
#3229 = FACE_BOUND('',#3230,.F.);
#3230 = EDGE_LOOP('',(#3231,#3232,#3238,#3239));
#3231 = ORIENTED_EDGE('',*,*,#2021,.F.);
#3232 = ORIENTED_EDGE('',*,*,#3233,.T.);
#3233 = EDGE_CURVE('',#2022,#2196,#3234,.T.);
#3234 = LINE('',#3235,#3236);
#3235 = CARTESIAN_POINT('',(6.462230377286,-4.85,-0.540767924286));
#3236 = VECTOR('',#3237,1.);
#3237 = DIRECTION('',(0.,1.,3.330669073875E-16));
#3238 = ORIENTED_EDGE('',*,*,#2195,.T.);
#3239 = ORIENTED_EDGE('',*,*,#3240,.F.);
#3240 = EDGE_CURVE('',#2024,#2198,#3241,.T.);
#3241 = LINE('',#3242,#3243);
#3242 = CARTESIAN_POINT('',(6.725000733956,-4.85,-1.416669113186));
#3243 = VECTOR('',#3244,1.);
#3244 = DIRECTION('',(0.,1.,3.330669073875E-16));
#3245 = PLANE('',#3246);
#3246 = AXIS2_PLACEMENT_3D('',#3247,#3248,#3249);
#3247 = CARTESIAN_POINT('',(6.45,-4.85,-0.5));
#3248 = DIRECTION('',(-0.957826285221,9.570607158995E-17,-0.287347885566
    ));
#3249 = DIRECTION('',(0.287347885566,5.31700397722E-16,-0.957826285221)
  );
#3250 = ADVANCED_FACE('',(#3251),#3262,.F.);
#3251 = FACE_BOUND('',#3252,.F.);
#3252 = EDGE_LOOP('',(#3253,#3254,#3260,#3261));
#3253 = ORIENTED_EDGE('',*,*,#2156,.T.);
#3254 = ORIENTED_EDGE('',*,*,#3255,.T.);
#3255 = EDGE_CURVE('',#2149,#2316,#3256,.T.);
#3256 = LINE('',#3257,#3258);
#3257 = CARTESIAN_POINT('',(6.45,-4.85,-0.457437037472));
#3258 = VECTOR('',#3259,1.);
#3259 = DIRECTION('',(0.,1.,3.330669073875E-16));
#3260 = ORIENTED_EDGE('',*,*,#2323,.F.);
#3261 = ORIENTED_EDGE('',*,*,#3233,.F.);
#3262 = CYLINDRICAL_SURFACE('',#3263,0.29);
#3263 = AXIS2_PLACEMENT_3D('',#3264,#3265,#3266);
#3264 = CARTESIAN_POINT('',(6.74,-4.85,-0.457437037472));
#3265 = DIRECTION('',(0.,1.,3.330669073875E-16));
#3266 = DIRECTION('',(-0.957826285221,9.570607158983E-17,-0.287347885566
    ));
#3267 = ADVANCED_FACE('',(#3268),#3279,.T.);
#3268 = FACE_BOUND('',#3269,.T.);
#3269 = EDGE_LOOP('',(#3270,#3271,#3277,#3278));
#3270 = ORIENTED_EDGE('',*,*,#2031,.T.);
#3271 = ORIENTED_EDGE('',*,*,#3272,.T.);
#3272 = EDGE_CURVE('',#2032,#2206,#3273,.T.);
#3273 = LINE('',#3274,#3275);
#3274 = CARTESIAN_POINT('',(6.725000733956,-4.85,-1.583330886814));
#3275 = VECTOR('',#3276,1.);
#3276 = DIRECTION('',(0.,1.,3.330669073875E-16));
#3277 = ORIENTED_EDGE('',*,*,#2205,.F.);
#3278 = ORIENTED_EDGE('',*,*,#3240,.F.);
#3279 = CYLINDRICAL_SURFACE('',#3280,0.29);
#3280 = AXIS2_PLACEMENT_3D('',#3281,#3282,#3283);
#3281 = CARTESIAN_POINT('',(6.447231111242,-4.85,-1.5));
#3282 = DIRECTION('',(0.,1.,3.330669073875E-16));
#3283 = DIRECTION('',(0.957826285221,-9.570607158983E-17,0.287347885566)
  );
#3284 = ADVANCED_FACE('',(#3285),#3296,.T.);
#3285 = FACE_BOUND('',#3286,.T.);
#3286 = EDGE_LOOP('',(#3287,#3288,#3289,#3290));
#3287 = ORIENTED_EDGE('',*,*,#2148,.F.);
#3288 = ORIENTED_EDGE('',*,*,#3255,.T.);
#3289 = ORIENTED_EDGE('',*,*,#2315,.T.);
#3290 = ORIENTED_EDGE('',*,*,#3291,.F.);
#3291 = EDGE_CURVE('',#2140,#2307,#3292,.T.);
#3292 = LINE('',#3293,#3294);
#3293 = CARTESIAN_POINT('',(6.45,-4.85,1.21));
#3294 = VECTOR('',#3295,1.);
#3295 = DIRECTION('',(0.,1.,3.330669073875E-16));
#3296 = PLANE('',#3297);
#3297 = AXIS2_PLACEMENT_3D('',#3298,#3299,#3300);
#3298 = CARTESIAN_POINT('',(6.45,-4.85,-0.5));
#3299 = DIRECTION('',(1.,0.,0.));
#3300 = DIRECTION('',(0.,-5.551115123126E-16,1.));
#3301 = ADVANCED_FACE('',(#3302),#3313,.F.);
#3302 = FACE_BOUND('',#3303,.F.);
#3303 = EDGE_LOOP('',(#3304,#3305,#3306,#3307));
#3304 = ORIENTED_EDGE('',*,*,#2040,.F.);
#3305 = ORIENTED_EDGE('',*,*,#3272,.T.);
#3306 = ORIENTED_EDGE('',*,*,#2214,.T.);
#3307 = ORIENTED_EDGE('',*,*,#3308,.F.);
#3308 = EDGE_CURVE('',#2041,#2215,#3309,.T.);
#3309 = LINE('',#3310,#3311);
#3310 = CARTESIAN_POINT('',(6.462230377286,-4.85,-2.459232075714));
#3311 = VECTOR('',#3312,1.);
#3312 = DIRECTION('',(0.,1.,3.330669073875E-16));
#3313 = PLANE('',#3314);
#3314 = AXIS2_PLACEMENT_3D('',#3315,#3316,#3317);
#3315 = CARTESIAN_POINT('',(6.75,-4.85,-1.5));
#3316 = DIRECTION('',(-0.957826285221,-9.570607158995E-17,0.287347885566
    ));
#3317 = DIRECTION('',(-0.287347885566,5.31700397722E-16,-0.957826285221)
  );
#3318 = ADVANCED_FACE('',(#3319),#3325,.T.);
#3319 = FACE_BOUND('',#3320,.T.);
#3320 = EDGE_LOOP('',(#3321,#3322,#3323,#3324));
#3321 = ORIENTED_EDGE('',*,*,#3291,.T.);
#3322 = ORIENTED_EDGE('',*,*,#2306,.T.);
#3323 = ORIENTED_EDGE('',*,*,#2172,.F.);
#3324 = ORIENTED_EDGE('',*,*,#2139,.F.);
#3325 = CYLINDRICAL_SURFACE('',#3326,0.29);
#3326 = AXIS2_PLACEMENT_3D('',#3327,#3328,#3329);
#3327 = CARTESIAN_POINT('',(6.16,-4.85,1.21));
#3328 = DIRECTION('',(0.,1.,3.330669073875E-16));
#3329 = DIRECTION('',(1.,0.,-0.));
#3330 = ADVANCED_FACE('',(#3331),#3342,.F.);
#3331 = FACE_BOUND('',#3332,.F.);
#3332 = EDGE_LOOP('',(#3333,#3334,#3335,#3336));
#3333 = ORIENTED_EDGE('',*,*,#2048,.T.);
#3334 = ORIENTED_EDGE('',*,*,#3308,.T.);
#3335 = ORIENTED_EDGE('',*,*,#2222,.F.);
#3336 = ORIENTED_EDGE('',*,*,#3337,.F.);
#3337 = EDGE_CURVE('',#2049,#2223,#3338,.T.);
#3338 = LINE('',#3339,#3340);
#3339 = CARTESIAN_POINT('',(6.45,-4.85,-2.542562962528));
#3340 = VECTOR('',#3341,1.);
#3341 = DIRECTION('',(0.,1.,3.330669073875E-16));
#3342 = CYLINDRICAL_SURFACE('',#3343,0.29);
#3343 = AXIS2_PLACEMENT_3D('',#3344,#3345,#3346);
#3344 = CARTESIAN_POINT('',(6.74,-4.85,-2.542562962528));
#3345 = DIRECTION('',(0.,1.,3.330669073875E-16));
#3346 = DIRECTION('',(-1.,0.,0.));
#3347 = ADVANCED_FACE('',(#3348),#3359,.T.);
#3348 = FACE_BOUND('',#3349,.T.);
#3349 = EDGE_LOOP('',(#3350,#3351,#3357,#3358));
#3350 = ORIENTED_EDGE('',*,*,#2057,.F.);
#3351 = ORIENTED_EDGE('',*,*,#3352,.T.);
#3352 = EDGE_CURVE('',#2058,#2232,#3353,.T.);
#3353 = LINE('',#3354,#3355);
#3354 = CARTESIAN_POINT('',(6.45,-4.85,-3.5));
#3355 = VECTOR('',#3356,1.);
#3356 = DIRECTION('',(0.,1.,3.330669073875E-16));
#3357 = ORIENTED_EDGE('',*,*,#2231,.T.);
#3358 = ORIENTED_EDGE('',*,*,#3337,.F.);
#3359 = PLANE('',#3360);
#3360 = AXIS2_PLACEMENT_3D('',#3361,#3362,#3363);
#3361 = CARTESIAN_POINT('',(6.45,-4.85,-3.5));
#3362 = DIRECTION('',(1.,0.,0.));
#3363 = DIRECTION('',(0.,-5.551115123126E-16,1.));
#3364 = ADVANCED_FACE('',(#3365),#3376,.T.);
#3365 = FACE_BOUND('',#3366,.T.);
#3366 = EDGE_LOOP('',(#3367,#3373,#3374,#3375));
#3367 = ORIENTED_EDGE('',*,*,#3368,.T.);
#3368 = EDGE_CURVE('',#2066,#2240,#3369,.T.);
#3369 = LINE('',#3370,#3371);
#3370 = CARTESIAN_POINT('',(6.15,-4.85,-3.5));
#3371 = VECTOR('',#3372,1.);
#3372 = DIRECTION('',(0.,1.,3.330669073875E-16));
#3373 = ORIENTED_EDGE('',*,*,#2239,.T.);
#3374 = ORIENTED_EDGE('',*,*,#3352,.F.);
#3375 = ORIENTED_EDGE('',*,*,#2065,.F.);
#3376 = PLANE('',#3377);
#3377 = AXIS2_PLACEMENT_3D('',#3378,#3379,#3380);
#3378 = CARTESIAN_POINT('',(6.15,-4.85,-3.5));
#3379 = DIRECTION('',(0.,3.330669073875E-16,-1.));
#3380 = DIRECTION('',(1.,0.,0.));
#3381 = ADVANCED_FACE('',(#3382),#3393,.T.);
#3382 = FACE_BOUND('',#3383,.T.);
#3383 = EDGE_LOOP('',(#3384,#3385,#3391,#3392));
#3384 = ORIENTED_EDGE('',*,*,#2073,.F.);
#3385 = ORIENTED_EDGE('',*,*,#3386,.T.);
#3386 = EDGE_CURVE('',#2074,#2248,#3387,.T.);
#3387 = LINE('',#3388,#3389);
#3388 = CARTESIAN_POINT('',(6.15,-4.85,-2.542562962528));
#3389 = VECTOR('',#3390,1.);
#3390 = DIRECTION('',(0.,1.,3.330669073875E-16));
#3391 = ORIENTED_EDGE('',*,*,#2247,.T.);
#3392 = ORIENTED_EDGE('',*,*,#3368,.F.);
#3393 = PLANE('',#3394);
#3394 = AXIS2_PLACEMENT_3D('',#3395,#3396,#3397);
#3395 = CARTESIAN_POINT('',(6.15,-4.85,-2.5));
#3396 = DIRECTION('',(-1.,0.,-0.));
#3397 = DIRECTION('',(0.,5.551115123126E-16,-1.));
#3398 = ADVANCED_FACE('',(#3399),#3410,.T.);
#3399 = FACE_BOUND('',#3400,.T.);
#3400 = EDGE_LOOP('',(#3401,#3402,#3403,#3409));
#3401 = ORIENTED_EDGE('',*,*,#2684,.T.);
#3402 = ORIENTED_EDGE('',*,*,#2289,.T.);
#3403 = ORIENTED_EDGE('',*,*,#3404,.F.);
#3404 = EDGE_CURVE('',#2108,#2282,#3405,.T.);
#3405 = LINE('',#3406,#3407);
#3406 = CARTESIAN_POINT('',(6.162230377286,-4.85,-0.540767924286));
#3407 = VECTOR('',#3408,1.);
#3408 = DIRECTION('',(0.,1.,3.330669073875E-16));
#3409 = ORIENTED_EDGE('',*,*,#2115,.F.);
#3410 = CYLINDRICAL_SURFACE('',#3411,0.29);
#3411 = AXIS2_PLACEMENT_3D('',#3412,#3413,#3414);
#3412 = CARTESIAN_POINT('',(6.44,-4.85,-0.457437037472));
#3413 = DIRECTION('',(0.,1.,3.330669073875E-16));
#3414 = DIRECTION('',(-1.,0.,0.));
#3415 = ADVANCED_FACE('',(#3416),#3427,.T.);
#3416 = FACE_BOUND('',#3417,.T.);
#3417 = EDGE_LOOP('',(#3418,#3424,#3425,#3426));
#3418 = ORIENTED_EDGE('',*,*,#3419,.T.);
#3419 = EDGE_CURVE('',#2082,#2256,#3420,.T.);
#3420 = LINE('',#3421,#3422);
#3421 = CARTESIAN_POINT('',(6.162230377286,-4.85,-2.459232075714));
#3422 = VECTOR('',#3423,1.);
#3423 = DIRECTION('',(0.,1.,3.330669073875E-16));
#3424 = ORIENTED_EDGE('',*,*,#2255,.T.);
#3425 = ORIENTED_EDGE('',*,*,#3386,.F.);
#3426 = ORIENTED_EDGE('',*,*,#2081,.F.);
#3427 = CYLINDRICAL_SURFACE('',#3428,0.29);
#3428 = AXIS2_PLACEMENT_3D('',#3429,#3430,#3431);
#3429 = CARTESIAN_POINT('',(6.44,-4.85,-2.542562962528));
#3430 = DIRECTION('',(0.,1.,3.330669073875E-16));
#3431 = DIRECTION('',(-0.957826285221,-9.570607158983E-17,0.287347885566
    ));
#3432 = ADVANCED_FACE('',(#3433),#3444,.F.);
#3433 = FACE_BOUND('',#3434,.F.);
#3434 = EDGE_LOOP('',(#3435,#3436,#3442,#3443));
#3435 = ORIENTED_EDGE('',*,*,#2107,.F.);
#3436 = ORIENTED_EDGE('',*,*,#3437,.T.);
#3437 = EDGE_CURVE('',#2099,#2273,#3438,.T.);
#3438 = LINE('',#3439,#3440);
#3439 = CARTESIAN_POINT('',(6.425000733956,-4.85,-1.416669113186));
#3440 = VECTOR('',#3441,1.);
#3441 = DIRECTION('',(0.,1.,3.330669073875E-16));
#3442 = ORIENTED_EDGE('',*,*,#2281,.T.);
#3443 = ORIENTED_EDGE('',*,*,#3404,.F.);
#3444 = PLANE('',#3445);
#3445 = AXIS2_PLACEMENT_3D('',#3446,#3447,#3448);
#3446 = CARTESIAN_POINT('',(6.45,-4.85,-1.5));
#3447 = DIRECTION('',(0.957826285221,-9.570607158995E-17,0.287347885566)
  );
#3448 = DIRECTION('',(-0.287347885566,-5.31700397722E-16,0.957826285221)
  );
#3449 = ADVANCED_FACE('',(#3450),#3461,.F.);
#3450 = FACE_BOUND('',#3451,.F.);
#3451 = EDGE_LOOP('',(#3452,#3453,#3454,#3455));
#3452 = ORIENTED_EDGE('',*,*,#2090,.F.);
#3453 = ORIENTED_EDGE('',*,*,#3419,.T.);
#3454 = ORIENTED_EDGE('',*,*,#2264,.T.);
#3455 = ORIENTED_EDGE('',*,*,#3456,.F.);
#3456 = EDGE_CURVE('',#2091,#2265,#3457,.T.);
#3457 = LINE('',#3458,#3459);
#3458 = CARTESIAN_POINT('',(6.425000733956,-4.85,-1.583330886814));
#3459 = VECTOR('',#3460,1.);
#3460 = DIRECTION('',(0.,1.,3.330669073875E-16));
#3461 = PLANE('',#3462);
#3462 = AXIS2_PLACEMENT_3D('',#3463,#3464,#3465);
#3463 = CARTESIAN_POINT('',(6.15,-4.85,-2.5));
#3464 = DIRECTION('',(0.957826285221,9.570607158995E-17,-0.287347885566)
  );
#3465 = DIRECTION('',(0.287347885566,-5.31700397722E-16,0.957826285221)
  );
#3466 = ADVANCED_FACE('',(#3467),#3473,.F.);
#3467 = FACE_BOUND('',#3468,.F.);
#3468 = EDGE_LOOP('',(#3469,#3470,#3471,#3472));
#3469 = ORIENTED_EDGE('',*,*,#2098,.T.);
#3470 = ORIENTED_EDGE('',*,*,#3456,.T.);
#3471 = ORIENTED_EDGE('',*,*,#2272,.F.);
#3472 = ORIENTED_EDGE('',*,*,#3437,.F.);
#3473 = CYLINDRICAL_SURFACE('',#3474,0.29);
#3474 = AXIS2_PLACEMENT_3D('',#3475,#3476,#3477);
#3475 = CARTESIAN_POINT('',(6.147231111242,-4.85,-1.5));
#3476 = DIRECTION('',(0.,1.,3.330669073875E-16));
#3477 = DIRECTION('',(0.957826285221,-9.570607158983E-17,0.287347885566)
  );
#3478 = ADVANCED_FACE('',(#3479),#3495,.F.);
#3479 = FACE_BOUND('',#3480,.F.);
#3480 = EDGE_LOOP('',(#3481,#3482,#3488,#3489));
#3481 = ORIENTED_EDGE('',*,*,#2488,.F.);
#3482 = ORIENTED_EDGE('',*,*,#3483,.T.);
#3483 = EDGE_CURVE('',#2489,#2339,#3484,.T.);
#3484 = LINE('',#3485,#3486);
#3485 = CARTESIAN_POINT('',(6.462230377286,-0.35,-0.540767924286));
#3486 = VECTOR('',#3487,1.);
#3487 = DIRECTION('',(0.,1.,3.330669073875E-16));
#3488 = ORIENTED_EDGE('',*,*,#2338,.T.);
#3489 = ORIENTED_EDGE('',*,*,#3490,.F.);
#3490 = EDGE_CURVE('',#2491,#2341,#3491,.T.);
#3491 = LINE('',#3492,#3493);
#3492 = CARTESIAN_POINT('',(6.725000733956,-0.35,-1.416669113186));
#3493 = VECTOR('',#3494,1.);
#3494 = DIRECTION('',(0.,1.,3.330669073875E-16));
#3495 = PLANE('',#3496);
#3496 = AXIS2_PLACEMENT_3D('',#3497,#3498,#3499);
#3497 = CARTESIAN_POINT('',(6.45,-0.35,-0.5));
#3498 = DIRECTION('',(-0.957826285221,9.570607158995E-17,-0.287347885566
    ));
#3499 = DIRECTION('',(0.287347885566,5.31700397722E-16,-0.957826285221)
  );
#3500 = ADVANCED_FACE('',(#3501),#3512,.F.);
#3501 = FACE_BOUND('',#3502,.F.);
#3502 = EDGE_LOOP('',(#3503,#3504,#3510,#3511));
#3503 = ORIENTED_EDGE('',*,*,#2623,.T.);
#3504 = ORIENTED_EDGE('',*,*,#3505,.T.);
#3505 = EDGE_CURVE('',#2616,#2466,#3506,.T.);
#3506 = LINE('',#3507,#3508);
#3507 = CARTESIAN_POINT('',(6.45,-0.35,-0.457437037472));
#3508 = VECTOR('',#3509,1.);
#3509 = DIRECTION('',(0.,1.,3.330669073875E-16));
#3510 = ORIENTED_EDGE('',*,*,#2473,.F.);
#3511 = ORIENTED_EDGE('',*,*,#3483,.F.);
#3512 = CYLINDRICAL_SURFACE('',#3513,0.29);
#3513 = AXIS2_PLACEMENT_3D('',#3514,#3515,#3516);
#3514 = CARTESIAN_POINT('',(6.74,-0.35,-0.457437037472));
#3515 = DIRECTION('',(0.,1.,3.330669073875E-16));
#3516 = DIRECTION('',(-0.957826285221,9.570607158983E-17,-0.287347885566
    ));
#3517 = ADVANCED_FACE('',(#3518),#3529,.T.);
#3518 = FACE_BOUND('',#3519,.T.);
#3519 = EDGE_LOOP('',(#3520,#3521,#3527,#3528));
#3520 = ORIENTED_EDGE('',*,*,#2498,.T.);
#3521 = ORIENTED_EDGE('',*,*,#3522,.T.);
#3522 = EDGE_CURVE('',#2499,#2349,#3523,.T.);
#3523 = LINE('',#3524,#3525);
#3524 = CARTESIAN_POINT('',(6.725000733956,-0.35,-1.583330886814));
#3525 = VECTOR('',#3526,1.);
#3526 = DIRECTION('',(0.,1.,3.330669073875E-16));
#3527 = ORIENTED_EDGE('',*,*,#2348,.F.);
#3528 = ORIENTED_EDGE('',*,*,#3490,.F.);
#3529 = CYLINDRICAL_SURFACE('',#3530,0.29);
#3530 = AXIS2_PLACEMENT_3D('',#3531,#3532,#3533);
#3531 = CARTESIAN_POINT('',(6.447231111242,-0.35,-1.5));
#3532 = DIRECTION('',(0.,1.,3.330669073875E-16));
#3533 = DIRECTION('',(0.957826285221,-9.570607158983E-17,0.287347885566)
  );
#3534 = ADVANCED_FACE('',(#3535),#3546,.T.);
#3535 = FACE_BOUND('',#3536,.T.);
#3536 = EDGE_LOOP('',(#3537,#3538,#3539,#3540));
#3537 = ORIENTED_EDGE('',*,*,#2615,.F.);
#3538 = ORIENTED_EDGE('',*,*,#3505,.T.);
#3539 = ORIENTED_EDGE('',*,*,#2465,.T.);
#3540 = ORIENTED_EDGE('',*,*,#3541,.F.);
#3541 = EDGE_CURVE('',#2607,#2457,#3542,.T.);
#3542 = LINE('',#3543,#3544);
#3543 = CARTESIAN_POINT('',(6.45,-0.35,1.21));
#3544 = VECTOR('',#3545,1.);
#3545 = DIRECTION('',(0.,1.,3.330669073875E-16));
#3546 = PLANE('',#3547);
#3547 = AXIS2_PLACEMENT_3D('',#3548,#3549,#3550);
#3548 = CARTESIAN_POINT('',(6.45,-0.35,-0.5));
#3549 = DIRECTION('',(1.,0.,0.));
#3550 = DIRECTION('',(0.,-5.551115123126E-16,1.));
#3551 = ADVANCED_FACE('',(#3552),#3563,.F.);
#3552 = FACE_BOUND('',#3553,.F.);
#3553 = EDGE_LOOP('',(#3554,#3555,#3556,#3557));
#3554 = ORIENTED_EDGE('',*,*,#2507,.F.);
#3555 = ORIENTED_EDGE('',*,*,#3522,.T.);
#3556 = ORIENTED_EDGE('',*,*,#2357,.T.);
#3557 = ORIENTED_EDGE('',*,*,#3558,.F.);
#3558 = EDGE_CURVE('',#2508,#2358,#3559,.T.);
#3559 = LINE('',#3560,#3561);
#3560 = CARTESIAN_POINT('',(6.462230377286,-0.35,-2.459232075714));
#3561 = VECTOR('',#3562,1.);
#3562 = DIRECTION('',(0.,1.,3.330669073875E-16));
#3563 = PLANE('',#3564);
#3564 = AXIS2_PLACEMENT_3D('',#3565,#3566,#3567);
#3565 = CARTESIAN_POINT('',(6.75,-0.35,-1.5));
#3566 = DIRECTION('',(-0.957826285221,-9.570607158995E-17,0.287347885566
    ));
#3567 = DIRECTION('',(-0.287347885566,5.31700397722E-16,-0.957826285221)
  );
#3568 = ADVANCED_FACE('',(#3569),#3575,.T.);
#3569 = FACE_BOUND('',#3570,.T.);
#3570 = EDGE_LOOP('',(#3571,#3572,#3573,#3574));
#3571 = ORIENTED_EDGE('',*,*,#3541,.T.);
#3572 = ORIENTED_EDGE('',*,*,#2456,.T.);
#3573 = ORIENTED_EDGE('',*,*,#2639,.F.);
#3574 = ORIENTED_EDGE('',*,*,#2606,.F.);
#3575 = CYLINDRICAL_SURFACE('',#3576,0.29);
#3576 = AXIS2_PLACEMENT_3D('',#3577,#3578,#3579);
#3577 = CARTESIAN_POINT('',(6.16,-0.35,1.21));
#3578 = DIRECTION('',(0.,1.,3.330669073875E-16));
#3579 = DIRECTION('',(1.,0.,-0.));
#3580 = ADVANCED_FACE('',(#3581),#3592,.F.);
#3581 = FACE_BOUND('',#3582,.F.);
#3582 = EDGE_LOOP('',(#3583,#3584,#3585,#3586));
#3583 = ORIENTED_EDGE('',*,*,#2515,.T.);
#3584 = ORIENTED_EDGE('',*,*,#3558,.T.);
#3585 = ORIENTED_EDGE('',*,*,#2365,.F.);
#3586 = ORIENTED_EDGE('',*,*,#3587,.F.);
#3587 = EDGE_CURVE('',#2516,#2366,#3588,.T.);
#3588 = LINE('',#3589,#3590);
#3589 = CARTESIAN_POINT('',(6.45,-0.35,-2.542562962528));
#3590 = VECTOR('',#3591,1.);
#3591 = DIRECTION('',(0.,1.,3.330669073875E-16));
#3592 = CYLINDRICAL_SURFACE('',#3593,0.29);
#3593 = AXIS2_PLACEMENT_3D('',#3594,#3595,#3596);
#3594 = CARTESIAN_POINT('',(6.74,-0.35,-2.542562962528));
#3595 = DIRECTION('',(0.,1.,3.330669073875E-16));
#3596 = DIRECTION('',(-1.,0.,0.));
#3597 = ADVANCED_FACE('',(#3598),#3609,.T.);
#3598 = FACE_BOUND('',#3599,.T.);
#3599 = EDGE_LOOP('',(#3600,#3601,#3607,#3608));
#3600 = ORIENTED_EDGE('',*,*,#2524,.F.);
#3601 = ORIENTED_EDGE('',*,*,#3602,.T.);
#3602 = EDGE_CURVE('',#2525,#2375,#3603,.T.);
#3603 = LINE('',#3604,#3605);
#3604 = CARTESIAN_POINT('',(6.45,-0.35,-3.5));
#3605 = VECTOR('',#3606,1.);
#3606 = DIRECTION('',(0.,1.,3.330669073875E-16));
#3607 = ORIENTED_EDGE('',*,*,#2374,.T.);
#3608 = ORIENTED_EDGE('',*,*,#3587,.F.);
#3609 = PLANE('',#3610);
#3610 = AXIS2_PLACEMENT_3D('',#3611,#3612,#3613);
#3611 = CARTESIAN_POINT('',(6.45,-0.35,-3.5));
#3612 = DIRECTION('',(1.,0.,0.));
#3613 = DIRECTION('',(0.,-5.551115123126E-16,1.));
#3614 = ADVANCED_FACE('',(#3615),#3626,.T.);
#3615 = FACE_BOUND('',#3616,.T.);
#3616 = EDGE_LOOP('',(#3617,#3623,#3624,#3625));
#3617 = ORIENTED_EDGE('',*,*,#3618,.T.);
#3618 = EDGE_CURVE('',#2533,#2383,#3619,.T.);
#3619 = LINE('',#3620,#3621);
#3620 = CARTESIAN_POINT('',(6.15,-0.35,-3.5));
#3621 = VECTOR('',#3622,1.);
#3622 = DIRECTION('',(0.,1.,3.330669073875E-16));
#3623 = ORIENTED_EDGE('',*,*,#2382,.T.);
#3624 = ORIENTED_EDGE('',*,*,#3602,.F.);
#3625 = ORIENTED_EDGE('',*,*,#2532,.F.);
#3626 = PLANE('',#3627);
#3627 = AXIS2_PLACEMENT_3D('',#3628,#3629,#3630);
#3628 = CARTESIAN_POINT('',(6.15,-0.35,-3.5));
#3629 = DIRECTION('',(0.,3.330669073875E-16,-1.));
#3630 = DIRECTION('',(1.,0.,0.));
#3631 = ADVANCED_FACE('',(#3632),#3643,.T.);
#3632 = FACE_BOUND('',#3633,.T.);
#3633 = EDGE_LOOP('',(#3634,#3635,#3641,#3642));
#3634 = ORIENTED_EDGE('',*,*,#2540,.F.);
#3635 = ORIENTED_EDGE('',*,*,#3636,.T.);
#3636 = EDGE_CURVE('',#2541,#2391,#3637,.T.);
#3637 = LINE('',#3638,#3639);
#3638 = CARTESIAN_POINT('',(6.15,-0.35,-2.542562962528));
#3639 = VECTOR('',#3640,1.);
#3640 = DIRECTION('',(0.,1.,3.330669073875E-16));
#3641 = ORIENTED_EDGE('',*,*,#2390,.T.);
#3642 = ORIENTED_EDGE('',*,*,#3618,.F.);
#3643 = PLANE('',#3644);
#3644 = AXIS2_PLACEMENT_3D('',#3645,#3646,#3647);
#3645 = CARTESIAN_POINT('',(6.15,-0.35,-2.5));
#3646 = DIRECTION('',(-1.,0.,-0.));
#3647 = DIRECTION('',(0.,5.551115123126E-16,-1.));
#3648 = ADVANCED_FACE('',(#3649),#3660,.T.);
#3649 = FACE_BOUND('',#3650,.T.);
#3650 = EDGE_LOOP('',(#3651,#3652,#3653,#3659));
#3651 = ORIENTED_EDGE('',*,*,#2718,.T.);
#3652 = ORIENTED_EDGE('',*,*,#2432,.T.);
#3653 = ORIENTED_EDGE('',*,*,#3654,.F.);
#3654 = EDGE_CURVE('',#2575,#2425,#3655,.T.);
#3655 = LINE('',#3656,#3657);
#3656 = CARTESIAN_POINT('',(6.162230377286,-0.35,-0.540767924286));
#3657 = VECTOR('',#3658,1.);
#3658 = DIRECTION('',(0.,1.,3.330669073875E-16));
#3659 = ORIENTED_EDGE('',*,*,#2582,.F.);
#3660 = CYLINDRICAL_SURFACE('',#3661,0.29);
#3661 = AXIS2_PLACEMENT_3D('',#3662,#3663,#3664);
#3662 = CARTESIAN_POINT('',(6.44,-0.35,-0.457437037472));
#3663 = DIRECTION('',(0.,1.,3.330669073875E-16));
#3664 = DIRECTION('',(-1.,0.,0.));
#3665 = ADVANCED_FACE('',(#3666),#3677,.T.);
#3666 = FACE_BOUND('',#3667,.T.);
#3667 = EDGE_LOOP('',(#3668,#3674,#3675,#3676));
#3668 = ORIENTED_EDGE('',*,*,#3669,.T.);
#3669 = EDGE_CURVE('',#2549,#2399,#3670,.T.);
#3670 = LINE('',#3671,#3672);
#3671 = CARTESIAN_POINT('',(6.162230377286,-0.35,-2.459232075714));
#3672 = VECTOR('',#3673,1.);
#3673 = DIRECTION('',(0.,1.,3.330669073875E-16));
#3674 = ORIENTED_EDGE('',*,*,#2398,.T.);
#3675 = ORIENTED_EDGE('',*,*,#3636,.F.);
#3676 = ORIENTED_EDGE('',*,*,#2548,.F.);
#3677 = CYLINDRICAL_SURFACE('',#3678,0.29);
#3678 = AXIS2_PLACEMENT_3D('',#3679,#3680,#3681);
#3679 = CARTESIAN_POINT('',(6.44,-0.35,-2.542562962528));
#3680 = DIRECTION('',(0.,1.,3.330669073875E-16));
#3681 = DIRECTION('',(-0.957826285221,-9.570607158983E-17,0.287347885566
    ));
#3682 = ADVANCED_FACE('',(#3683),#3694,.F.);
#3683 = FACE_BOUND('',#3684,.F.);
#3684 = EDGE_LOOP('',(#3685,#3686,#3692,#3693));
#3685 = ORIENTED_EDGE('',*,*,#2574,.F.);
#3686 = ORIENTED_EDGE('',*,*,#3687,.T.);
#3687 = EDGE_CURVE('',#2566,#2416,#3688,.T.);
#3688 = LINE('',#3689,#3690);
#3689 = CARTESIAN_POINT('',(6.425000733956,-0.35,-1.416669113186));
#3690 = VECTOR('',#3691,1.);
#3691 = DIRECTION('',(0.,1.,3.330669073875E-16));
#3692 = ORIENTED_EDGE('',*,*,#2424,.T.);
#3693 = ORIENTED_EDGE('',*,*,#3654,.F.);
#3694 = PLANE('',#3695);
#3695 = AXIS2_PLACEMENT_3D('',#3696,#3697,#3698);
#3696 = CARTESIAN_POINT('',(6.45,-0.35,-1.5));
#3697 = DIRECTION('',(0.957826285221,-9.570607158995E-17,0.287347885566)
  );
#3698 = DIRECTION('',(-0.287347885566,-5.31700397722E-16,0.957826285221)
  );
#3699 = ADVANCED_FACE('',(#3700),#3711,.F.);
#3700 = FACE_BOUND('',#3701,.F.);
#3701 = EDGE_LOOP('',(#3702,#3703,#3704,#3705));
#3702 = ORIENTED_EDGE('',*,*,#2557,.F.);
#3703 = ORIENTED_EDGE('',*,*,#3669,.T.);
#3704 = ORIENTED_EDGE('',*,*,#2407,.T.);
#3705 = ORIENTED_EDGE('',*,*,#3706,.F.);
#3706 = EDGE_CURVE('',#2558,#2408,#3707,.T.);
#3707 = LINE('',#3708,#3709);
#3708 = CARTESIAN_POINT('',(6.425000733956,-0.35,-1.583330886814));
#3709 = VECTOR('',#3710,1.);
#3710 = DIRECTION('',(0.,1.,3.330669073875E-16));
#3711 = PLANE('',#3712);
#3712 = AXIS2_PLACEMENT_3D('',#3713,#3714,#3715);
#3713 = CARTESIAN_POINT('',(6.15,-0.35,-2.5));
#3714 = DIRECTION('',(0.957826285221,9.570607158995E-17,-0.287347885566)
  );
#3715 = DIRECTION('',(0.287347885566,-5.31700397722E-16,0.957826285221)
  );
#3716 = ADVANCED_FACE('',(#3717),#3723,.F.);
#3717 = FACE_BOUND('',#3718,.F.);
#3718 = EDGE_LOOP('',(#3719,#3720,#3721,#3722));
#3719 = ORIENTED_EDGE('',*,*,#2565,.T.);
#3720 = ORIENTED_EDGE('',*,*,#3706,.T.);
#3721 = ORIENTED_EDGE('',*,*,#2415,.F.);
#3722 = ORIENTED_EDGE('',*,*,#3687,.F.);
#3723 = CYLINDRICAL_SURFACE('',#3724,0.29);
#3724 = AXIS2_PLACEMENT_3D('',#3725,#3726,#3727);
#3725 = CARTESIAN_POINT('',(6.147231111242,-0.35,-1.5));
#3726 = DIRECTION('',(0.,1.,3.330669073875E-16));
#3727 = DIRECTION('',(0.957826285221,-9.570607158983E-17,0.287347885566)
  );
#3728 = ( GEOMETRIC_REPRESENTATION_CONTEXT(3) 
GLOBAL_UNCERTAINTY_ASSIGNED_CONTEXT((#3732)) 
GLOBAL_UNIT_ASSIGNED_CONTEXT((#3729,#3730,#3731)) REPRESENTATION_CONTEXT
('Context #1','3D Context with UNIT and UNCERTAINTY') );
#3729 = ( LENGTH_UNIT() NAMED_UNIT(*) SI_UNIT(.MILLI.,.METRE.) );
#3730 = ( NAMED_UNIT(*) PLANE_ANGLE_UNIT() SI_UNIT($,.RADIAN.) );
#3731 = ( NAMED_UNIT(*) SI_UNIT($,.STERADIAN.) SOLID_ANGLE_UNIT() );
#3732 = UNCERTAINTY_MEASURE_WITH_UNIT(LENGTH_MEASURE(1.E-07),#3729,
  'distance_accuracy_value','confusion accuracy');
#3733 = CONTEXT_DEPENDENT_SHAPE_REPRESENTATION(#3734,#3736);
#3734 = ( REPRESENTATION_RELATIONSHIP('','',#498,#475) 
REPRESENTATION_RELATIONSHIP_WITH_TRANSFORMATION(#3735) 
SHAPE_REPRESENTATION_RELATIONSHIP() );
#3735 = ITEM_DEFINED_TRANSFORMATION('','',#11,#476);
#3736 = PRODUCT_DEFINITION_SHAPE('Placement','Placement of an item',
  #3737);
#3737 = NEXT_ASSEMBLY_USAGE_OCCURRENCE('6','=>[0:1:1:5]','',#470,#493,$
  );
#3738 = PRODUCT_RELATED_PRODUCT_CATEGORY('part',$,(#495));
#3739 = CONTEXT_DEPENDENT_SHAPE_REPRESENTATION(#3740,#3742);
#3740 = ( REPRESENTATION_RELATIONSHIP('','',#68,#10) 
REPRESENTATION_RELATIONSHIP_WITH_TRANSFORMATION(#3741) 
SHAPE_REPRESENTATION_RELATIONSHIP() );
#3741 = ITEM_DEFINED_TRANSFORMATION('','',#11,#35);
#3742 = PRODUCT_DEFINITION_SHAPE('Placement','Placement of an item',
  #3743);
#3743 = NEXT_ASSEMBLY_USAGE_OCCURRENCE('8','D3','',#5,#63,$);
#3744 = CONTEXT_DEPENDENT_SHAPE_REPRESENTATION(#3745,#3747);
#3745 = ( REPRESENTATION_RELATIONSHIP('','',#68,#10) 
REPRESENTATION_RELATIONSHIP_WITH_TRANSFORMATION(#3746) 
SHAPE_REPRESENTATION_RELATIONSHIP() );
#3746 = ITEM_DEFINED_TRANSFORMATION('','',#11,#39);
#3747 = PRODUCT_DEFINITION_SHAPE('Placement','Placement of an item',
  #3748);
#3748 = NEXT_ASSEMBLY_USAGE_OCCURRENCE('9','D4','',#5,#63,$);
#3749 = CONTEXT_DEPENDENT_SHAPE_REPRESENTATION(#3750,#3752);
#3750 = ( REPRESENTATION_RELATIONSHIP('','',#475,#10) 
REPRESENTATION_RELATIONSHIP_WITH_TRANSFORMATION(#3751) 
SHAPE_REPRESENTATION_RELATIONSHIP() );
#3751 = ITEM_DEFINED_TRANSFORMATION('','',#11,#43);
#3752 = PRODUCT_DEFINITION_SHAPE('Placement','Placement of an item',
  #3753);
#3753 = NEXT_ASSEMBLY_USAGE_OCCURRENCE('10','SW8','',#5,#470,$);
#3754 = CONTEXT_DEPENDENT_SHAPE_REPRESENTATION(#3755,#3757);
#3755 = ( REPRESENTATION_RELATIONSHIP('','',#68,#10) 
REPRESENTATION_RELATIONSHIP_WITH_TRANSFORMATION(#3756) 
SHAPE_REPRESENTATION_RELATIONSHIP() );
#3756 = ITEM_DEFINED_TRANSFORMATION('','',#11,#47);
#3757 = PRODUCT_DEFINITION_SHAPE('Placement','Placement of an item',
  #3758);
#3758 = NEXT_ASSEMBLY_USAGE_OCCURRENCE('11','D2','',#5,#63,$);
#3759 = SHAPE_DEFINITION_REPRESENTATION(#3760,#3766);
#3760 = PRODUCT_DEFINITION_SHAPE('','',#3761);
#3761 = PRODUCT_DEFINITION('design','',#3762,#3765);
#3762 = PRODUCT_DEFINITION_FORMATION('','',#3763);
#3763 = PRODUCT('PCB4EC_PCB','PCB4EC_PCB','',(#3764));
#3764 = PRODUCT_CONTEXT('',#2,'mechanical');
#3765 = PRODUCT_DEFINITION_CONTEXT('part definition',#2,'design');
#3766 = ADVANCED_BREP_SHAPE_REPRESENTATION('',(#11,#3767),#7792);
#3767 = MANIFOLD_SOLID_BREP('',#3768);
#3768 = CLOSED_SHELL('',(#3769,#3809,#3840,#3871,#4967,#6063,#6075,#6092
    ,#6109,#6126,#6143,#6160,#6177,#6194,#6211,#6228,#6245,#6262,#6279,
    #6296,#6313,#6330,#6347,#6369,#6386,#6403,#6415,#6432,#6449,#6466,
    #6483,#6500,#6517,#6534,#6551,#6568,#6585,#6602,#6619,#6636,#6653,
    #6670,#6687,#6704,#6726,#6743,#6760,#6772,#6794,#6811,#6828,#6840,
    #6857,#6874,#6891,#6908,#6925,#6942,#6959,#6976,#6993,#7010,#7027,
    #7044,#7061,#7078,#7095,#7112,#7129,#7146,#7163,#7180,#7197,#7214,
    #7231,#7248,#7265,#7282,#7299,#7316,#7333,#7350,#7367,#7384,#7401,
    #7418,#7435,#7457,#7474,#7491,#7503,#7520,#7537,#7554,#7571,#7588,
    #7605,#7622,#7639,#7656,#7673,#7690,#7707,#7724,#7741,#7758,#7775));
#3769 = ADVANCED_FACE('',(#3770),#3804,.T.);
#3770 = FACE_BOUND('',#3771,.T.);
#3771 = EDGE_LOOP('',(#3772,#3782,#3790,#3798));
#3772 = ORIENTED_EDGE('',*,*,#3773,.T.);
#3773 = EDGE_CURVE('',#3774,#3776,#3778,.T.);
#3774 = VERTEX_POINT('',#3775);
#3775 = CARTESIAN_POINT('',(158.75,-115.57,0.));
#3776 = VERTEX_POINT('',#3777);
#3777 = CARTESIAN_POINT('',(158.75,-115.57,1.51));
#3778 = LINE('',#3779,#3780);
#3779 = CARTESIAN_POINT('',(158.75,-115.57,0.));
#3780 = VECTOR('',#3781,1.);
#3781 = DIRECTION('',(0.,0.,1.));
#3782 = ORIENTED_EDGE('',*,*,#3783,.T.);
#3783 = EDGE_CURVE('',#3776,#3784,#3786,.T.);
#3784 = VERTEX_POINT('',#3785);
#3785 = CARTESIAN_POINT('',(59.69,-115.57,1.51));
#3786 = LINE('',#3787,#3788);
#3787 = CARTESIAN_POINT('',(158.75,-115.57,1.51));
#3788 = VECTOR('',#3789,1.);
#3789 = DIRECTION('',(-1.,0.,0.));
#3790 = ORIENTED_EDGE('',*,*,#3791,.F.);
#3791 = EDGE_CURVE('',#3792,#3784,#3794,.T.);
#3792 = VERTEX_POINT('',#3793);
#3793 = CARTESIAN_POINT('',(59.69,-115.57,0.));
#3794 = LINE('',#3795,#3796);
#3795 = CARTESIAN_POINT('',(59.69,-115.57,0.));
#3796 = VECTOR('',#3797,1.);
#3797 = DIRECTION('',(0.,0.,1.));
#3798 = ORIENTED_EDGE('',*,*,#3799,.F.);
#3799 = EDGE_CURVE('',#3774,#3792,#3800,.T.);
#3800 = LINE('',#3801,#3802);
#3801 = CARTESIAN_POINT('',(158.75,-115.57,0.));
#3802 = VECTOR('',#3803,1.);
#3803 = DIRECTION('',(-1.,0.,0.));
#3804 = PLANE('',#3805);
#3805 = AXIS2_PLACEMENT_3D('',#3806,#3807,#3808);
#3806 = CARTESIAN_POINT('',(158.75,-115.57,0.));
#3807 = DIRECTION('',(0.,-1.,0.));
#3808 = DIRECTION('',(-1.,0.,0.));
#3809 = ADVANCED_FACE('',(#3810),#3835,.T.);
#3810 = FACE_BOUND('',#3811,.T.);
#3811 = EDGE_LOOP('',(#3812,#3822,#3828,#3829));
#3812 = ORIENTED_EDGE('',*,*,#3813,.T.);
#3813 = EDGE_CURVE('',#3814,#3816,#3818,.T.);
#3814 = VERTEX_POINT('',#3815);
#3815 = CARTESIAN_POINT('',(158.75,-48.26,0.));
#3816 = VERTEX_POINT('',#3817);
#3817 = CARTESIAN_POINT('',(158.75,-48.26,1.51));
#3818 = LINE('',#3819,#3820);
#3819 = CARTESIAN_POINT('',(158.75,-48.26,0.));
#3820 = VECTOR('',#3821,1.);
#3821 = DIRECTION('',(0.,0.,1.));
#3822 = ORIENTED_EDGE('',*,*,#3823,.T.);
#3823 = EDGE_CURVE('',#3816,#3776,#3824,.T.);
#3824 = LINE('',#3825,#3826);
#3825 = CARTESIAN_POINT('',(158.75,-48.26,1.51));
#3826 = VECTOR('',#3827,1.);
#3827 = DIRECTION('',(0.,-1.,0.));
#3828 = ORIENTED_EDGE('',*,*,#3773,.F.);
#3829 = ORIENTED_EDGE('',*,*,#3830,.F.);
#3830 = EDGE_CURVE('',#3814,#3774,#3831,.T.);
#3831 = LINE('',#3832,#3833);
#3832 = CARTESIAN_POINT('',(158.75,-48.26,0.));
#3833 = VECTOR('',#3834,1.);
#3834 = DIRECTION('',(0.,-1.,0.));
#3835 = PLANE('',#3836);
#3836 = AXIS2_PLACEMENT_3D('',#3837,#3838,#3839);
#3837 = CARTESIAN_POINT('',(158.75,-48.26,0.));
#3838 = DIRECTION('',(1.,0.,-0.));
#3839 = DIRECTION('',(0.,-1.,0.));
#3840 = ADVANCED_FACE('',(#3841),#3866,.T.);
#3841 = FACE_BOUND('',#3842,.T.);
#3842 = EDGE_LOOP('',(#3843,#3844,#3852,#3860));
#3843 = ORIENTED_EDGE('',*,*,#3791,.T.);
#3844 = ORIENTED_EDGE('',*,*,#3845,.T.);
#3845 = EDGE_CURVE('',#3784,#3846,#3848,.T.);
#3846 = VERTEX_POINT('',#3847);
#3847 = CARTESIAN_POINT('',(59.69,-48.26,1.51));
#3848 = LINE('',#3849,#3850);
#3849 = CARTESIAN_POINT('',(59.69,-115.57,1.51));
#3850 = VECTOR('',#3851,1.);
#3851 = DIRECTION('',(0.,1.,0.));
#3852 = ORIENTED_EDGE('',*,*,#3853,.F.);
#3853 = EDGE_CURVE('',#3854,#3846,#3856,.T.);
#3854 = VERTEX_POINT('',#3855);
#3855 = CARTESIAN_POINT('',(59.69,-48.26,0.));
#3856 = LINE('',#3857,#3858);
#3857 = CARTESIAN_POINT('',(59.69,-48.26,0.));
#3858 = VECTOR('',#3859,1.);
#3859 = DIRECTION('',(0.,0.,1.));
#3860 = ORIENTED_EDGE('',*,*,#3861,.F.);
#3861 = EDGE_CURVE('',#3792,#3854,#3862,.T.);
#3862 = LINE('',#3863,#3864);
#3863 = CARTESIAN_POINT('',(59.69,-115.57,0.));
#3864 = VECTOR('',#3865,1.);
#3865 = DIRECTION('',(0.,1.,0.));
#3866 = PLANE('',#3867);
#3867 = AXIS2_PLACEMENT_3D('',#3868,#3869,#3870);
#3868 = CARTESIAN_POINT('',(59.69,-115.57,0.));
#3869 = DIRECTION('',(-1.,0.,0.));
#3870 = DIRECTION('',(0.,1.,0.));
#3871 = ADVANCED_FACE('',(#3872,#3883,#3894,#3905,#3916,#3927,#3938,
    #3949,#3960,#3971,#3982,#3993,#4004,#4015,#4026,#4037,#4048,#4059,
    #4095,#4106,#4117,#4128,#4139,#4150,#4161,#4172,#4183,#4194,#4205,
    #4216,#4227,#4238,#4249,#4260,#4271,#4282,#4318,#4354,#4365,#4376,
    #4387,#4398,#4409,#4420,#4431,#4442,#4453,#4464,#4475,#4486,#4497,
    #4508,#4519,#4530,#4541,#4552,#4563,#4574,#4585,#4596,#4607,#4618,
    #4629,#4640,#4651,#4662,#4673,#4684,#4695,#4706,#4717,#4728,#4739,
    #4775,#4786,#4797,#4808,#4819,#4830,#4841,#4852,#4863,#4874,#4885,
    #4896,#4907,#4918,#4929,#4940,#4951),#4962,.F.);
#3872 = FACE_BOUND('',#3873,.F.);
#3873 = EDGE_LOOP('',(#3874,#3875,#3876,#3882));
#3874 = ORIENTED_EDGE('',*,*,#3799,.F.);
#3875 = ORIENTED_EDGE('',*,*,#3830,.F.);
#3876 = ORIENTED_EDGE('',*,*,#3877,.F.);
#3877 = EDGE_CURVE('',#3854,#3814,#3878,.T.);
#3878 = LINE('',#3879,#3880);
#3879 = CARTESIAN_POINT('',(59.69,-48.26,0.));
#3880 = VECTOR('',#3881,1.);
#3881 = DIRECTION('',(1.,0.,0.));
#3882 = ORIENTED_EDGE('',*,*,#3861,.F.);
#3883 = FACE_BOUND('',#3884,.F.);
#3884 = EDGE_LOOP('',(#3885));
#3885 = ORIENTED_EDGE('',*,*,#3886,.T.);
#3886 = EDGE_CURVE('',#3887,#3887,#3889,.T.);
#3887 = VERTEX_POINT('',#3888);
#3888 = CARTESIAN_POINT('',(81.29,-108.38,0.));
#3889 = CIRCLE('',#3890,0.4);
#3890 = AXIS2_PLACEMENT_3D('',#3891,#3892,#3893);
#3891 = CARTESIAN_POINT('',(81.29,-107.98,0.));
#3892 = DIRECTION('',(-0.,0.,-1.));
#3893 = DIRECTION('',(3.5527136788E-14,-1.,-0.));
#3894 = FACE_BOUND('',#3895,.F.);
#3895 = EDGE_LOOP('',(#3896));
#3896 = ORIENTED_EDGE('',*,*,#3897,.T.);
#3897 = EDGE_CURVE('',#3898,#3898,#3900,.T.);
#3898 = VERTEX_POINT('',#3899);
#3899 = CARTESIAN_POINT('',(66.03,-102.39,0.));
#3900 = CIRCLE('',#3901,0.85);
#3901 = AXIS2_PLACEMENT_3D('',#3902,#3903,#3904);
#3902 = CARTESIAN_POINT('',(66.03,-101.54,0.));
#3903 = DIRECTION('',(-0.,0.,-1.));
#3904 = DIRECTION('',(-0.,-1.,0.));
#3905 = FACE_BOUND('',#3906,.F.);
#3906 = EDGE_LOOP('',(#3907));
#3907 = ORIENTED_EDGE('',*,*,#3908,.T.);
#3908 = EDGE_CURVE('',#3909,#3909,#3911,.T.);
#3909 = VERTEX_POINT('',#3910);
#3910 = CARTESIAN_POINT('',(67.3,-99.75,0.));
#3911 = CIRCLE('',#3912,0.75);
#3912 = AXIS2_PLACEMENT_3D('',#3913,#3914,#3915);
#3913 = CARTESIAN_POINT('',(67.3,-99.,0.));
#3914 = DIRECTION('',(-0.,0.,-1.));
#3915 = DIRECTION('',(-0.,-1.,0.));
#3916 = FACE_BOUND('',#3917,.F.);
#3917 = EDGE_LOOP('',(#3918));
#3918 = ORIENTED_EDGE('',*,*,#3919,.T.);
#3919 = EDGE_CURVE('',#3920,#3920,#3922,.T.);
#3920 = VERTEX_POINT('',#3921);
#3921 = CARTESIAN_POINT('',(71.11,-103.54,0.));
#3922 = CIRCLE('',#3923,2.);
#3923 = AXIS2_PLACEMENT_3D('',#3924,#3925,#3926);
#3924 = CARTESIAN_POINT('',(71.11,-101.54,0.));
#3925 = DIRECTION('',(-0.,0.,-1.));
#3926 = DIRECTION('',(-0.,-1.,0.));
#3927 = FACE_BOUND('',#3928,.F.);
#3928 = EDGE_LOOP('',(#3929));
#3929 = ORIENTED_EDGE('',*,*,#3930,.T.);
#3930 = EDGE_CURVE('',#3931,#3931,#3933,.T.);
#3931 = VERTEX_POINT('',#3932);
#3932 = CARTESIAN_POINT('',(76.19,-102.39,0.));
#3933 = CIRCLE('',#3934,0.85);
#3934 = AXIS2_PLACEMENT_3D('',#3935,#3936,#3937);
#3935 = CARTESIAN_POINT('',(76.19,-101.54,0.));
#3936 = DIRECTION('',(-0.,0.,-1.));
#3937 = DIRECTION('',(-0.,-1.,0.));
#3938 = FACE_BOUND('',#3939,.F.);
#3939 = EDGE_LOOP('',(#3940));
#3940 = ORIENTED_EDGE('',*,*,#3941,.T.);
#3941 = EDGE_CURVE('',#3942,#3942,#3944,.T.);
#3942 = VERTEX_POINT('',#3943);
#3943 = CARTESIAN_POINT('',(81.29,-100.76,0.));
#3944 = CIRCLE('',#3945,0.4);
#3945 = AXIS2_PLACEMENT_3D('',#3946,#3947,#3948);
#3946 = CARTESIAN_POINT('',(81.29,-100.36,0.));
#3947 = DIRECTION('',(-0.,0.,-1.));
#3948 = DIRECTION('',(3.5527136788E-14,-1.,-0.));
#3949 = FACE_BOUND('',#3950,.F.);
#3950 = EDGE_LOOP('',(#3951));
#3951 = ORIENTED_EDGE('',*,*,#3952,.T.);
#3952 = EDGE_CURVE('',#3953,#3953,#3955,.T.);
#3953 = VERTEX_POINT('',#3954);
#3954 = CARTESIAN_POINT('',(105.13,-108.71,0.));
#3955 = CIRCLE('',#3956,0.4);
#3956 = AXIS2_PLACEMENT_3D('',#3957,#3958,#3959);
#3957 = CARTESIAN_POINT('',(105.13,-108.31,0.));
#3958 = DIRECTION('',(-0.,0.,-1.));
#3959 = DIRECTION('',(-0.,-1.,0.));
#3960 = FACE_BOUND('',#3961,.F.);
#3961 = EDGE_LOOP('',(#3962));
#3962 = ORIENTED_EDGE('',*,*,#3963,.T.);
#3963 = EDGE_CURVE('',#3964,#3964,#3966,.T.);
#3964 = VERTEX_POINT('',#3965);
#3965 = CARTESIAN_POINT('',(90.07,-102.25,0.));
#3966 = CIRCLE('',#3967,0.85);
#3967 = AXIS2_PLACEMENT_3D('',#3968,#3969,#3970);
#3968 = CARTESIAN_POINT('',(90.07,-101.4,0.));
#3969 = DIRECTION('',(-0.,0.,-1.));
#3970 = DIRECTION('',(-0.,-1.,0.));
#3971 = FACE_BOUND('',#3972,.F.);
#3972 = EDGE_LOOP('',(#3973));
#3973 = ORIENTED_EDGE('',*,*,#3974,.T.);
#3974 = EDGE_CURVE('',#3975,#3975,#3977,.T.);
#3975 = VERTEX_POINT('',#3976);
#3976 = CARTESIAN_POINT('',(91.34,-99.61,0.));
#3977 = CIRCLE('',#3978,0.75);
#3978 = AXIS2_PLACEMENT_3D('',#3979,#3980,#3981);
#3979 = CARTESIAN_POINT('',(91.34,-98.86,0.));
#3980 = DIRECTION('',(-0.,0.,-1.));
#3981 = DIRECTION('',(-0.,-1.,0.));
#3982 = FACE_BOUND('',#3983,.F.);
#3983 = EDGE_LOOP('',(#3984));
#3984 = ORIENTED_EDGE('',*,*,#3985,.T.);
#3985 = EDGE_CURVE('',#3986,#3986,#3988,.T.);
#3986 = VERTEX_POINT('',#3987);
#3987 = CARTESIAN_POINT('',(95.15,-103.4,0.));
#3988 = CIRCLE('',#3989,2.);
#3989 = AXIS2_PLACEMENT_3D('',#3990,#3991,#3992);
#3990 = CARTESIAN_POINT('',(95.15,-101.4,0.));
#3991 = DIRECTION('',(-0.,0.,-1.));
#3992 = DIRECTION('',(-0.,-1.,0.));
#3993 = FACE_BOUND('',#3994,.F.);
#3994 = EDGE_LOOP('',(#3995));
#3995 = ORIENTED_EDGE('',*,*,#3996,.T.);
#3996 = EDGE_CURVE('',#3997,#3997,#3999,.T.);
#3997 = VERTEX_POINT('',#3998);
#3998 = CARTESIAN_POINT('',(100.23,-102.25,0.));
#3999 = CIRCLE('',#4000,0.85);
#4000 = AXIS2_PLACEMENT_3D('',#4001,#4002,#4003);
#4001 = CARTESIAN_POINT('',(100.23,-101.4,0.));
#4002 = DIRECTION('',(-0.,0.,-1.));
#4003 = DIRECTION('',(1.671865260612E-14,-1.,-0.));
#4004 = FACE_BOUND('',#4005,.F.);
#4005 = EDGE_LOOP('',(#4006));
#4006 = ORIENTED_EDGE('',*,*,#4007,.T.);
#4007 = EDGE_CURVE('',#4008,#4008,#4010,.T.);
#4008 = VERTEX_POINT('',#4009);
#4009 = CARTESIAN_POINT('',(105.13,-101.09,0.));
#4010 = CIRCLE('',#4011,0.4);
#4011 = AXIS2_PLACEMENT_3D('',#4012,#4013,#4014);
#4012 = CARTESIAN_POINT('',(105.13,-100.69,0.));
#4013 = DIRECTION('',(-0.,0.,-1.));
#4014 = DIRECTION('',(-0.,-1.,0.));
#4015 = FACE_BOUND('',#4016,.F.);
#4016 = EDGE_LOOP('',(#4017));
#4017 = ORIENTED_EDGE('',*,*,#4018,.T.);
#4018 = EDGE_CURVE('',#4019,#4019,#4021,.T.);
#4019 = VERTEX_POINT('',#4020);
#4020 = CARTESIAN_POINT('',(73.65,-97.21,0.));
#4021 = CIRCLE('',#4022,0.75);
#4022 = AXIS2_PLACEMENT_3D('',#4023,#4024,#4025);
#4023 = CARTESIAN_POINT('',(73.65,-96.46,0.));
#4024 = DIRECTION('',(-0.,0.,-1.));
#4025 = DIRECTION('',(-0.,-1.,0.));
#4026 = FACE_BOUND('',#4027,.F.);
#4027 = EDGE_LOOP('',(#4028));
#4028 = ORIENTED_EDGE('',*,*,#4029,.T.);
#4029 = EDGE_CURVE('',#4030,#4030,#4032,.T.);
#4030 = VERTEX_POINT('',#4031);
#4031 = CARTESIAN_POINT('',(81.67,-88.86,0.));
#4032 = CIRCLE('',#4033,0.4);
#4033 = AXIS2_PLACEMENT_3D('',#4034,#4035,#4036);
#4034 = CARTESIAN_POINT('',(81.67,-88.46,0.));
#4035 = DIRECTION('',(-0.,0.,-1.));
#4036 = DIRECTION('',(3.5527136788E-14,-1.,-0.));
#4037 = FACE_BOUND('',#4038,.F.);
#4038 = EDGE_LOOP('',(#4039));
#4039 = ORIENTED_EDGE('',*,*,#4040,.T.);
#4040 = EDGE_CURVE('',#4041,#4041,#4043,.T.);
#4041 = VERTEX_POINT('',#4042);
#4042 = CARTESIAN_POINT('',(97.69,-97.07,0.));
#4043 = CIRCLE('',#4044,0.75);
#4044 = AXIS2_PLACEMENT_3D('',#4045,#4046,#4047);
#4045 = CARTESIAN_POINT('',(97.69,-96.32,0.));
#4046 = DIRECTION('',(-0.,0.,-1.));
#4047 = DIRECTION('',(-0.,-1.,0.));
#4048 = FACE_BOUND('',#4049,.F.);
#4049 = EDGE_LOOP('',(#4050));
#4050 = ORIENTED_EDGE('',*,*,#4051,.T.);
#4051 = EDGE_CURVE('',#4052,#4052,#4054,.T.);
#4052 = VERTEX_POINT('',#4053);
#4053 = CARTESIAN_POINT('',(105.3,-88.66,0.));
#4054 = CIRCLE('',#4055,0.4);
#4055 = AXIS2_PLACEMENT_3D('',#4056,#4057,#4058);
#4056 = CARTESIAN_POINT('',(105.3,-88.26,0.));
#4057 = DIRECTION('',(-0.,0.,-1.));
#4058 = DIRECTION('',(-3.552713678801E-14,-1.,0.));
#4059 = FACE_BOUND('',#4060,.F.);
#4060 = EDGE_LOOP('',(#4061,#4072,#4080,#4089));
#4061 = ORIENTED_EDGE('',*,*,#4062,.T.);
#4062 = EDGE_CURVE('',#4063,#4065,#4067,.T.);
#4063 = VERTEX_POINT('',#4064);
#4064 = CARTESIAN_POINT('',(119.18,-105.85,0.));
#4065 = VERTEX_POINT('',#4066);
#4066 = CARTESIAN_POINT('',(119.18,-107.35,0.));
#4067 = CIRCLE('',#4068,0.75);
#4068 = AXIS2_PLACEMENT_3D('',#4069,#4070,#4071);
#4069 = CARTESIAN_POINT('',(119.18,-106.6,0.));
#4070 = DIRECTION('',(-0.,0.,-1.));
#4071 = DIRECTION('',(-0.,-1.,0.));
#4072 = ORIENTED_EDGE('',*,*,#4073,.T.);
#4073 = EDGE_CURVE('',#4065,#4074,#4076,.T.);
#4074 = VERTEX_POINT('',#4075);
#4075 = CARTESIAN_POINT('',(117.88,-107.35,0.));
#4076 = LINE('',#4077,#4078);
#4077 = CARTESIAN_POINT('',(58.94,-107.35,0.));
#4078 = VECTOR('',#4079,1.);
#4079 = DIRECTION('',(-1.,0.,0.));
#4080 = ORIENTED_EDGE('',*,*,#4081,.T.);
#4081 = EDGE_CURVE('',#4074,#4082,#4084,.T.);
#4082 = VERTEX_POINT('',#4083);
#4083 = CARTESIAN_POINT('',(117.88,-105.85,0.));
#4084 = CIRCLE('',#4085,0.75);
#4085 = AXIS2_PLACEMENT_3D('',#4086,#4087,#4088);
#4086 = CARTESIAN_POINT('',(117.88,-106.6,0.));
#4087 = DIRECTION('',(-0.,0.,-1.));
#4088 = DIRECTION('',(0.,1.,0.));
#4089 = ORIENTED_EDGE('',*,*,#4090,.T.);
#4090 = EDGE_CURVE('',#4082,#4063,#4091,.T.);
#4091 = LINE('',#4092,#4093);
#4092 = CARTESIAN_POINT('',(59.59,-105.85,0.));
#4093 = VECTOR('',#4094,1.);
#4094 = DIRECTION('',(1.,0.,-0.));
#4095 = FACE_BOUND('',#4096,.F.);
#4096 = EDGE_LOOP('',(#4097));
#4097 = ORIENTED_EDGE('',*,*,#4098,.T.);
#4098 = EDGE_CURVE('',#4099,#4099,#4101,.T.);
#4099 = VERTEX_POINT('',#4100);
#4100 = CARTESIAN_POINT('',(111.03,-104.,0.));
#4101 = CIRCLE('',#4102,0.5);
#4102 = AXIS2_PLACEMENT_3D('',#4103,#4104,#4105);
#4103 = CARTESIAN_POINT('',(111.03,-103.5,0.));
#4104 = DIRECTION('',(-0.,0.,-1.));
#4105 = DIRECTION('',(-0.,-1.,0.));
#4106 = FACE_BOUND('',#4107,.F.);
#4107 = EDGE_LOOP('',(#4108));
#4108 = ORIENTED_EDGE('',*,*,#4109,.T.);
#4109 = EDGE_CURVE('',#4110,#4110,#4112,.T.);
#4110 = VERTEX_POINT('',#4111);
#4111 = CARTESIAN_POINT('',(111.03,-101.5,0.));
#4112 = CIRCLE('',#4113,0.5);
#4113 = AXIS2_PLACEMENT_3D('',#4114,#4115,#4116);
#4114 = CARTESIAN_POINT('',(111.03,-101.,0.));
#4115 = DIRECTION('',(-0.,0.,-1.));
#4116 = DIRECTION('',(-0.,-1.,0.));
#4117 = FACE_BOUND('',#4118,.F.);
#4118 = EDGE_LOOP('',(#4119));
#4119 = ORIENTED_EDGE('',*,*,#4120,.T.);
#4120 = EDGE_CURVE('',#4121,#4121,#4123,.T.);
#4121 = VERTEX_POINT('',#4122);
#4122 = CARTESIAN_POINT('',(111.03,-99.,0.));
#4123 = CIRCLE('',#4124,0.5);
#4124 = AXIS2_PLACEMENT_3D('',#4125,#4126,#4127);
#4125 = CARTESIAN_POINT('',(111.03,-98.5,0.));
#4126 = DIRECTION('',(-0.,0.,-1.));
#4127 = DIRECTION('',(-0.,-1.,0.));
#4128 = FACE_BOUND('',#4129,.F.);
#4129 = EDGE_LOOP('',(#4130));
#4130 = ORIENTED_EDGE('',*,*,#4131,.T.);
#4131 = EDGE_CURVE('',#4132,#4132,#4134,.T.);
#4132 = VERTEX_POINT('',#4133);
#4133 = CARTESIAN_POINT('',(125.53,-104.,0.));
#4134 = CIRCLE('',#4135,0.5);
#4135 = AXIS2_PLACEMENT_3D('',#4136,#4137,#4138);
#4136 = CARTESIAN_POINT('',(125.53,-103.5,0.));
#4137 = DIRECTION('',(-0.,0.,-1.));
#4138 = DIRECTION('',(-0.,-1.,0.));
#4139 = FACE_BOUND('',#4140,.F.);
#4140 = EDGE_LOOP('',(#4141));
#4141 = ORIENTED_EDGE('',*,*,#4142,.T.);
#4142 = EDGE_CURVE('',#4143,#4143,#4145,.T.);
#4143 = VERTEX_POINT('',#4144);
#4144 = CARTESIAN_POINT('',(125.53,-99.,0.));
#4145 = CIRCLE('',#4146,0.5);
#4146 = AXIS2_PLACEMENT_3D('',#4147,#4148,#4149);
#4147 = CARTESIAN_POINT('',(125.53,-98.5,0.));
#4148 = DIRECTION('',(-0.,0.,-1.));
#4149 = DIRECTION('',(-0.,-1.,0.));
#4150 = FACE_BOUND('',#4151,.F.);
#4151 = EDGE_LOOP('',(#4152));
#4152 = ORIENTED_EDGE('',*,*,#4153,.T.);
#4153 = EDGE_CURVE('',#4154,#4154,#4156,.T.);
#4154 = VERTEX_POINT('',#4155);
#4155 = CARTESIAN_POINT('',(134.61,-113.1,0.));
#4156 = CIRCLE('',#4157,0.5);
#4157 = AXIS2_PLACEMENT_3D('',#4158,#4159,#4160);
#4158 = CARTESIAN_POINT('',(134.61,-112.6,0.));
#4159 = DIRECTION('',(-0.,0.,-1.));
#4160 = DIRECTION('',(-0.,-1.,0.));
#4161 = FACE_BOUND('',#4162,.F.);
#4162 = EDGE_LOOP('',(#4163));
#4163 = ORIENTED_EDGE('',*,*,#4164,.T.);
#4164 = EDGE_CURVE('',#4165,#4165,#4167,.T.);
#4165 = VERTEX_POINT('',#4166);
#4166 = CARTESIAN_POINT('',(134.61,-110.56,0.));
#4167 = CIRCLE('',#4168,0.5);
#4168 = AXIS2_PLACEMENT_3D('',#4169,#4170,#4171);
#4169 = CARTESIAN_POINT('',(134.61,-110.06,0.));
#4170 = DIRECTION('',(-0.,0.,-1.));
#4171 = DIRECTION('',(-0.,-1.,0.));
#4172 = FACE_BOUND('',#4173,.F.);
#4173 = EDGE_LOOP('',(#4174));
#4174 = ORIENTED_EDGE('',*,*,#4175,.T.);
#4175 = EDGE_CURVE('',#4176,#4176,#4178,.T.);
#4176 = VERTEX_POINT('',#4177);
#4177 = CARTESIAN_POINT('',(134.61,-108.02,0.));
#4178 = CIRCLE('',#4179,0.5);
#4179 = AXIS2_PLACEMENT_3D('',#4180,#4181,#4182);
#4180 = CARTESIAN_POINT('',(134.61,-107.52,0.));
#4181 = DIRECTION('',(-0.,0.,-1.));
#4182 = DIRECTION('',(-0.,-1.,0.));
#4183 = FACE_BOUND('',#4184,.F.);
#4184 = EDGE_LOOP('',(#4185));
#4185 = ORIENTED_EDGE('',*,*,#4186,.T.);
#4186 = EDGE_CURVE('',#4187,#4187,#4189,.T.);
#4187 = VERTEX_POINT('',#4188);
#4188 = CARTESIAN_POINT('',(149.86,-113.1,0.));
#4189 = CIRCLE('',#4190,0.5);
#4190 = AXIS2_PLACEMENT_3D('',#4191,#4192,#4193);
#4191 = CARTESIAN_POINT('',(149.86,-112.6,0.));
#4192 = DIRECTION('',(-0.,0.,-1.));
#4193 = DIRECTION('',(-0.,-1.,0.));
#4194 = FACE_BOUND('',#4195,.F.);
#4195 = EDGE_LOOP('',(#4196));
#4196 = ORIENTED_EDGE('',*,*,#4197,.T.);
#4197 = EDGE_CURVE('',#4198,#4198,#4200,.T.);
#4198 = VERTEX_POINT('',#4199);
#4199 = CARTESIAN_POINT('',(149.86,-110.56,0.));
#4200 = CIRCLE('',#4201,0.5);
#4201 = AXIS2_PLACEMENT_3D('',#4202,#4203,#4204);
#4202 = CARTESIAN_POINT('',(149.86,-110.06,0.));
#4203 = DIRECTION('',(-0.,0.,-1.));
#4204 = DIRECTION('',(-0.,-1.,0.));
#4205 = FACE_BOUND('',#4206,.F.);
#4206 = EDGE_LOOP('',(#4207));
#4207 = ORIENTED_EDGE('',*,*,#4208,.T.);
#4208 = EDGE_CURVE('',#4209,#4209,#4211,.T.);
#4209 = VERTEX_POINT('',#4210);
#4210 = CARTESIAN_POINT('',(149.86,-108.02,0.));
#4211 = CIRCLE('',#4212,0.5);
#4212 = AXIS2_PLACEMENT_3D('',#4213,#4214,#4215);
#4213 = CARTESIAN_POINT('',(149.86,-107.52,0.));
#4214 = DIRECTION('',(-0.,0.,-1.));
#4215 = DIRECTION('',(-0.,-1.,0.));
#4216 = FACE_BOUND('',#4217,.F.);
#4217 = EDGE_LOOP('',(#4218));
#4218 = ORIENTED_EDGE('',*,*,#4219,.T.);
#4219 = EDGE_CURVE('',#4220,#4220,#4222,.T.);
#4220 = VERTEX_POINT('',#4221);
#4221 = CARTESIAN_POINT('',(134.61,-105.48,0.));
#4222 = CIRCLE('',#4223,0.5);
#4223 = AXIS2_PLACEMENT_3D('',#4224,#4225,#4226);
#4224 = CARTESIAN_POINT('',(134.61,-104.98,0.));
#4225 = DIRECTION('',(-0.,0.,-1.));
#4226 = DIRECTION('',(-0.,-1.,0.));
#4227 = FACE_BOUND('',#4228,.F.);
#4228 = EDGE_LOOP('',(#4229));
#4229 = ORIENTED_EDGE('',*,*,#4230,.T.);
#4230 = EDGE_CURVE('',#4231,#4231,#4233,.T.);
#4231 = VERTEX_POINT('',#4232);
#4232 = CARTESIAN_POINT('',(134.61,-102.94,0.));
#4233 = CIRCLE('',#4234,0.5);
#4234 = AXIS2_PLACEMENT_3D('',#4235,#4236,#4237);
#4235 = CARTESIAN_POINT('',(134.61,-102.44,0.));
#4236 = DIRECTION('',(-0.,0.,-1.));
#4237 = DIRECTION('',(-0.,-1.,0.));
#4238 = FACE_BOUND('',#4239,.F.);
#4239 = EDGE_LOOP('',(#4240));
#4240 = ORIENTED_EDGE('',*,*,#4241,.T.);
#4241 = EDGE_CURVE('',#4242,#4242,#4244,.T.);
#4242 = VERTEX_POINT('',#4243);
#4243 = CARTESIAN_POINT('',(134.61,-100.4,0.));
#4244 = CIRCLE('',#4245,0.5);
#4245 = AXIS2_PLACEMENT_3D('',#4246,#4247,#4248);
#4246 = CARTESIAN_POINT('',(134.61,-99.9,0.));
#4247 = DIRECTION('',(-0.,0.,-1.));
#4248 = DIRECTION('',(-0.,-1.,0.));
#4249 = FACE_BOUND('',#4250,.F.);
#4250 = EDGE_LOOP('',(#4251));
#4251 = ORIENTED_EDGE('',*,*,#4252,.T.);
#4252 = EDGE_CURVE('',#4253,#4253,#4255,.T.);
#4253 = VERTEX_POINT('',#4254);
#4254 = CARTESIAN_POINT('',(149.86,-105.48,0.));
#4255 = CIRCLE('',#4256,0.5);
#4256 = AXIS2_PLACEMENT_3D('',#4257,#4258,#4259);
#4257 = CARTESIAN_POINT('',(149.86,-104.98,0.));
#4258 = DIRECTION('',(-0.,0.,-1.));
#4259 = DIRECTION('',(-0.,-1.,0.));
#4260 = FACE_BOUND('',#4261,.F.);
#4261 = EDGE_LOOP('',(#4262));
#4262 = ORIENTED_EDGE('',*,*,#4263,.T.);
#4263 = EDGE_CURVE('',#4264,#4264,#4266,.T.);
#4264 = VERTEX_POINT('',#4265);
#4265 = CARTESIAN_POINT('',(149.86,-102.94,0.));
#4266 = CIRCLE('',#4267,0.5);
#4267 = AXIS2_PLACEMENT_3D('',#4268,#4269,#4270);
#4268 = CARTESIAN_POINT('',(149.86,-102.44,0.));
#4269 = DIRECTION('',(-0.,0.,-1.));
#4270 = DIRECTION('',(-0.,-1.,0.));
#4271 = FACE_BOUND('',#4272,.F.);
#4272 = EDGE_LOOP('',(#4273));
#4273 = ORIENTED_EDGE('',*,*,#4274,.T.);
#4274 = EDGE_CURVE('',#4275,#4275,#4277,.T.);
#4275 = VERTEX_POINT('',#4276);
#4276 = CARTESIAN_POINT('',(149.86,-100.4,0.));
#4277 = CIRCLE('',#4278,0.5);
#4278 = AXIS2_PLACEMENT_3D('',#4279,#4280,#4281);
#4279 = CARTESIAN_POINT('',(149.86,-99.9,0.));
#4280 = DIRECTION('',(-0.,0.,-1.));
#4281 = DIRECTION('',(-0.,-1.,0.));
#4282 = FACE_BOUND('',#4283,.F.);
#4283 = EDGE_LOOP('',(#4284,#4295,#4303,#4312));
#4284 = ORIENTED_EDGE('',*,*,#4285,.T.);
#4285 = EDGE_CURVE('',#4286,#4288,#4290,.T.);
#4286 = VERTEX_POINT('',#4287);
#4287 = CARTESIAN_POINT('',(119.18,-94.65,0.));
#4288 = VERTEX_POINT('',#4289);
#4289 = CARTESIAN_POINT('',(119.18,-96.15,0.));
#4290 = CIRCLE('',#4291,0.75);
#4291 = AXIS2_PLACEMENT_3D('',#4292,#4293,#4294);
#4292 = CARTESIAN_POINT('',(119.18,-95.4,0.));
#4293 = DIRECTION('',(-0.,0.,-1.));
#4294 = DIRECTION('',(-0.,-1.,0.));
#4295 = ORIENTED_EDGE('',*,*,#4296,.T.);
#4296 = EDGE_CURVE('',#4288,#4297,#4299,.T.);
#4297 = VERTEX_POINT('',#4298);
#4298 = CARTESIAN_POINT('',(117.88,-96.15,0.));
#4299 = LINE('',#4300,#4301);
#4300 = CARTESIAN_POINT('',(58.94,-96.15,0.));
#4301 = VECTOR('',#4302,1.);
#4302 = DIRECTION('',(-1.,0.,0.));
#4303 = ORIENTED_EDGE('',*,*,#4304,.T.);
#4304 = EDGE_CURVE('',#4297,#4305,#4307,.T.);
#4305 = VERTEX_POINT('',#4306);
#4306 = CARTESIAN_POINT('',(117.88,-94.65,0.));
#4307 = CIRCLE('',#4308,0.75);
#4308 = AXIS2_PLACEMENT_3D('',#4309,#4310,#4311);
#4309 = CARTESIAN_POINT('',(117.88,-95.4,0.));
#4310 = DIRECTION('',(-0.,0.,-1.));
#4311 = DIRECTION('',(0.,1.,0.));
#4312 = ORIENTED_EDGE('',*,*,#4313,.T.);
#4313 = EDGE_CURVE('',#4305,#4286,#4314,.T.);
#4314 = LINE('',#4315,#4316);
#4315 = CARTESIAN_POINT('',(59.59,-94.65,0.));
#4316 = VECTOR('',#4317,1.);
#4317 = DIRECTION('',(1.,0.,-0.));
#4318 = FACE_BOUND('',#4319,.F.);
#4319 = EDGE_LOOP('',(#4320,#4331,#4339,#4348));
#4320 = ORIENTED_EDGE('',*,*,#4321,.T.);
#4321 = EDGE_CURVE('',#4322,#4324,#4326,.T.);
#4322 = VERTEX_POINT('',#4323);
#4323 = CARTESIAN_POINT('',(119.98,-84.85,0.));
#4324 = VERTEX_POINT('',#4325);
#4325 = CARTESIAN_POINT('',(119.98,-86.35,0.));
#4326 = CIRCLE('',#4327,0.75);
#4327 = AXIS2_PLACEMENT_3D('',#4328,#4329,#4330);
#4328 = CARTESIAN_POINT('',(119.98,-85.6,0.));
#4329 = DIRECTION('',(-0.,0.,-1.));
#4330 = DIRECTION('',(-0.,-1.,0.));
#4331 = ORIENTED_EDGE('',*,*,#4332,.T.);
#4332 = EDGE_CURVE('',#4324,#4333,#4335,.T.);
#4333 = VERTEX_POINT('',#4334);
#4334 = CARTESIAN_POINT('',(118.68,-86.35,0.));
#4335 = LINE('',#4336,#4337);
#4336 = CARTESIAN_POINT('',(59.34,-86.35,0.));
#4337 = VECTOR('',#4338,1.);
#4338 = DIRECTION('',(-1.,0.,0.));
#4339 = ORIENTED_EDGE('',*,*,#4340,.T.);
#4340 = EDGE_CURVE('',#4333,#4341,#4343,.T.);
#4341 = VERTEX_POINT('',#4342);
#4342 = CARTESIAN_POINT('',(118.68,-84.85,0.));
#4343 = CIRCLE('',#4344,0.75);
#4344 = AXIS2_PLACEMENT_3D('',#4345,#4346,#4347);
#4345 = CARTESIAN_POINT('',(118.68,-85.6,0.));
#4346 = DIRECTION('',(-0.,0.,-1.));
#4347 = DIRECTION('',(0.,1.,0.));
#4348 = ORIENTED_EDGE('',*,*,#4349,.T.);
#4349 = EDGE_CURVE('',#4341,#4322,#4350,.T.);
#4350 = LINE('',#4351,#4352);
#4351 = CARTESIAN_POINT('',(59.99,-84.85,0.));
#4352 = VECTOR('',#4353,1.);
#4353 = DIRECTION('',(1.,0.,-0.));
#4354 = FACE_BOUND('',#4355,.F.);
#4355 = EDGE_LOOP('',(#4356));
#4356 = ORIENTED_EDGE('',*,*,#4357,.T.);
#4357 = EDGE_CURVE('',#4358,#4358,#4360,.T.);
#4358 = VERTEX_POINT('',#4359);
#4359 = CARTESIAN_POINT('',(134.61,-97.86,0.));
#4360 = CIRCLE('',#4361,0.5);
#4361 = AXIS2_PLACEMENT_3D('',#4362,#4363,#4364);
#4362 = CARTESIAN_POINT('',(134.61,-97.36,0.));
#4363 = DIRECTION('',(-0.,0.,-1.));
#4364 = DIRECTION('',(-0.,-1.,0.));
#4365 = FACE_BOUND('',#4366,.F.);
#4366 = EDGE_LOOP('',(#4367));
#4367 = ORIENTED_EDGE('',*,*,#4368,.T.);
#4368 = EDGE_CURVE('',#4369,#4369,#4371,.T.);
#4369 = VERTEX_POINT('',#4370);
#4370 = CARTESIAN_POINT('',(149.86,-97.86,0.));
#4371 = CIRCLE('',#4372,0.5);
#4372 = AXIS2_PLACEMENT_3D('',#4373,#4374,#4375);
#4373 = CARTESIAN_POINT('',(149.86,-97.36,0.));
#4374 = DIRECTION('',(-0.,0.,-1.));
#4375 = DIRECTION('',(-0.,-1.,0.));
#4376 = FACE_BOUND('',#4377,.F.);
#4377 = EDGE_LOOP('',(#4378));
#4378 = ORIENTED_EDGE('',*,*,#4379,.T.);
#4379 = EDGE_CURVE('',#4380,#4380,#4382,.T.);
#4380 = VERTEX_POINT('',#4381);
#4381 = CARTESIAN_POINT('',(151.13,-84.37,0.));
#4382 = CIRCLE('',#4383,0.55);
#4383 = AXIS2_PLACEMENT_3D('',#4384,#4385,#4386);
#4384 = CARTESIAN_POINT('',(151.13,-83.82,0.));
#4385 = DIRECTION('',(-0.,0.,-1.));
#4386 = DIRECTION('',(-0.,-1.,0.));
#4387 = FACE_BOUND('',#4388,.F.);
#4388 = EDGE_LOOP('',(#4389));
#4389 = ORIENTED_EDGE('',*,*,#4390,.T.);
#4390 = EDGE_CURVE('',#4391,#4391,#4393,.T.);
#4391 = VERTEX_POINT('',#4392);
#4392 = CARTESIAN_POINT('',(155.63,-84.37,0.));
#4393 = CIRCLE('',#4394,0.55);
#4394 = AXIS2_PLACEMENT_3D('',#4395,#4396,#4397);
#4395 = CARTESIAN_POINT('',(155.63,-83.82,0.));
#4396 = DIRECTION('',(-0.,0.,-1.));
#4397 = DIRECTION('',(-0.,-1.,0.));
#4398 = FACE_BOUND('',#4399,.F.);
#4399 = EDGE_LOOP('',(#4400));
#4400 = ORIENTED_EDGE('',*,*,#4401,.T.);
#4401 = EDGE_CURVE('',#4402,#4402,#4404,.T.);
#4402 = VERTEX_POINT('',#4403);
#4403 = CARTESIAN_POINT('',(66.43,-81.69,0.));
#4404 = CIRCLE('',#4405,0.85);
#4405 = AXIS2_PLACEMENT_3D('',#4406,#4407,#4408);
#4406 = CARTESIAN_POINT('',(66.43,-80.84,0.));
#4407 = DIRECTION('',(-0.,0.,-1.));
#4408 = DIRECTION('',(-0.,-1.,0.));
#4409 = FACE_BOUND('',#4410,.F.);
#4410 = EDGE_LOOP('',(#4411));
#4411 = ORIENTED_EDGE('',*,*,#4412,.T.);
#4412 = EDGE_CURVE('',#4413,#4413,#4415,.T.);
#4413 = VERTEX_POINT('',#4414);
#4414 = CARTESIAN_POINT('',(71.51,-82.84,0.));
#4415 = CIRCLE('',#4416,2.);
#4416 = AXIS2_PLACEMENT_3D('',#4417,#4418,#4419);
#4417 = CARTESIAN_POINT('',(71.51,-80.84,0.));
#4418 = DIRECTION('',(-0.,0.,-1.));
#4419 = DIRECTION('',(-0.,-1.,0.));
#4420 = FACE_BOUND('',#4421,.F.);
#4421 = EDGE_LOOP('',(#4422));
#4422 = ORIENTED_EDGE('',*,*,#4423,.T.);
#4423 = EDGE_CURVE('',#4424,#4424,#4426,.T.);
#4424 = VERTEX_POINT('',#4425);
#4425 = CARTESIAN_POINT('',(67.7,-79.05,0.));
#4426 = CIRCLE('',#4427,0.75);
#4427 = AXIS2_PLACEMENT_3D('',#4428,#4429,#4430);
#4428 = CARTESIAN_POINT('',(67.7,-78.3,0.));
#4429 = DIRECTION('',(-0.,0.,-1.));
#4430 = DIRECTION('',(-0.,-1.,0.));
#4431 = FACE_BOUND('',#4432,.F.);
#4432 = EDGE_LOOP('',(#4433));
#4433 = ORIENTED_EDGE('',*,*,#4434,.T.);
#4434 = EDGE_CURVE('',#4435,#4435,#4437,.T.);
#4435 = VERTEX_POINT('',#4436);
#4436 = CARTESIAN_POINT('',(74.05,-76.51,0.));
#4437 = CIRCLE('',#4438,0.75);
#4438 = AXIS2_PLACEMENT_3D('',#4439,#4440,#4441);
#4439 = CARTESIAN_POINT('',(74.05,-75.76,0.));
#4440 = DIRECTION('',(-0.,0.,-1.));
#4441 = DIRECTION('',(-0.,-1.,0.));
#4442 = FACE_BOUND('',#4443,.F.);
#4443 = EDGE_LOOP('',(#4444));
#4444 = ORIENTED_EDGE('',*,*,#4445,.T.);
#4445 = EDGE_CURVE('',#4446,#4446,#4448,.T.);
#4446 = VERTEX_POINT('',#4447);
#4447 = CARTESIAN_POINT('',(76.59,-81.69,0.));
#4448 = CIRCLE('',#4449,0.85);
#4449 = AXIS2_PLACEMENT_3D('',#4450,#4451,#4452);
#4450 = CARTESIAN_POINT('',(76.59,-80.84,0.));
#4451 = DIRECTION('',(-0.,0.,-1.));
#4452 = DIRECTION('',(-0.,-1.,0.));
#4453 = FACE_BOUND('',#4454,.F.);
#4454 = EDGE_LOOP('',(#4455));
#4455 = ORIENTED_EDGE('',*,*,#4456,.T.);
#4456 = EDGE_CURVE('',#4457,#4457,#4459,.T.);
#4457 = VERTEX_POINT('',#4458);
#4458 = CARTESIAN_POINT('',(81.67,-81.24,0.));
#4459 = CIRCLE('',#4460,0.4);
#4460 = AXIS2_PLACEMENT_3D('',#4461,#4462,#4463);
#4461 = CARTESIAN_POINT('',(81.67,-80.84,0.));
#4462 = DIRECTION('',(-0.,0.,-1.));
#4463 = DIRECTION('',(3.5527136788E-14,-1.,-0.));
#4464 = FACE_BOUND('',#4465,.F.);
#4465 = EDGE_LOOP('',(#4466));
#4466 = ORIENTED_EDGE('',*,*,#4467,.T.);
#4467 = EDGE_CURVE('',#4468,#4468,#4470,.T.);
#4468 = VERTEX_POINT('',#4469);
#4469 = CARTESIAN_POINT('',(81.57,-68.46,0.));
#4470 = CIRCLE('',#4471,0.4);
#4471 = AXIS2_PLACEMENT_3D('',#4472,#4473,#4474);
#4472 = CARTESIAN_POINT('',(81.57,-68.06,0.));
#4473 = DIRECTION('',(-0.,0.,-1.));
#4474 = DIRECTION('',(-0.,-1.,0.));
#4475 = FACE_BOUND('',#4476,.F.);
#4476 = EDGE_LOOP('',(#4477));
#4477 = ORIENTED_EDGE('',*,*,#4478,.T.);
#4478 = EDGE_CURVE('',#4479,#4479,#4481,.T.);
#4479 = VERTEX_POINT('',#4480);
#4480 = CARTESIAN_POINT('',(90.06,-81.49,0.));
#4481 = CIRCLE('',#4482,0.85);
#4482 = AXIS2_PLACEMENT_3D('',#4483,#4484,#4485);
#4483 = CARTESIAN_POINT('',(90.06,-80.64,0.));
#4484 = DIRECTION('',(-0.,0.,-1.));
#4485 = DIRECTION('',(-0.,-1.,0.));
#4486 = FACE_BOUND('',#4487,.F.);
#4487 = EDGE_LOOP('',(#4488));
#4488 = ORIENTED_EDGE('',*,*,#4489,.T.);
#4489 = EDGE_CURVE('',#4490,#4490,#4492,.T.);
#4490 = VERTEX_POINT('',#4491);
#4491 = CARTESIAN_POINT('',(95.14,-82.64,0.));
#4492 = CIRCLE('',#4493,2.);
#4493 = AXIS2_PLACEMENT_3D('',#4494,#4495,#4496);
#4494 = CARTESIAN_POINT('',(95.14,-80.64,0.));
#4495 = DIRECTION('',(-0.,0.,-1.));
#4496 = DIRECTION('',(-0.,-1.,0.));
#4497 = FACE_BOUND('',#4498,.F.);
#4498 = EDGE_LOOP('',(#4499));
#4499 = ORIENTED_EDGE('',*,*,#4500,.T.);
#4500 = EDGE_CURVE('',#4501,#4501,#4503,.T.);
#4501 = VERTEX_POINT('',#4502);
#4502 = CARTESIAN_POINT('',(91.33,-78.85,0.));
#4503 = CIRCLE('',#4504,0.75);
#4504 = AXIS2_PLACEMENT_3D('',#4505,#4506,#4507);
#4505 = CARTESIAN_POINT('',(91.33,-78.1,0.));
#4506 = DIRECTION('',(-0.,0.,-1.));
#4507 = DIRECTION('',(-0.,-1.,0.));
#4508 = FACE_BOUND('',#4509,.F.);
#4509 = EDGE_LOOP('',(#4510));
#4510 = ORIENTED_EDGE('',*,*,#4511,.T.);
#4511 = EDGE_CURVE('',#4512,#4512,#4514,.T.);
#4512 = VERTEX_POINT('',#4513);
#4513 = CARTESIAN_POINT('',(97.68,-76.31,0.));
#4514 = CIRCLE('',#4515,0.75);
#4515 = AXIS2_PLACEMENT_3D('',#4516,#4517,#4518);
#4516 = CARTESIAN_POINT('',(97.68,-75.56,0.));
#4517 = DIRECTION('',(-0.,0.,-1.));
#4518 = DIRECTION('',(-0.,-1.,0.));
#4519 = FACE_BOUND('',#4520,.F.);
#4520 = EDGE_LOOP('',(#4521));
#4521 = ORIENTED_EDGE('',*,*,#4522,.T.);
#4522 = EDGE_CURVE('',#4523,#4523,#4525,.T.);
#4523 = VERTEX_POINT('',#4524);
#4524 = CARTESIAN_POINT('',(100.22,-81.49,0.));
#4525 = CIRCLE('',#4526,0.85);
#4526 = AXIS2_PLACEMENT_3D('',#4527,#4528,#4529);
#4527 = CARTESIAN_POINT('',(100.22,-80.64,0.));
#4528 = DIRECTION('',(-0.,0.,-1.));
#4529 = DIRECTION('',(-0.,-1.,0.));
#4530 = FACE_BOUND('',#4531,.F.);
#4531 = EDGE_LOOP('',(#4532));
#4532 = ORIENTED_EDGE('',*,*,#4533,.T.);
#4533 = EDGE_CURVE('',#4534,#4534,#4536,.T.);
#4534 = VERTEX_POINT('',#4535);
#4535 = CARTESIAN_POINT('',(105.3,-81.04,0.));
#4536 = CIRCLE('',#4537,0.4);
#4537 = AXIS2_PLACEMENT_3D('',#4538,#4539,#4540);
#4538 = CARTESIAN_POINT('',(105.3,-80.64,0.));
#4539 = DIRECTION('',(-0.,0.,-1.));
#4540 = DIRECTION('',(-3.552713678801E-14,-1.,0.));
#4541 = FACE_BOUND('',#4542,.F.);
#4542 = EDGE_LOOP('',(#4543));
#4543 = ORIENTED_EDGE('',*,*,#4544,.T.);
#4544 = EDGE_CURVE('',#4545,#4545,#4547,.T.);
#4545 = VERTEX_POINT('',#4546);
#4546 = CARTESIAN_POINT('',(105.41,-68.42,0.));
#4547 = CIRCLE('',#4548,0.4);
#4548 = AXIS2_PLACEMENT_3D('',#4549,#4550,#4551);
#4549 = CARTESIAN_POINT('',(105.41,-68.02,0.));
#4550 = DIRECTION('',(-0.,0.,-1.));
#4551 = DIRECTION('',(-0.,-1.,0.));
#4552 = FACE_BOUND('',#4553,.F.);
#4553 = EDGE_LOOP('',(#4554));
#4554 = ORIENTED_EDGE('',*,*,#4555,.T.);
#4555 = EDGE_CURVE('',#4556,#4556,#4558,.T.);
#4556 = VERTEX_POINT('',#4557);
#4557 = CARTESIAN_POINT('',(66.33,-61.29,0.));
#4558 = CIRCLE('',#4559,0.85);
#4559 = AXIS2_PLACEMENT_3D('',#4560,#4561,#4562);
#4560 = CARTESIAN_POINT('',(66.33,-60.44,0.));
#4561 = DIRECTION('',(-0.,0.,-1.));
#4562 = DIRECTION('',(-1.671865260612E-14,-1.,0.));
#4563 = FACE_BOUND('',#4564,.F.);
#4564 = EDGE_LOOP('',(#4565));
#4565 = ORIENTED_EDGE('',*,*,#4566,.T.);
#4566 = EDGE_CURVE('',#4567,#4567,#4569,.T.);
#4567 = VERTEX_POINT('',#4568);
#4568 = CARTESIAN_POINT('',(71.41,-62.44,0.));
#4569 = CIRCLE('',#4570,2.);
#4570 = AXIS2_PLACEMENT_3D('',#4571,#4572,#4573);
#4571 = CARTESIAN_POINT('',(71.41,-60.44,0.));
#4572 = DIRECTION('',(-0.,0.,-1.));
#4573 = DIRECTION('',(-0.,-1.,0.));
#4574 = FACE_BOUND('',#4575,.F.);
#4575 = EDGE_LOOP('',(#4576));
#4576 = ORIENTED_EDGE('',*,*,#4577,.T.);
#4577 = EDGE_CURVE('',#4578,#4578,#4580,.T.);
#4578 = VERTEX_POINT('',#4579);
#4579 = CARTESIAN_POINT('',(76.49,-61.29,0.));
#4580 = CIRCLE('',#4581,0.85);
#4581 = AXIS2_PLACEMENT_3D('',#4582,#4583,#4584);
#4582 = CARTESIAN_POINT('',(76.49,-60.44,0.));
#4583 = DIRECTION('',(-0.,0.,-1.));
#4584 = DIRECTION('',(-1.671865260612E-14,-1.,0.));
#4585 = FACE_BOUND('',#4586,.F.);
#4586 = EDGE_LOOP('',(#4587));
#4587 = ORIENTED_EDGE('',*,*,#4588,.T.);
#4588 = EDGE_CURVE('',#4589,#4589,#4591,.T.);
#4589 = VERTEX_POINT('',#4590);
#4590 = CARTESIAN_POINT('',(81.57,-60.84,0.));
#4591 = CIRCLE('',#4592,0.4);
#4592 = AXIS2_PLACEMENT_3D('',#4593,#4594,#4595);
#4593 = CARTESIAN_POINT('',(81.57,-60.44,0.));
#4594 = DIRECTION('',(-0.,0.,-1.));
#4595 = DIRECTION('',(-0.,-1.,0.));
#4596 = FACE_BOUND('',#4597,.F.);
#4597 = EDGE_LOOP('',(#4598));
#4598 = ORIENTED_EDGE('',*,*,#4599,.T.);
#4599 = EDGE_CURVE('',#4600,#4600,#4602,.T.);
#4600 = VERTEX_POINT('',#4601);
#4601 = CARTESIAN_POINT('',(67.6,-58.65,0.));
#4602 = CIRCLE('',#4603,0.75);
#4603 = AXIS2_PLACEMENT_3D('',#4604,#4605,#4606);
#4604 = CARTESIAN_POINT('',(67.6,-57.9,0.));
#4605 = DIRECTION('',(-0.,0.,-1.));
#4606 = DIRECTION('',(-0.,-1.,0.));
#4607 = FACE_BOUND('',#4608,.F.);
#4608 = EDGE_LOOP('',(#4609));
#4609 = ORIENTED_EDGE('',*,*,#4610,.T.);
#4610 = EDGE_CURVE('',#4611,#4611,#4613,.T.);
#4611 = VERTEX_POINT('',#4612);
#4612 = CARTESIAN_POINT('',(73.95,-56.11,0.));
#4613 = CIRCLE('',#4614,0.75);
#4614 = AXIS2_PLACEMENT_3D('',#4615,#4616,#4617);
#4615 = CARTESIAN_POINT('',(73.95,-55.36,0.));
#4616 = DIRECTION('',(-0.,0.,-1.));
#4617 = DIRECTION('',(-0.,-1.,0.));
#4618 = FACE_BOUND('',#4619,.F.);
#4619 = EDGE_LOOP('',(#4620));
#4620 = ORIENTED_EDGE('',*,*,#4621,.T.);
#4621 = EDGE_CURVE('',#4622,#4622,#4624,.T.);
#4622 = VERTEX_POINT('',#4623);
#4623 = CARTESIAN_POINT('',(90.17,-61.25,0.));
#4624 = CIRCLE('',#4625,0.85);
#4625 = AXIS2_PLACEMENT_3D('',#4626,#4627,#4628);
#4626 = CARTESIAN_POINT('',(90.17,-60.4,0.));
#4627 = DIRECTION('',(-0.,0.,-1.));
#4628 = DIRECTION('',(1.671865260612E-14,-1.,-0.));
#4629 = FACE_BOUND('',#4630,.F.);
#4630 = EDGE_LOOP('',(#4631));
#4631 = ORIENTED_EDGE('',*,*,#4632,.T.);
#4632 = EDGE_CURVE('',#4633,#4633,#4635,.T.);
#4633 = VERTEX_POINT('',#4634);
#4634 = CARTESIAN_POINT('',(91.44,-58.61,0.));
#4635 = CIRCLE('',#4636,0.75);
#4636 = AXIS2_PLACEMENT_3D('',#4637,#4638,#4639);
#4637 = CARTESIAN_POINT('',(91.44,-57.86,0.));
#4638 = DIRECTION('',(-0.,0.,-1.));
#4639 = DIRECTION('',(-0.,-1.,0.));
#4640 = FACE_BOUND('',#4641,.F.);
#4641 = EDGE_LOOP('',(#4642));
#4642 = ORIENTED_EDGE('',*,*,#4643,.T.);
#4643 = EDGE_CURVE('',#4644,#4644,#4646,.T.);
#4644 = VERTEX_POINT('',#4645);
#4645 = CARTESIAN_POINT('',(95.25,-62.4,0.));
#4646 = CIRCLE('',#4647,2.);
#4647 = AXIS2_PLACEMENT_3D('',#4648,#4649,#4650);
#4648 = CARTESIAN_POINT('',(95.25,-60.4,0.));
#4649 = DIRECTION('',(-0.,0.,-1.));
#4650 = DIRECTION('',(-0.,-1.,0.));
#4651 = FACE_BOUND('',#4652,.F.);
#4652 = EDGE_LOOP('',(#4653));
#4653 = ORIENTED_EDGE('',*,*,#4654,.T.);
#4654 = EDGE_CURVE('',#4655,#4655,#4657,.T.);
#4655 = VERTEX_POINT('',#4656);
#4656 = CARTESIAN_POINT('',(97.79,-56.07,0.));
#4657 = CIRCLE('',#4658,0.75);
#4658 = AXIS2_PLACEMENT_3D('',#4659,#4660,#4661);
#4659 = CARTESIAN_POINT('',(97.79,-55.32,0.));
#4660 = DIRECTION('',(-0.,0.,-1.));
#4661 = DIRECTION('',(-0.,-1.,0.));
#4662 = FACE_BOUND('',#4663,.F.);
#4663 = EDGE_LOOP('',(#4664));
#4664 = ORIENTED_EDGE('',*,*,#4665,.T.);
#4665 = EDGE_CURVE('',#4666,#4666,#4668,.T.);
#4666 = VERTEX_POINT('',#4667);
#4667 = CARTESIAN_POINT('',(100.33,-61.25,0.));
#4668 = CIRCLE('',#4669,0.85);
#4669 = AXIS2_PLACEMENT_3D('',#4670,#4671,#4672);
#4670 = CARTESIAN_POINT('',(100.33,-60.4,0.));
#4671 = DIRECTION('',(-0.,0.,-1.));
#4672 = DIRECTION('',(-1.671865260612E-14,-1.,0.));
#4673 = FACE_BOUND('',#4674,.F.);
#4674 = EDGE_LOOP('',(#4675));
#4675 = ORIENTED_EDGE('',*,*,#4676,.T.);
#4676 = EDGE_CURVE('',#4677,#4677,#4679,.T.);
#4677 = VERTEX_POINT('',#4678);
#4678 = CARTESIAN_POINT('',(105.41,-60.8,0.));
#4679 = CIRCLE('',#4680,0.4);
#4680 = AXIS2_PLACEMENT_3D('',#4681,#4682,#4683);
#4681 = CARTESIAN_POINT('',(105.41,-60.4,0.));
#4682 = DIRECTION('',(-0.,0.,-1.));
#4683 = DIRECTION('',(-0.,-1.,0.));
#4684 = FACE_BOUND('',#4685,.F.);
#4685 = EDGE_LOOP('',(#4686));
#4686 = ORIENTED_EDGE('',*,*,#4687,.T.);
#4687 = EDGE_CURVE('',#4688,#4688,#4690,.T.);
#4688 = VERTEX_POINT('',#4689);
#4689 = CARTESIAN_POINT('',(111.83,-83.,0.));
#4690 = CIRCLE('',#4691,0.5);
#4691 = AXIS2_PLACEMENT_3D('',#4692,#4693,#4694);
#4692 = CARTESIAN_POINT('',(111.83,-82.5,0.));
#4693 = DIRECTION('',(-0.,0.,-1.));
#4694 = DIRECTION('',(-0.,-1.,0.));
#4695 = FACE_BOUND('',#4696,.F.);
#4696 = EDGE_LOOP('',(#4697));
#4697 = ORIENTED_EDGE('',*,*,#4698,.T.);
#4698 = EDGE_CURVE('',#4699,#4699,#4701,.T.);
#4699 = VERTEX_POINT('',#4700);
#4700 = CARTESIAN_POINT('',(111.83,-80.5,0.));
#4701 = CIRCLE('',#4702,0.5);
#4702 = AXIS2_PLACEMENT_3D('',#4703,#4704,#4705);
#4703 = CARTESIAN_POINT('',(111.83,-80.,0.));
#4704 = DIRECTION('',(-0.,0.,-1.));
#4705 = DIRECTION('',(-0.,-1.,0.));
#4706 = FACE_BOUND('',#4707,.F.);
#4707 = EDGE_LOOP('',(#4708));
#4708 = ORIENTED_EDGE('',*,*,#4709,.T.);
#4709 = EDGE_CURVE('',#4710,#4710,#4712,.T.);
#4710 = VERTEX_POINT('',#4711);
#4711 = CARTESIAN_POINT('',(111.83,-78.,0.));
#4712 = CIRCLE('',#4713,0.5);
#4713 = AXIS2_PLACEMENT_3D('',#4714,#4715,#4716);
#4714 = CARTESIAN_POINT('',(111.83,-77.5,0.));
#4715 = DIRECTION('',(-0.,0.,-1.));
#4716 = DIRECTION('',(-0.,-1.,0.));
#4717 = FACE_BOUND('',#4718,.F.);
#4718 = EDGE_LOOP('',(#4719));
#4719 = ORIENTED_EDGE('',*,*,#4720,.T.);
#4720 = EDGE_CURVE('',#4721,#4721,#4723,.T.);
#4721 = VERTEX_POINT('',#4722);
#4722 = CARTESIAN_POINT('',(126.33,-83.,0.));
#4723 = CIRCLE('',#4724,0.5);
#4724 = AXIS2_PLACEMENT_3D('',#4725,#4726,#4727);
#4725 = CARTESIAN_POINT('',(126.33,-82.5,0.));
#4726 = DIRECTION('',(-0.,0.,-1.));
#4727 = DIRECTION('',(-0.,-1.,0.));
#4728 = FACE_BOUND('',#4729,.F.);
#4729 = EDGE_LOOP('',(#4730));
#4730 = ORIENTED_EDGE('',*,*,#4731,.T.);
#4731 = EDGE_CURVE('',#4732,#4732,#4734,.T.);
#4732 = VERTEX_POINT('',#4733);
#4733 = CARTESIAN_POINT('',(126.33,-78.,0.));
#4734 = CIRCLE('',#4735,0.5);
#4735 = AXIS2_PLACEMENT_3D('',#4736,#4737,#4738);
#4736 = CARTESIAN_POINT('',(126.33,-77.5,0.));
#4737 = DIRECTION('',(-0.,0.,-1.));
#4738 = DIRECTION('',(-0.,-1.,0.));
#4739 = FACE_BOUND('',#4740,.F.);
#4740 = EDGE_LOOP('',(#4741,#4752,#4760,#4769));
#4741 = ORIENTED_EDGE('',*,*,#4742,.T.);
#4742 = EDGE_CURVE('',#4743,#4745,#4747,.T.);
#4743 = VERTEX_POINT('',#4744);
#4744 = CARTESIAN_POINT('',(119.98,-73.65,0.));
#4745 = VERTEX_POINT('',#4746);
#4746 = CARTESIAN_POINT('',(119.98,-75.15,0.));
#4747 = CIRCLE('',#4748,0.75);
#4748 = AXIS2_PLACEMENT_3D('',#4749,#4750,#4751);
#4749 = CARTESIAN_POINT('',(119.98,-74.4,0.));
#4750 = DIRECTION('',(-0.,0.,-1.));
#4751 = DIRECTION('',(-0.,-1.,0.));
#4752 = ORIENTED_EDGE('',*,*,#4753,.T.);
#4753 = EDGE_CURVE('',#4745,#4754,#4756,.T.);
#4754 = VERTEX_POINT('',#4755);
#4755 = CARTESIAN_POINT('',(118.68,-75.15,0.));
#4756 = LINE('',#4757,#4758);
#4757 = CARTESIAN_POINT('',(59.34,-75.15,0.));
#4758 = VECTOR('',#4759,1.);
#4759 = DIRECTION('',(-1.,0.,0.));
#4760 = ORIENTED_EDGE('',*,*,#4761,.T.);
#4761 = EDGE_CURVE('',#4754,#4762,#4764,.T.);
#4762 = VERTEX_POINT('',#4763);
#4763 = CARTESIAN_POINT('',(118.68,-73.65,0.));
#4764 = CIRCLE('',#4765,0.75);
#4765 = AXIS2_PLACEMENT_3D('',#4766,#4767,#4768);
#4766 = CARTESIAN_POINT('',(118.68,-74.4,0.));
#4767 = DIRECTION('',(-0.,0.,-1.));
#4768 = DIRECTION('',(0.,1.,0.));
#4769 = ORIENTED_EDGE('',*,*,#4770,.T.);
#4770 = EDGE_CURVE('',#4762,#4743,#4771,.T.);
#4771 = LINE('',#4772,#4773);
#4772 = CARTESIAN_POINT('',(59.99,-73.65,0.));
#4773 = VECTOR('',#4774,1.);
#4774 = DIRECTION('',(1.,0.,-0.));
#4775 = FACE_BOUND('',#4776,.F.);
#4776 = EDGE_LOOP('',(#4777));
#4777 = ORIENTED_EDGE('',*,*,#4778,.T.);
#4778 = EDGE_CURVE('',#4779,#4779,#4781,.T.);
#4779 = VERTEX_POINT('',#4780);
#4780 = CARTESIAN_POINT('',(129.54,-68.52,0.));
#4781 = CIRCLE('',#4782,0.4);
#4782 = AXIS2_PLACEMENT_3D('',#4783,#4784,#4785);
#4783 = CARTESIAN_POINT('',(129.54,-68.12,0.));
#4784 = DIRECTION('',(-0.,0.,-1.));
#4785 = DIRECTION('',(-0.,-1.,0.));
#4786 = FACE_BOUND('',#4787,.F.);
#4787 = EDGE_LOOP('',(#4788));
#4788 = ORIENTED_EDGE('',*,*,#4789,.T.);
#4789 = EDGE_CURVE('',#4790,#4790,#4792,.T.);
#4790 = VERTEX_POINT('',#4791);
#4791 = CARTESIAN_POINT('',(151.13,-77.87,0.));
#4792 = CIRCLE('',#4793,0.55);
#4793 = AXIS2_PLACEMENT_3D('',#4794,#4795,#4796);
#4794 = CARTESIAN_POINT('',(151.13,-77.32,0.));
#4795 = DIRECTION('',(-0.,0.,-1.));
#4796 = DIRECTION('',(-0.,-1.,0.));
#4797 = FACE_BOUND('',#4798,.F.);
#4798 = EDGE_LOOP('',(#4799));
#4799 = ORIENTED_EDGE('',*,*,#4800,.T.);
#4800 = EDGE_CURVE('',#4801,#4801,#4803,.T.);
#4801 = VERTEX_POINT('',#4802);
#4802 = CARTESIAN_POINT('',(155.63,-77.87,0.));
#4803 = CIRCLE('',#4804,0.55);
#4804 = AXIS2_PLACEMENT_3D('',#4805,#4806,#4807);
#4805 = CARTESIAN_POINT('',(155.63,-77.32,0.));
#4806 = DIRECTION('',(-0.,0.,-1.));
#4807 = DIRECTION('',(-0.,-1.,0.));
#4808 = FACE_BOUND('',#4809,.F.);
#4809 = EDGE_LOOP('',(#4810));
#4810 = ORIENTED_EDGE('',*,*,#4811,.T.);
#4811 = EDGE_CURVE('',#4812,#4812,#4814,.T.);
#4812 = VERTEX_POINT('',#4813);
#4813 = CARTESIAN_POINT('',(114.3,-61.35,0.));
#4814 = CIRCLE('',#4815,0.85);
#4815 = AXIS2_PLACEMENT_3D('',#4816,#4817,#4818);
#4816 = CARTESIAN_POINT('',(114.3,-60.5,0.));
#4817 = DIRECTION('',(-0.,0.,-1.));
#4818 = DIRECTION('',(-1.671865260612E-14,-1.,0.));
#4819 = FACE_BOUND('',#4820,.F.);
#4820 = EDGE_LOOP('',(#4821));
#4821 = ORIENTED_EDGE('',*,*,#4822,.T.);
#4822 = EDGE_CURVE('',#4823,#4823,#4825,.T.);
#4823 = VERTEX_POINT('',#4824);
#4824 = CARTESIAN_POINT('',(119.38,-62.5,0.));
#4825 = CIRCLE('',#4826,2.);
#4826 = AXIS2_PLACEMENT_3D('',#4827,#4828,#4829);
#4827 = CARTESIAN_POINT('',(119.38,-60.5,0.));
#4828 = DIRECTION('',(-0.,0.,-1.));
#4829 = DIRECTION('',(-0.,-1.,0.));
#4830 = FACE_BOUND('',#4831,.F.);
#4831 = EDGE_LOOP('',(#4832));
#4832 = ORIENTED_EDGE('',*,*,#4833,.T.);
#4833 = EDGE_CURVE('',#4834,#4834,#4836,.T.);
#4834 = VERTEX_POINT('',#4835);
#4835 = CARTESIAN_POINT('',(124.46,-61.35,0.));
#4836 = CIRCLE('',#4837,0.85);
#4837 = AXIS2_PLACEMENT_3D('',#4838,#4839,#4840);
#4838 = CARTESIAN_POINT('',(124.46,-60.5,0.));
#4839 = DIRECTION('',(-0.,0.,-1.));
#4840 = DIRECTION('',(-1.671865260612E-14,-1.,0.));
#4841 = FACE_BOUND('',#4842,.F.);
#4842 = EDGE_LOOP('',(#4843));
#4843 = ORIENTED_EDGE('',*,*,#4844,.T.);
#4844 = EDGE_CURVE('',#4845,#4845,#4847,.T.);
#4845 = VERTEX_POINT('',#4846);
#4846 = CARTESIAN_POINT('',(129.54,-60.9,0.));
#4847 = CIRCLE('',#4848,0.4);
#4848 = AXIS2_PLACEMENT_3D('',#4849,#4850,#4851);
#4849 = CARTESIAN_POINT('',(129.54,-60.5,0.));
#4850 = DIRECTION('',(-0.,0.,-1.));
#4851 = DIRECTION('',(-0.,-1.,0.));
#4852 = FACE_BOUND('',#4853,.F.);
#4853 = EDGE_LOOP('',(#4854));
#4854 = ORIENTED_EDGE('',*,*,#4855,.T.);
#4855 = EDGE_CURVE('',#4856,#4856,#4858,.T.);
#4856 = VERTEX_POINT('',#4857);
#4857 = CARTESIAN_POINT('',(115.57,-58.71,0.));
#4858 = CIRCLE('',#4859,0.75);
#4859 = AXIS2_PLACEMENT_3D('',#4860,#4861,#4862);
#4860 = CARTESIAN_POINT('',(115.57,-57.96,0.));
#4861 = DIRECTION('',(-0.,0.,-1.));
#4862 = DIRECTION('',(-0.,-1.,0.));
#4863 = FACE_BOUND('',#4864,.F.);
#4864 = EDGE_LOOP('',(#4865));
#4865 = ORIENTED_EDGE('',*,*,#4866,.T.);
#4866 = EDGE_CURVE('',#4867,#4867,#4869,.T.);
#4867 = VERTEX_POINT('',#4868);
#4868 = CARTESIAN_POINT('',(121.92,-56.17,0.));
#4869 = CIRCLE('',#4870,0.75);
#4870 = AXIS2_PLACEMENT_3D('',#4871,#4872,#4873);
#4871 = CARTESIAN_POINT('',(121.92,-55.42,0.));
#4872 = DIRECTION('',(-0.,0.,-1.));
#4873 = DIRECTION('',(-0.,-1.,0.));
#4874 = FACE_BOUND('',#4875,.F.);
#4875 = EDGE_LOOP('',(#4876));
#4876 = ORIENTED_EDGE('',*,*,#4877,.T.);
#4877 = EDGE_CURVE('',#4878,#4878,#4880,.T.);
#4878 = VERTEX_POINT('',#4879);
#4879 = CARTESIAN_POINT('',(151.13,-68.01,0.));
#4880 = CIRCLE('',#4881,0.55);
#4881 = AXIS2_PLACEMENT_3D('',#4882,#4883,#4884);
#4882 = CARTESIAN_POINT('',(151.13,-67.46,0.));
#4883 = DIRECTION('',(-0.,0.,-1.));
#4884 = DIRECTION('',(-0.,-1.,0.));
#4885 = FACE_BOUND('',#4886,.F.);
#4886 = EDGE_LOOP('',(#4887));
#4887 = ORIENTED_EDGE('',*,*,#4888,.T.);
#4888 = EDGE_CURVE('',#4889,#4889,#4891,.T.);
#4889 = VERTEX_POINT('',#4890);
#4890 = CARTESIAN_POINT('',(155.63,-68.01,0.));
#4891 = CIRCLE('',#4892,0.55);
#4892 = AXIS2_PLACEMENT_3D('',#4893,#4894,#4895);
#4893 = CARTESIAN_POINT('',(155.63,-67.46,0.));
#4894 = DIRECTION('',(-0.,0.,-1.));
#4895 = DIRECTION('',(-0.,-1.,0.));
#4896 = FACE_BOUND('',#4897,.F.);
#4897 = EDGE_LOOP('',(#4898));
#4898 = ORIENTED_EDGE('',*,*,#4899,.T.);
#4899 = EDGE_CURVE('',#4900,#4900,#4902,.T.);
#4900 = VERTEX_POINT('',#4901);
#4901 = CARTESIAN_POINT('',(151.13,-61.51,0.));
#4902 = CIRCLE('',#4903,0.55);
#4903 = AXIS2_PLACEMENT_3D('',#4904,#4905,#4906);
#4904 = CARTESIAN_POINT('',(151.13,-60.96,0.));
#4905 = DIRECTION('',(-0.,0.,-1.));
#4906 = DIRECTION('',(-0.,-1.,0.));
#4907 = FACE_BOUND('',#4908,.F.);
#4908 = EDGE_LOOP('',(#4909));
#4909 = ORIENTED_EDGE('',*,*,#4910,.T.);
#4910 = EDGE_CURVE('',#4911,#4911,#4913,.T.);
#4911 = VERTEX_POINT('',#4912);
#4912 = CARTESIAN_POINT('',(155.63,-61.51,0.));
#4913 = CIRCLE('',#4914,0.55);
#4914 = AXIS2_PLACEMENT_3D('',#4915,#4916,#4917);
#4915 = CARTESIAN_POINT('',(155.63,-60.96,0.));
#4916 = DIRECTION('',(-0.,0.,-1.));
#4917 = DIRECTION('',(-0.,-1.,0.));
#4918 = FACE_BOUND('',#4919,.F.);
#4919 = EDGE_LOOP('',(#4920));
#4920 = ORIENTED_EDGE('',*,*,#4921,.T.);
#4921 = EDGE_CURVE('',#4922,#4922,#4924,.T.);
#4922 = VERTEX_POINT('',#4923);
#4923 = CARTESIAN_POINT('',(137.16,-53.9,0.));
#4924 = CIRCLE('',#4925,0.5);
#4925 = AXIS2_PLACEMENT_3D('',#4926,#4927,#4928);
#4926 = CARTESIAN_POINT('',(137.16,-53.4,0.));
#4927 = DIRECTION('',(-0.,0.,-1.));
#4928 = DIRECTION('',(-0.,-1.,0.));
#4929 = FACE_BOUND('',#4930,.F.);
#4930 = EDGE_LOOP('',(#4931));
#4931 = ORIENTED_EDGE('',*,*,#4932,.T.);
#4932 = EDGE_CURVE('',#4933,#4933,#4935,.T.);
#4933 = VERTEX_POINT('',#4934);
#4934 = CARTESIAN_POINT('',(139.7,-53.9,0.));
#4935 = CIRCLE('',#4936,0.5);
#4936 = AXIS2_PLACEMENT_3D('',#4937,#4938,#4939);
#4937 = CARTESIAN_POINT('',(139.7,-53.4,0.));
#4938 = DIRECTION('',(-0.,0.,-1.));
#4939 = DIRECTION('',(-0.,-1.,0.));
#4940 = FACE_BOUND('',#4941,.F.);
#4941 = EDGE_LOOP('',(#4942));
#4942 = ORIENTED_EDGE('',*,*,#4943,.T.);
#4943 = EDGE_CURVE('',#4944,#4944,#4946,.T.);
#4944 = VERTEX_POINT('',#4945);
#4945 = CARTESIAN_POINT('',(142.24,-53.9,0.));
#4946 = CIRCLE('',#4947,0.5);
#4947 = AXIS2_PLACEMENT_3D('',#4948,#4949,#4950);
#4948 = CARTESIAN_POINT('',(142.24,-53.4,0.));
#4949 = DIRECTION('',(-0.,0.,-1.));
#4950 = DIRECTION('',(-0.,-1.,0.));
#4951 = FACE_BOUND('',#4952,.F.);
#4952 = EDGE_LOOP('',(#4953));
#4953 = ORIENTED_EDGE('',*,*,#4954,.T.);
#4954 = EDGE_CURVE('',#4955,#4955,#4957,.T.);
#4955 = VERTEX_POINT('',#4956);
#4956 = CARTESIAN_POINT('',(144.78,-53.9,0.));
#4957 = CIRCLE('',#4958,0.5);
#4958 = AXIS2_PLACEMENT_3D('',#4959,#4960,#4961);
#4959 = CARTESIAN_POINT('',(144.78,-53.4,0.));
#4960 = DIRECTION('',(-0.,0.,-1.));
#4961 = DIRECTION('',(-0.,-1.,0.));
#4962 = PLANE('',#4963);
#4963 = AXIS2_PLACEMENT_3D('',#4964,#4965,#4966);
#4964 = CARTESIAN_POINT('',(0.,0.,0.));
#4965 = DIRECTION('',(0.,0.,1.));
#4966 = DIRECTION('',(1.,0.,-0.));
#4967 = ADVANCED_FACE('',(#4968,#4979,#4990,#5001,#5012,#5023,#5034,
    #5045,#5056,#5067,#5078,#5089,#5100,#5111,#5122,#5133,#5144,#5155,
    #5191,#5202,#5213,#5224,#5235,#5246,#5257,#5268,#5279,#5290,#5301,
    #5312,#5323,#5334,#5345,#5356,#5367,#5378,#5414,#5450,#5461,#5472,
    #5483,#5494,#5505,#5516,#5527,#5538,#5549,#5560,#5571,#5582,#5593,
    #5604,#5615,#5626,#5637,#5648,#5659,#5670,#5681,#5692,#5703,#5714,
    #5725,#5736,#5747,#5758,#5769,#5780,#5791,#5802,#5813,#5824,#5835,
    #5871,#5882,#5893,#5904,#5915,#5926,#5937,#5948,#5959,#5970,#5981,
    #5992,#6003,#6014,#6025,#6036,#6047),#6058,.T.);
#4968 = FACE_BOUND('',#4969,.T.);
#4969 = EDGE_LOOP('',(#4970,#4971,#4972,#4978));
#4970 = ORIENTED_EDGE('',*,*,#3783,.F.);
#4971 = ORIENTED_EDGE('',*,*,#3823,.F.);
#4972 = ORIENTED_EDGE('',*,*,#4973,.F.);
#4973 = EDGE_CURVE('',#3846,#3816,#4974,.T.);
#4974 = LINE('',#4975,#4976);
#4975 = CARTESIAN_POINT('',(59.69,-48.26,1.51));
#4976 = VECTOR('',#4977,1.);
#4977 = DIRECTION('',(1.,0.,0.));
#4978 = ORIENTED_EDGE('',*,*,#3845,.F.);
#4979 = FACE_BOUND('',#4980,.T.);
#4980 = EDGE_LOOP('',(#4981));
#4981 = ORIENTED_EDGE('',*,*,#4982,.T.);
#4982 = EDGE_CURVE('',#4983,#4983,#4985,.T.);
#4983 = VERTEX_POINT('',#4984);
#4984 = CARTESIAN_POINT('',(81.29,-108.38,1.51));
#4985 = CIRCLE('',#4986,0.4);
#4986 = AXIS2_PLACEMENT_3D('',#4987,#4988,#4989);
#4987 = CARTESIAN_POINT('',(81.29,-107.98,1.51));
#4988 = DIRECTION('',(-0.,0.,-1.));
#4989 = DIRECTION('',(3.5527136788E-14,-1.,-0.));
#4990 = FACE_BOUND('',#4991,.T.);
#4991 = EDGE_LOOP('',(#4992));
#4992 = ORIENTED_EDGE('',*,*,#4993,.T.);
#4993 = EDGE_CURVE('',#4994,#4994,#4996,.T.);
#4994 = VERTEX_POINT('',#4995);
#4995 = CARTESIAN_POINT('',(66.03,-102.39,1.51));
#4996 = CIRCLE('',#4997,0.85);
#4997 = AXIS2_PLACEMENT_3D('',#4998,#4999,#5000);
#4998 = CARTESIAN_POINT('',(66.03,-101.54,1.51));
#4999 = DIRECTION('',(-0.,0.,-1.));
#5000 = DIRECTION('',(-0.,-1.,0.));
#5001 = FACE_BOUND('',#5002,.T.);
#5002 = EDGE_LOOP('',(#5003));
#5003 = ORIENTED_EDGE('',*,*,#5004,.T.);
#5004 = EDGE_CURVE('',#5005,#5005,#5007,.T.);
#5005 = VERTEX_POINT('',#5006);
#5006 = CARTESIAN_POINT('',(67.3,-99.75,1.51));
#5007 = CIRCLE('',#5008,0.75);
#5008 = AXIS2_PLACEMENT_3D('',#5009,#5010,#5011);
#5009 = CARTESIAN_POINT('',(67.3,-99.,1.51));
#5010 = DIRECTION('',(-0.,0.,-1.));
#5011 = DIRECTION('',(-0.,-1.,0.));
#5012 = FACE_BOUND('',#5013,.T.);
#5013 = EDGE_LOOP('',(#5014));
#5014 = ORIENTED_EDGE('',*,*,#5015,.T.);
#5015 = EDGE_CURVE('',#5016,#5016,#5018,.T.);
#5016 = VERTEX_POINT('',#5017);
#5017 = CARTESIAN_POINT('',(71.11,-103.54,1.51));
#5018 = CIRCLE('',#5019,2.);
#5019 = AXIS2_PLACEMENT_3D('',#5020,#5021,#5022);
#5020 = CARTESIAN_POINT('',(71.11,-101.54,1.51));
#5021 = DIRECTION('',(-0.,0.,-1.));
#5022 = DIRECTION('',(-0.,-1.,0.));
#5023 = FACE_BOUND('',#5024,.T.);
#5024 = EDGE_LOOP('',(#5025));
#5025 = ORIENTED_EDGE('',*,*,#5026,.T.);
#5026 = EDGE_CURVE('',#5027,#5027,#5029,.T.);
#5027 = VERTEX_POINT('',#5028);
#5028 = CARTESIAN_POINT('',(76.19,-102.39,1.51));
#5029 = CIRCLE('',#5030,0.85);
#5030 = AXIS2_PLACEMENT_3D('',#5031,#5032,#5033);
#5031 = CARTESIAN_POINT('',(76.19,-101.54,1.51));
#5032 = DIRECTION('',(-0.,0.,-1.));
#5033 = DIRECTION('',(-0.,-1.,0.));
#5034 = FACE_BOUND('',#5035,.T.);
#5035 = EDGE_LOOP('',(#5036));
#5036 = ORIENTED_EDGE('',*,*,#5037,.T.);
#5037 = EDGE_CURVE('',#5038,#5038,#5040,.T.);
#5038 = VERTEX_POINT('',#5039);
#5039 = CARTESIAN_POINT('',(81.29,-100.76,1.51));
#5040 = CIRCLE('',#5041,0.4);
#5041 = AXIS2_PLACEMENT_3D('',#5042,#5043,#5044);
#5042 = CARTESIAN_POINT('',(81.29,-100.36,1.51));
#5043 = DIRECTION('',(-0.,0.,-1.));
#5044 = DIRECTION('',(3.5527136788E-14,-1.,-0.));
#5045 = FACE_BOUND('',#5046,.T.);
#5046 = EDGE_LOOP('',(#5047));
#5047 = ORIENTED_EDGE('',*,*,#5048,.T.);
#5048 = EDGE_CURVE('',#5049,#5049,#5051,.T.);
#5049 = VERTEX_POINT('',#5050);
#5050 = CARTESIAN_POINT('',(105.13,-108.71,1.51));
#5051 = CIRCLE('',#5052,0.4);
#5052 = AXIS2_PLACEMENT_3D('',#5053,#5054,#5055);
#5053 = CARTESIAN_POINT('',(105.13,-108.31,1.51));
#5054 = DIRECTION('',(-0.,0.,-1.));
#5055 = DIRECTION('',(-0.,-1.,0.));
#5056 = FACE_BOUND('',#5057,.T.);
#5057 = EDGE_LOOP('',(#5058));
#5058 = ORIENTED_EDGE('',*,*,#5059,.T.);
#5059 = EDGE_CURVE('',#5060,#5060,#5062,.T.);
#5060 = VERTEX_POINT('',#5061);
#5061 = CARTESIAN_POINT('',(90.07,-102.25,1.51));
#5062 = CIRCLE('',#5063,0.85);
#5063 = AXIS2_PLACEMENT_3D('',#5064,#5065,#5066);
#5064 = CARTESIAN_POINT('',(90.07,-101.4,1.51));
#5065 = DIRECTION('',(-0.,0.,-1.));
#5066 = DIRECTION('',(-0.,-1.,0.));
#5067 = FACE_BOUND('',#5068,.T.);
#5068 = EDGE_LOOP('',(#5069));
#5069 = ORIENTED_EDGE('',*,*,#5070,.T.);
#5070 = EDGE_CURVE('',#5071,#5071,#5073,.T.);
#5071 = VERTEX_POINT('',#5072);
#5072 = CARTESIAN_POINT('',(91.34,-99.61,1.51));
#5073 = CIRCLE('',#5074,0.75);
#5074 = AXIS2_PLACEMENT_3D('',#5075,#5076,#5077);
#5075 = CARTESIAN_POINT('',(91.34,-98.86,1.51));
#5076 = DIRECTION('',(-0.,0.,-1.));
#5077 = DIRECTION('',(-0.,-1.,0.));
#5078 = FACE_BOUND('',#5079,.T.);
#5079 = EDGE_LOOP('',(#5080));
#5080 = ORIENTED_EDGE('',*,*,#5081,.T.);
#5081 = EDGE_CURVE('',#5082,#5082,#5084,.T.);
#5082 = VERTEX_POINT('',#5083);
#5083 = CARTESIAN_POINT('',(95.15,-103.4,1.51));
#5084 = CIRCLE('',#5085,2.);
#5085 = AXIS2_PLACEMENT_3D('',#5086,#5087,#5088);
#5086 = CARTESIAN_POINT('',(95.15,-101.4,1.51));
#5087 = DIRECTION('',(-0.,0.,-1.));
#5088 = DIRECTION('',(-0.,-1.,0.));
#5089 = FACE_BOUND('',#5090,.T.);
#5090 = EDGE_LOOP('',(#5091));
#5091 = ORIENTED_EDGE('',*,*,#5092,.T.);
#5092 = EDGE_CURVE('',#5093,#5093,#5095,.T.);
#5093 = VERTEX_POINT('',#5094);
#5094 = CARTESIAN_POINT('',(100.23,-102.25,1.51));
#5095 = CIRCLE('',#5096,0.85);
#5096 = AXIS2_PLACEMENT_3D('',#5097,#5098,#5099);
#5097 = CARTESIAN_POINT('',(100.23,-101.4,1.51));
#5098 = DIRECTION('',(-0.,0.,-1.));
#5099 = DIRECTION('',(1.671865260612E-14,-1.,-0.));
#5100 = FACE_BOUND('',#5101,.T.);
#5101 = EDGE_LOOP('',(#5102));
#5102 = ORIENTED_EDGE('',*,*,#5103,.T.);
#5103 = EDGE_CURVE('',#5104,#5104,#5106,.T.);
#5104 = VERTEX_POINT('',#5105);
#5105 = CARTESIAN_POINT('',(105.13,-101.09,1.51));
#5106 = CIRCLE('',#5107,0.4);
#5107 = AXIS2_PLACEMENT_3D('',#5108,#5109,#5110);
#5108 = CARTESIAN_POINT('',(105.13,-100.69,1.51));
#5109 = DIRECTION('',(-0.,0.,-1.));
#5110 = DIRECTION('',(-0.,-1.,0.));
#5111 = FACE_BOUND('',#5112,.T.);
#5112 = EDGE_LOOP('',(#5113));
#5113 = ORIENTED_EDGE('',*,*,#5114,.T.);
#5114 = EDGE_CURVE('',#5115,#5115,#5117,.T.);
#5115 = VERTEX_POINT('',#5116);
#5116 = CARTESIAN_POINT('',(73.65,-97.21,1.51));
#5117 = CIRCLE('',#5118,0.75);
#5118 = AXIS2_PLACEMENT_3D('',#5119,#5120,#5121);
#5119 = CARTESIAN_POINT('',(73.65,-96.46,1.51));
#5120 = DIRECTION('',(-0.,0.,-1.));
#5121 = DIRECTION('',(-0.,-1.,0.));
#5122 = FACE_BOUND('',#5123,.T.);
#5123 = EDGE_LOOP('',(#5124));
#5124 = ORIENTED_EDGE('',*,*,#5125,.T.);
#5125 = EDGE_CURVE('',#5126,#5126,#5128,.T.);
#5126 = VERTEX_POINT('',#5127);
#5127 = CARTESIAN_POINT('',(81.67,-88.86,1.51));
#5128 = CIRCLE('',#5129,0.4);
#5129 = AXIS2_PLACEMENT_3D('',#5130,#5131,#5132);
#5130 = CARTESIAN_POINT('',(81.67,-88.46,1.51));
#5131 = DIRECTION('',(-0.,0.,-1.));
#5132 = DIRECTION('',(3.5527136788E-14,-1.,-0.));
#5133 = FACE_BOUND('',#5134,.T.);
#5134 = EDGE_LOOP('',(#5135));
#5135 = ORIENTED_EDGE('',*,*,#5136,.T.);
#5136 = EDGE_CURVE('',#5137,#5137,#5139,.T.);
#5137 = VERTEX_POINT('',#5138);
#5138 = CARTESIAN_POINT('',(97.69,-97.07,1.51));
#5139 = CIRCLE('',#5140,0.75);
#5140 = AXIS2_PLACEMENT_3D('',#5141,#5142,#5143);
#5141 = CARTESIAN_POINT('',(97.69,-96.32,1.51));
#5142 = DIRECTION('',(-0.,0.,-1.));
#5143 = DIRECTION('',(-0.,-1.,0.));
#5144 = FACE_BOUND('',#5145,.T.);
#5145 = EDGE_LOOP('',(#5146));
#5146 = ORIENTED_EDGE('',*,*,#5147,.T.);
#5147 = EDGE_CURVE('',#5148,#5148,#5150,.T.);
#5148 = VERTEX_POINT('',#5149);
#5149 = CARTESIAN_POINT('',(105.3,-88.66,1.51));
#5150 = CIRCLE('',#5151,0.4);
#5151 = AXIS2_PLACEMENT_3D('',#5152,#5153,#5154);
#5152 = CARTESIAN_POINT('',(105.3,-88.26,1.51));
#5153 = DIRECTION('',(-0.,0.,-1.));
#5154 = DIRECTION('',(-3.552713678801E-14,-1.,0.));
#5155 = FACE_BOUND('',#5156,.T.);
#5156 = EDGE_LOOP('',(#5157,#5168,#5176,#5185));
#5157 = ORIENTED_EDGE('',*,*,#5158,.T.);
#5158 = EDGE_CURVE('',#5159,#5161,#5163,.T.);
#5159 = VERTEX_POINT('',#5160);
#5160 = CARTESIAN_POINT('',(119.18,-105.85,1.51));
#5161 = VERTEX_POINT('',#5162);
#5162 = CARTESIAN_POINT('',(119.18,-107.35,1.51));
#5163 = CIRCLE('',#5164,0.75);
#5164 = AXIS2_PLACEMENT_3D('',#5165,#5166,#5167);
#5165 = CARTESIAN_POINT('',(119.18,-106.6,1.51));
#5166 = DIRECTION('',(-0.,0.,-1.));
#5167 = DIRECTION('',(-0.,-1.,0.));
#5168 = ORIENTED_EDGE('',*,*,#5169,.T.);
#5169 = EDGE_CURVE('',#5161,#5170,#5172,.T.);
#5170 = VERTEX_POINT('',#5171);
#5171 = CARTESIAN_POINT('',(117.88,-107.35,1.51));
#5172 = LINE('',#5173,#5174);
#5173 = CARTESIAN_POINT('',(58.94,-107.35,1.51));
#5174 = VECTOR('',#5175,1.);
#5175 = DIRECTION('',(-1.,0.,0.));
#5176 = ORIENTED_EDGE('',*,*,#5177,.T.);
#5177 = EDGE_CURVE('',#5170,#5178,#5180,.T.);
#5178 = VERTEX_POINT('',#5179);
#5179 = CARTESIAN_POINT('',(117.88,-105.85,1.51));
#5180 = CIRCLE('',#5181,0.75);
#5181 = AXIS2_PLACEMENT_3D('',#5182,#5183,#5184);
#5182 = CARTESIAN_POINT('',(117.88,-106.6,1.51));
#5183 = DIRECTION('',(-0.,0.,-1.));
#5184 = DIRECTION('',(0.,1.,0.));
#5185 = ORIENTED_EDGE('',*,*,#5186,.T.);
#5186 = EDGE_CURVE('',#5178,#5159,#5187,.T.);
#5187 = LINE('',#5188,#5189);
#5188 = CARTESIAN_POINT('',(59.59,-105.85,1.51));
#5189 = VECTOR('',#5190,1.);
#5190 = DIRECTION('',(1.,0.,-0.));
#5191 = FACE_BOUND('',#5192,.T.);
#5192 = EDGE_LOOP('',(#5193));
#5193 = ORIENTED_EDGE('',*,*,#5194,.T.);
#5194 = EDGE_CURVE('',#5195,#5195,#5197,.T.);
#5195 = VERTEX_POINT('',#5196);
#5196 = CARTESIAN_POINT('',(111.03,-104.,1.51));
#5197 = CIRCLE('',#5198,0.5);
#5198 = AXIS2_PLACEMENT_3D('',#5199,#5200,#5201);
#5199 = CARTESIAN_POINT('',(111.03,-103.5,1.51));
#5200 = DIRECTION('',(-0.,0.,-1.));
#5201 = DIRECTION('',(-0.,-1.,0.));
#5202 = FACE_BOUND('',#5203,.T.);
#5203 = EDGE_LOOP('',(#5204));
#5204 = ORIENTED_EDGE('',*,*,#5205,.T.);
#5205 = EDGE_CURVE('',#5206,#5206,#5208,.T.);
#5206 = VERTEX_POINT('',#5207);
#5207 = CARTESIAN_POINT('',(111.03,-101.5,1.51));
#5208 = CIRCLE('',#5209,0.5);
#5209 = AXIS2_PLACEMENT_3D('',#5210,#5211,#5212);
#5210 = CARTESIAN_POINT('',(111.03,-101.,1.51));
#5211 = DIRECTION('',(-0.,0.,-1.));
#5212 = DIRECTION('',(-0.,-1.,0.));
#5213 = FACE_BOUND('',#5214,.T.);
#5214 = EDGE_LOOP('',(#5215));
#5215 = ORIENTED_EDGE('',*,*,#5216,.T.);
#5216 = EDGE_CURVE('',#5217,#5217,#5219,.T.);
#5217 = VERTEX_POINT('',#5218);
#5218 = CARTESIAN_POINT('',(111.03,-99.,1.51));
#5219 = CIRCLE('',#5220,0.5);
#5220 = AXIS2_PLACEMENT_3D('',#5221,#5222,#5223);
#5221 = CARTESIAN_POINT('',(111.03,-98.5,1.51));
#5222 = DIRECTION('',(-0.,0.,-1.));
#5223 = DIRECTION('',(-0.,-1.,0.));
#5224 = FACE_BOUND('',#5225,.T.);
#5225 = EDGE_LOOP('',(#5226));
#5226 = ORIENTED_EDGE('',*,*,#5227,.T.);
#5227 = EDGE_CURVE('',#5228,#5228,#5230,.T.);
#5228 = VERTEX_POINT('',#5229);
#5229 = CARTESIAN_POINT('',(125.53,-104.,1.51));
#5230 = CIRCLE('',#5231,0.5);
#5231 = AXIS2_PLACEMENT_3D('',#5232,#5233,#5234);
#5232 = CARTESIAN_POINT('',(125.53,-103.5,1.51));
#5233 = DIRECTION('',(-0.,0.,-1.));
#5234 = DIRECTION('',(-0.,-1.,0.));
#5235 = FACE_BOUND('',#5236,.T.);
#5236 = EDGE_LOOP('',(#5237));
#5237 = ORIENTED_EDGE('',*,*,#5238,.T.);
#5238 = EDGE_CURVE('',#5239,#5239,#5241,.T.);
#5239 = VERTEX_POINT('',#5240);
#5240 = CARTESIAN_POINT('',(125.53,-99.,1.51));
#5241 = CIRCLE('',#5242,0.5);
#5242 = AXIS2_PLACEMENT_3D('',#5243,#5244,#5245);
#5243 = CARTESIAN_POINT('',(125.53,-98.5,1.51));
#5244 = DIRECTION('',(-0.,0.,-1.));
#5245 = DIRECTION('',(-0.,-1.,0.));
#5246 = FACE_BOUND('',#5247,.T.);
#5247 = EDGE_LOOP('',(#5248));
#5248 = ORIENTED_EDGE('',*,*,#5249,.T.);
#5249 = EDGE_CURVE('',#5250,#5250,#5252,.T.);
#5250 = VERTEX_POINT('',#5251);
#5251 = CARTESIAN_POINT('',(134.61,-113.1,1.51));
#5252 = CIRCLE('',#5253,0.5);
#5253 = AXIS2_PLACEMENT_3D('',#5254,#5255,#5256);
#5254 = CARTESIAN_POINT('',(134.61,-112.6,1.51));
#5255 = DIRECTION('',(-0.,0.,-1.));
#5256 = DIRECTION('',(-0.,-1.,0.));
#5257 = FACE_BOUND('',#5258,.T.);
#5258 = EDGE_LOOP('',(#5259));
#5259 = ORIENTED_EDGE('',*,*,#5260,.T.);
#5260 = EDGE_CURVE('',#5261,#5261,#5263,.T.);
#5261 = VERTEX_POINT('',#5262);
#5262 = CARTESIAN_POINT('',(134.61,-110.56,1.51));
#5263 = CIRCLE('',#5264,0.5);
#5264 = AXIS2_PLACEMENT_3D('',#5265,#5266,#5267);
#5265 = CARTESIAN_POINT('',(134.61,-110.06,1.51));
#5266 = DIRECTION('',(-0.,0.,-1.));
#5267 = DIRECTION('',(-0.,-1.,0.));
#5268 = FACE_BOUND('',#5269,.T.);
#5269 = EDGE_LOOP('',(#5270));
#5270 = ORIENTED_EDGE('',*,*,#5271,.T.);
#5271 = EDGE_CURVE('',#5272,#5272,#5274,.T.);
#5272 = VERTEX_POINT('',#5273);
#5273 = CARTESIAN_POINT('',(134.61,-108.02,1.51));
#5274 = CIRCLE('',#5275,0.5);
#5275 = AXIS2_PLACEMENT_3D('',#5276,#5277,#5278);
#5276 = CARTESIAN_POINT('',(134.61,-107.52,1.51));
#5277 = DIRECTION('',(-0.,0.,-1.));
#5278 = DIRECTION('',(-0.,-1.,0.));
#5279 = FACE_BOUND('',#5280,.T.);
#5280 = EDGE_LOOP('',(#5281));
#5281 = ORIENTED_EDGE('',*,*,#5282,.T.);
#5282 = EDGE_CURVE('',#5283,#5283,#5285,.T.);
#5283 = VERTEX_POINT('',#5284);
#5284 = CARTESIAN_POINT('',(149.86,-113.1,1.51));
#5285 = CIRCLE('',#5286,0.5);
#5286 = AXIS2_PLACEMENT_3D('',#5287,#5288,#5289);
#5287 = CARTESIAN_POINT('',(149.86,-112.6,1.51));
#5288 = DIRECTION('',(-0.,0.,-1.));
#5289 = DIRECTION('',(-0.,-1.,0.));
#5290 = FACE_BOUND('',#5291,.T.);
#5291 = EDGE_LOOP('',(#5292));
#5292 = ORIENTED_EDGE('',*,*,#5293,.T.);
#5293 = EDGE_CURVE('',#5294,#5294,#5296,.T.);
#5294 = VERTEX_POINT('',#5295);
#5295 = CARTESIAN_POINT('',(149.86,-110.56,1.51));
#5296 = CIRCLE('',#5297,0.5);
#5297 = AXIS2_PLACEMENT_3D('',#5298,#5299,#5300);
#5298 = CARTESIAN_POINT('',(149.86,-110.06,1.51));
#5299 = DIRECTION('',(-0.,0.,-1.));
#5300 = DIRECTION('',(-0.,-1.,0.));
#5301 = FACE_BOUND('',#5302,.T.);
#5302 = EDGE_LOOP('',(#5303));
#5303 = ORIENTED_EDGE('',*,*,#5304,.T.);
#5304 = EDGE_CURVE('',#5305,#5305,#5307,.T.);
#5305 = VERTEX_POINT('',#5306);
#5306 = CARTESIAN_POINT('',(149.86,-108.02,1.51));
#5307 = CIRCLE('',#5308,0.5);
#5308 = AXIS2_PLACEMENT_3D('',#5309,#5310,#5311);
#5309 = CARTESIAN_POINT('',(149.86,-107.52,1.51));
#5310 = DIRECTION('',(-0.,0.,-1.));
#5311 = DIRECTION('',(-0.,-1.,0.));
#5312 = FACE_BOUND('',#5313,.T.);
#5313 = EDGE_LOOP('',(#5314));
#5314 = ORIENTED_EDGE('',*,*,#5315,.T.);
#5315 = EDGE_CURVE('',#5316,#5316,#5318,.T.);
#5316 = VERTEX_POINT('',#5317);
#5317 = CARTESIAN_POINT('',(134.61,-105.48,1.51));
#5318 = CIRCLE('',#5319,0.5);
#5319 = AXIS2_PLACEMENT_3D('',#5320,#5321,#5322);
#5320 = CARTESIAN_POINT('',(134.61,-104.98,1.51));
#5321 = DIRECTION('',(-0.,0.,-1.));
#5322 = DIRECTION('',(-0.,-1.,0.));
#5323 = FACE_BOUND('',#5324,.T.);
#5324 = EDGE_LOOP('',(#5325));
#5325 = ORIENTED_EDGE('',*,*,#5326,.T.);
#5326 = EDGE_CURVE('',#5327,#5327,#5329,.T.);
#5327 = VERTEX_POINT('',#5328);
#5328 = CARTESIAN_POINT('',(134.61,-102.94,1.51));
#5329 = CIRCLE('',#5330,0.5);
#5330 = AXIS2_PLACEMENT_3D('',#5331,#5332,#5333);
#5331 = CARTESIAN_POINT('',(134.61,-102.44,1.51));
#5332 = DIRECTION('',(-0.,0.,-1.));
#5333 = DIRECTION('',(-0.,-1.,0.));
#5334 = FACE_BOUND('',#5335,.T.);
#5335 = EDGE_LOOP('',(#5336));
#5336 = ORIENTED_EDGE('',*,*,#5337,.T.);
#5337 = EDGE_CURVE('',#5338,#5338,#5340,.T.);
#5338 = VERTEX_POINT('',#5339);
#5339 = CARTESIAN_POINT('',(134.61,-100.4,1.51));
#5340 = CIRCLE('',#5341,0.5);
#5341 = AXIS2_PLACEMENT_3D('',#5342,#5343,#5344);
#5342 = CARTESIAN_POINT('',(134.61,-99.9,1.51));
#5343 = DIRECTION('',(-0.,0.,-1.));
#5344 = DIRECTION('',(-0.,-1.,0.));
#5345 = FACE_BOUND('',#5346,.T.);
#5346 = EDGE_LOOP('',(#5347));
#5347 = ORIENTED_EDGE('',*,*,#5348,.T.);
#5348 = EDGE_CURVE('',#5349,#5349,#5351,.T.);
#5349 = VERTEX_POINT('',#5350);
#5350 = CARTESIAN_POINT('',(149.86,-105.48,1.51));
#5351 = CIRCLE('',#5352,0.5);
#5352 = AXIS2_PLACEMENT_3D('',#5353,#5354,#5355);
#5353 = CARTESIAN_POINT('',(149.86,-104.98,1.51));
#5354 = DIRECTION('',(-0.,0.,-1.));
#5355 = DIRECTION('',(-0.,-1.,0.));
#5356 = FACE_BOUND('',#5357,.T.);
#5357 = EDGE_LOOP('',(#5358));
#5358 = ORIENTED_EDGE('',*,*,#5359,.T.);
#5359 = EDGE_CURVE('',#5360,#5360,#5362,.T.);
#5360 = VERTEX_POINT('',#5361);
#5361 = CARTESIAN_POINT('',(149.86,-102.94,1.51));
#5362 = CIRCLE('',#5363,0.5);
#5363 = AXIS2_PLACEMENT_3D('',#5364,#5365,#5366);
#5364 = CARTESIAN_POINT('',(149.86,-102.44,1.51));
#5365 = DIRECTION('',(-0.,0.,-1.));
#5366 = DIRECTION('',(-0.,-1.,0.));
#5367 = FACE_BOUND('',#5368,.T.);
#5368 = EDGE_LOOP('',(#5369));
#5369 = ORIENTED_EDGE('',*,*,#5370,.T.);
#5370 = EDGE_CURVE('',#5371,#5371,#5373,.T.);
#5371 = VERTEX_POINT('',#5372);
#5372 = CARTESIAN_POINT('',(149.86,-100.4,1.51));
#5373 = CIRCLE('',#5374,0.5);
#5374 = AXIS2_PLACEMENT_3D('',#5375,#5376,#5377);
#5375 = CARTESIAN_POINT('',(149.86,-99.9,1.51));
#5376 = DIRECTION('',(-0.,0.,-1.));
#5377 = DIRECTION('',(-0.,-1.,0.));
#5378 = FACE_BOUND('',#5379,.T.);
#5379 = EDGE_LOOP('',(#5380,#5391,#5399,#5408));
#5380 = ORIENTED_EDGE('',*,*,#5381,.T.);
#5381 = EDGE_CURVE('',#5382,#5384,#5386,.T.);
#5382 = VERTEX_POINT('',#5383);
#5383 = CARTESIAN_POINT('',(119.18,-94.65,1.51));
#5384 = VERTEX_POINT('',#5385);
#5385 = CARTESIAN_POINT('',(119.18,-96.15,1.51));
#5386 = CIRCLE('',#5387,0.75);
#5387 = AXIS2_PLACEMENT_3D('',#5388,#5389,#5390);
#5388 = CARTESIAN_POINT('',(119.18,-95.4,1.51));
#5389 = DIRECTION('',(-0.,0.,-1.));
#5390 = DIRECTION('',(-0.,-1.,0.));
#5391 = ORIENTED_EDGE('',*,*,#5392,.T.);
#5392 = EDGE_CURVE('',#5384,#5393,#5395,.T.);
#5393 = VERTEX_POINT('',#5394);
#5394 = CARTESIAN_POINT('',(117.88,-96.15,1.51));
#5395 = LINE('',#5396,#5397);
#5396 = CARTESIAN_POINT('',(58.94,-96.15,1.51));
#5397 = VECTOR('',#5398,1.);
#5398 = DIRECTION('',(-1.,0.,0.));
#5399 = ORIENTED_EDGE('',*,*,#5400,.T.);
#5400 = EDGE_CURVE('',#5393,#5401,#5403,.T.);
#5401 = VERTEX_POINT('',#5402);
#5402 = CARTESIAN_POINT('',(117.88,-94.65,1.51));
#5403 = CIRCLE('',#5404,0.75);
#5404 = AXIS2_PLACEMENT_3D('',#5405,#5406,#5407);
#5405 = CARTESIAN_POINT('',(117.88,-95.4,1.51));
#5406 = DIRECTION('',(-0.,0.,-1.));
#5407 = DIRECTION('',(0.,1.,0.));
#5408 = ORIENTED_EDGE('',*,*,#5409,.T.);
#5409 = EDGE_CURVE('',#5401,#5382,#5410,.T.);
#5410 = LINE('',#5411,#5412);
#5411 = CARTESIAN_POINT('',(59.59,-94.65,1.51));
#5412 = VECTOR('',#5413,1.);
#5413 = DIRECTION('',(1.,0.,-0.));
#5414 = FACE_BOUND('',#5415,.T.);
#5415 = EDGE_LOOP('',(#5416,#5427,#5435,#5444));
#5416 = ORIENTED_EDGE('',*,*,#5417,.T.);
#5417 = EDGE_CURVE('',#5418,#5420,#5422,.T.);
#5418 = VERTEX_POINT('',#5419);
#5419 = CARTESIAN_POINT('',(119.98,-84.85,1.51));
#5420 = VERTEX_POINT('',#5421);
#5421 = CARTESIAN_POINT('',(119.98,-86.35,1.51));
#5422 = CIRCLE('',#5423,0.75);
#5423 = AXIS2_PLACEMENT_3D('',#5424,#5425,#5426);
#5424 = CARTESIAN_POINT('',(119.98,-85.6,1.51));
#5425 = DIRECTION('',(-0.,0.,-1.));
#5426 = DIRECTION('',(-0.,-1.,0.));
#5427 = ORIENTED_EDGE('',*,*,#5428,.T.);
#5428 = EDGE_CURVE('',#5420,#5429,#5431,.T.);
#5429 = VERTEX_POINT('',#5430);
#5430 = CARTESIAN_POINT('',(118.68,-86.35,1.51));
#5431 = LINE('',#5432,#5433);
#5432 = CARTESIAN_POINT('',(59.34,-86.35,1.51));
#5433 = VECTOR('',#5434,1.);
#5434 = DIRECTION('',(-1.,0.,0.));
#5435 = ORIENTED_EDGE('',*,*,#5436,.T.);
#5436 = EDGE_CURVE('',#5429,#5437,#5439,.T.);
#5437 = VERTEX_POINT('',#5438);
#5438 = CARTESIAN_POINT('',(118.68,-84.85,1.51));
#5439 = CIRCLE('',#5440,0.75);
#5440 = AXIS2_PLACEMENT_3D('',#5441,#5442,#5443);
#5441 = CARTESIAN_POINT('',(118.68,-85.6,1.51));
#5442 = DIRECTION('',(-0.,0.,-1.));
#5443 = DIRECTION('',(0.,1.,0.));
#5444 = ORIENTED_EDGE('',*,*,#5445,.T.);
#5445 = EDGE_CURVE('',#5437,#5418,#5446,.T.);
#5446 = LINE('',#5447,#5448);
#5447 = CARTESIAN_POINT('',(59.99,-84.85,1.51));
#5448 = VECTOR('',#5449,1.);
#5449 = DIRECTION('',(1.,0.,-0.));
#5450 = FACE_BOUND('',#5451,.T.);
#5451 = EDGE_LOOP('',(#5452));
#5452 = ORIENTED_EDGE('',*,*,#5453,.T.);
#5453 = EDGE_CURVE('',#5454,#5454,#5456,.T.);
#5454 = VERTEX_POINT('',#5455);
#5455 = CARTESIAN_POINT('',(134.61,-97.86,1.51));
#5456 = CIRCLE('',#5457,0.5);
#5457 = AXIS2_PLACEMENT_3D('',#5458,#5459,#5460);
#5458 = CARTESIAN_POINT('',(134.61,-97.36,1.51));
#5459 = DIRECTION('',(-0.,0.,-1.));
#5460 = DIRECTION('',(-0.,-1.,0.));
#5461 = FACE_BOUND('',#5462,.T.);
#5462 = EDGE_LOOP('',(#5463));
#5463 = ORIENTED_EDGE('',*,*,#5464,.T.);
#5464 = EDGE_CURVE('',#5465,#5465,#5467,.T.);
#5465 = VERTEX_POINT('',#5466);
#5466 = CARTESIAN_POINT('',(149.86,-97.86,1.51));
#5467 = CIRCLE('',#5468,0.5);
#5468 = AXIS2_PLACEMENT_3D('',#5469,#5470,#5471);
#5469 = CARTESIAN_POINT('',(149.86,-97.36,1.51));
#5470 = DIRECTION('',(-0.,0.,-1.));
#5471 = DIRECTION('',(-0.,-1.,0.));
#5472 = FACE_BOUND('',#5473,.T.);
#5473 = EDGE_LOOP('',(#5474));
#5474 = ORIENTED_EDGE('',*,*,#5475,.T.);
#5475 = EDGE_CURVE('',#5476,#5476,#5478,.T.);
#5476 = VERTEX_POINT('',#5477);
#5477 = CARTESIAN_POINT('',(151.13,-84.37,1.51));
#5478 = CIRCLE('',#5479,0.55);
#5479 = AXIS2_PLACEMENT_3D('',#5480,#5481,#5482);
#5480 = CARTESIAN_POINT('',(151.13,-83.82,1.51));
#5481 = DIRECTION('',(-0.,0.,-1.));
#5482 = DIRECTION('',(-0.,-1.,0.));
#5483 = FACE_BOUND('',#5484,.T.);
#5484 = EDGE_LOOP('',(#5485));
#5485 = ORIENTED_EDGE('',*,*,#5486,.T.);
#5486 = EDGE_CURVE('',#5487,#5487,#5489,.T.);
#5487 = VERTEX_POINT('',#5488);
#5488 = CARTESIAN_POINT('',(155.63,-84.37,1.51));
#5489 = CIRCLE('',#5490,0.55);
#5490 = AXIS2_PLACEMENT_3D('',#5491,#5492,#5493);
#5491 = CARTESIAN_POINT('',(155.63,-83.82,1.51));
#5492 = DIRECTION('',(-0.,0.,-1.));
#5493 = DIRECTION('',(-0.,-1.,0.));
#5494 = FACE_BOUND('',#5495,.T.);
#5495 = EDGE_LOOP('',(#5496));
#5496 = ORIENTED_EDGE('',*,*,#5497,.T.);
#5497 = EDGE_CURVE('',#5498,#5498,#5500,.T.);
#5498 = VERTEX_POINT('',#5499);
#5499 = CARTESIAN_POINT('',(66.43,-81.69,1.51));
#5500 = CIRCLE('',#5501,0.85);
#5501 = AXIS2_PLACEMENT_3D('',#5502,#5503,#5504);
#5502 = CARTESIAN_POINT('',(66.43,-80.84,1.51));
#5503 = DIRECTION('',(-0.,0.,-1.));
#5504 = DIRECTION('',(-0.,-1.,0.));
#5505 = FACE_BOUND('',#5506,.T.);
#5506 = EDGE_LOOP('',(#5507));
#5507 = ORIENTED_EDGE('',*,*,#5508,.T.);
#5508 = EDGE_CURVE('',#5509,#5509,#5511,.T.);
#5509 = VERTEX_POINT('',#5510);
#5510 = CARTESIAN_POINT('',(71.51,-82.84,1.51));
#5511 = CIRCLE('',#5512,2.);
#5512 = AXIS2_PLACEMENT_3D('',#5513,#5514,#5515);
#5513 = CARTESIAN_POINT('',(71.51,-80.84,1.51));
#5514 = DIRECTION('',(-0.,0.,-1.));
#5515 = DIRECTION('',(-0.,-1.,0.));
#5516 = FACE_BOUND('',#5517,.T.);
#5517 = EDGE_LOOP('',(#5518));
#5518 = ORIENTED_EDGE('',*,*,#5519,.T.);
#5519 = EDGE_CURVE('',#5520,#5520,#5522,.T.);
#5520 = VERTEX_POINT('',#5521);
#5521 = CARTESIAN_POINT('',(67.7,-79.05,1.51));
#5522 = CIRCLE('',#5523,0.75);
#5523 = AXIS2_PLACEMENT_3D('',#5524,#5525,#5526);
#5524 = CARTESIAN_POINT('',(67.7,-78.3,1.51));
#5525 = DIRECTION('',(-0.,0.,-1.));
#5526 = DIRECTION('',(-0.,-1.,0.));
#5527 = FACE_BOUND('',#5528,.T.);
#5528 = EDGE_LOOP('',(#5529));
#5529 = ORIENTED_EDGE('',*,*,#5530,.T.);
#5530 = EDGE_CURVE('',#5531,#5531,#5533,.T.);
#5531 = VERTEX_POINT('',#5532);
#5532 = CARTESIAN_POINT('',(74.05,-76.51,1.51));
#5533 = CIRCLE('',#5534,0.75);
#5534 = AXIS2_PLACEMENT_3D('',#5535,#5536,#5537);
#5535 = CARTESIAN_POINT('',(74.05,-75.76,1.51));
#5536 = DIRECTION('',(-0.,0.,-1.));
#5537 = DIRECTION('',(-0.,-1.,0.));
#5538 = FACE_BOUND('',#5539,.T.);
#5539 = EDGE_LOOP('',(#5540));
#5540 = ORIENTED_EDGE('',*,*,#5541,.T.);
#5541 = EDGE_CURVE('',#5542,#5542,#5544,.T.);
#5542 = VERTEX_POINT('',#5543);
#5543 = CARTESIAN_POINT('',(76.59,-81.69,1.51));
#5544 = CIRCLE('',#5545,0.85);
#5545 = AXIS2_PLACEMENT_3D('',#5546,#5547,#5548);
#5546 = CARTESIAN_POINT('',(76.59,-80.84,1.51));
#5547 = DIRECTION('',(-0.,0.,-1.));
#5548 = DIRECTION('',(-0.,-1.,0.));
#5549 = FACE_BOUND('',#5550,.T.);
#5550 = EDGE_LOOP('',(#5551));
#5551 = ORIENTED_EDGE('',*,*,#5552,.T.);
#5552 = EDGE_CURVE('',#5553,#5553,#5555,.T.);
#5553 = VERTEX_POINT('',#5554);
#5554 = CARTESIAN_POINT('',(81.67,-81.24,1.51));
#5555 = CIRCLE('',#5556,0.4);
#5556 = AXIS2_PLACEMENT_3D('',#5557,#5558,#5559);
#5557 = CARTESIAN_POINT('',(81.67,-80.84,1.51));
#5558 = DIRECTION('',(-0.,0.,-1.));
#5559 = DIRECTION('',(3.5527136788E-14,-1.,-0.));
#5560 = FACE_BOUND('',#5561,.T.);
#5561 = EDGE_LOOP('',(#5562));
#5562 = ORIENTED_EDGE('',*,*,#5563,.T.);
#5563 = EDGE_CURVE('',#5564,#5564,#5566,.T.);
#5564 = VERTEX_POINT('',#5565);
#5565 = CARTESIAN_POINT('',(81.57,-68.46,1.51));
#5566 = CIRCLE('',#5567,0.4);
#5567 = AXIS2_PLACEMENT_3D('',#5568,#5569,#5570);
#5568 = CARTESIAN_POINT('',(81.57,-68.06,1.51));
#5569 = DIRECTION('',(-0.,0.,-1.));
#5570 = DIRECTION('',(-0.,-1.,0.));
#5571 = FACE_BOUND('',#5572,.T.);
#5572 = EDGE_LOOP('',(#5573));
#5573 = ORIENTED_EDGE('',*,*,#5574,.T.);
#5574 = EDGE_CURVE('',#5575,#5575,#5577,.T.);
#5575 = VERTEX_POINT('',#5576);
#5576 = CARTESIAN_POINT('',(90.06,-81.49,1.51));
#5577 = CIRCLE('',#5578,0.85);
#5578 = AXIS2_PLACEMENT_3D('',#5579,#5580,#5581);
#5579 = CARTESIAN_POINT('',(90.06,-80.64,1.51));
#5580 = DIRECTION('',(-0.,0.,-1.));
#5581 = DIRECTION('',(-0.,-1.,0.));
#5582 = FACE_BOUND('',#5583,.T.);
#5583 = EDGE_LOOP('',(#5584));
#5584 = ORIENTED_EDGE('',*,*,#5585,.T.);
#5585 = EDGE_CURVE('',#5586,#5586,#5588,.T.);
#5586 = VERTEX_POINT('',#5587);
#5587 = CARTESIAN_POINT('',(95.14,-82.64,1.51));
#5588 = CIRCLE('',#5589,2.);
#5589 = AXIS2_PLACEMENT_3D('',#5590,#5591,#5592);
#5590 = CARTESIAN_POINT('',(95.14,-80.64,1.51));
#5591 = DIRECTION('',(-0.,0.,-1.));
#5592 = DIRECTION('',(-0.,-1.,0.));
#5593 = FACE_BOUND('',#5594,.T.);
#5594 = EDGE_LOOP('',(#5595));
#5595 = ORIENTED_EDGE('',*,*,#5596,.T.);
#5596 = EDGE_CURVE('',#5597,#5597,#5599,.T.);
#5597 = VERTEX_POINT('',#5598);
#5598 = CARTESIAN_POINT('',(91.33,-78.85,1.51));
#5599 = CIRCLE('',#5600,0.75);
#5600 = AXIS2_PLACEMENT_3D('',#5601,#5602,#5603);
#5601 = CARTESIAN_POINT('',(91.33,-78.1,1.51));
#5602 = DIRECTION('',(-0.,0.,-1.));
#5603 = DIRECTION('',(-0.,-1.,0.));
#5604 = FACE_BOUND('',#5605,.T.);
#5605 = EDGE_LOOP('',(#5606));
#5606 = ORIENTED_EDGE('',*,*,#5607,.T.);
#5607 = EDGE_CURVE('',#5608,#5608,#5610,.T.);
#5608 = VERTEX_POINT('',#5609);
#5609 = CARTESIAN_POINT('',(97.68,-76.31,1.51));
#5610 = CIRCLE('',#5611,0.75);
#5611 = AXIS2_PLACEMENT_3D('',#5612,#5613,#5614);
#5612 = CARTESIAN_POINT('',(97.68,-75.56,1.51));
#5613 = DIRECTION('',(-0.,0.,-1.));
#5614 = DIRECTION('',(-0.,-1.,0.));
#5615 = FACE_BOUND('',#5616,.T.);
#5616 = EDGE_LOOP('',(#5617));
#5617 = ORIENTED_EDGE('',*,*,#5618,.T.);
#5618 = EDGE_CURVE('',#5619,#5619,#5621,.T.);
#5619 = VERTEX_POINT('',#5620);
#5620 = CARTESIAN_POINT('',(100.22,-81.49,1.51));
#5621 = CIRCLE('',#5622,0.85);
#5622 = AXIS2_PLACEMENT_3D('',#5623,#5624,#5625);
#5623 = CARTESIAN_POINT('',(100.22,-80.64,1.51));
#5624 = DIRECTION('',(-0.,0.,-1.));
#5625 = DIRECTION('',(-0.,-1.,0.));
#5626 = FACE_BOUND('',#5627,.T.);
#5627 = EDGE_LOOP('',(#5628));
#5628 = ORIENTED_EDGE('',*,*,#5629,.T.);
#5629 = EDGE_CURVE('',#5630,#5630,#5632,.T.);
#5630 = VERTEX_POINT('',#5631);
#5631 = CARTESIAN_POINT('',(105.3,-81.04,1.51));
#5632 = CIRCLE('',#5633,0.4);
#5633 = AXIS2_PLACEMENT_3D('',#5634,#5635,#5636);
#5634 = CARTESIAN_POINT('',(105.3,-80.64,1.51));
#5635 = DIRECTION('',(-0.,0.,-1.));
#5636 = DIRECTION('',(-3.552713678801E-14,-1.,0.));
#5637 = FACE_BOUND('',#5638,.T.);
#5638 = EDGE_LOOP('',(#5639));
#5639 = ORIENTED_EDGE('',*,*,#5640,.T.);
#5640 = EDGE_CURVE('',#5641,#5641,#5643,.T.);
#5641 = VERTEX_POINT('',#5642);
#5642 = CARTESIAN_POINT('',(105.41,-68.42,1.51));
#5643 = CIRCLE('',#5644,0.4);
#5644 = AXIS2_PLACEMENT_3D('',#5645,#5646,#5647);
#5645 = CARTESIAN_POINT('',(105.41,-68.02,1.51));
#5646 = DIRECTION('',(-0.,0.,-1.));
#5647 = DIRECTION('',(-0.,-1.,0.));
#5648 = FACE_BOUND('',#5649,.T.);
#5649 = EDGE_LOOP('',(#5650));
#5650 = ORIENTED_EDGE('',*,*,#5651,.T.);
#5651 = EDGE_CURVE('',#5652,#5652,#5654,.T.);
#5652 = VERTEX_POINT('',#5653);
#5653 = CARTESIAN_POINT('',(66.33,-61.29,1.51));
#5654 = CIRCLE('',#5655,0.85);
#5655 = AXIS2_PLACEMENT_3D('',#5656,#5657,#5658);
#5656 = CARTESIAN_POINT('',(66.33,-60.44,1.51));
#5657 = DIRECTION('',(-0.,0.,-1.));
#5658 = DIRECTION('',(-1.671865260612E-14,-1.,0.));
#5659 = FACE_BOUND('',#5660,.T.);
#5660 = EDGE_LOOP('',(#5661));
#5661 = ORIENTED_EDGE('',*,*,#5662,.T.);
#5662 = EDGE_CURVE('',#5663,#5663,#5665,.T.);
#5663 = VERTEX_POINT('',#5664);
#5664 = CARTESIAN_POINT('',(71.41,-62.44,1.51));
#5665 = CIRCLE('',#5666,2.);
#5666 = AXIS2_PLACEMENT_3D('',#5667,#5668,#5669);
#5667 = CARTESIAN_POINT('',(71.41,-60.44,1.51));
#5668 = DIRECTION('',(-0.,0.,-1.));
#5669 = DIRECTION('',(-0.,-1.,0.));
#5670 = FACE_BOUND('',#5671,.T.);
#5671 = EDGE_LOOP('',(#5672));
#5672 = ORIENTED_EDGE('',*,*,#5673,.T.);
#5673 = EDGE_CURVE('',#5674,#5674,#5676,.T.);
#5674 = VERTEX_POINT('',#5675);
#5675 = CARTESIAN_POINT('',(76.49,-61.29,1.51));
#5676 = CIRCLE('',#5677,0.85);
#5677 = AXIS2_PLACEMENT_3D('',#5678,#5679,#5680);
#5678 = CARTESIAN_POINT('',(76.49,-60.44,1.51));
#5679 = DIRECTION('',(-0.,0.,-1.));
#5680 = DIRECTION('',(-1.671865260612E-14,-1.,0.));
#5681 = FACE_BOUND('',#5682,.T.);
#5682 = EDGE_LOOP('',(#5683));
#5683 = ORIENTED_EDGE('',*,*,#5684,.T.);
#5684 = EDGE_CURVE('',#5685,#5685,#5687,.T.);
#5685 = VERTEX_POINT('',#5686);
#5686 = CARTESIAN_POINT('',(81.57,-60.84,1.51));
#5687 = CIRCLE('',#5688,0.4);
#5688 = AXIS2_PLACEMENT_3D('',#5689,#5690,#5691);
#5689 = CARTESIAN_POINT('',(81.57,-60.44,1.51));
#5690 = DIRECTION('',(-0.,0.,-1.));
#5691 = DIRECTION('',(-0.,-1.,0.));
#5692 = FACE_BOUND('',#5693,.T.);
#5693 = EDGE_LOOP('',(#5694));
#5694 = ORIENTED_EDGE('',*,*,#5695,.T.);
#5695 = EDGE_CURVE('',#5696,#5696,#5698,.T.);
#5696 = VERTEX_POINT('',#5697);
#5697 = CARTESIAN_POINT('',(67.6,-58.65,1.51));
#5698 = CIRCLE('',#5699,0.75);
#5699 = AXIS2_PLACEMENT_3D('',#5700,#5701,#5702);
#5700 = CARTESIAN_POINT('',(67.6,-57.9,1.51));
#5701 = DIRECTION('',(-0.,0.,-1.));
#5702 = DIRECTION('',(-0.,-1.,0.));
#5703 = FACE_BOUND('',#5704,.T.);
#5704 = EDGE_LOOP('',(#5705));
#5705 = ORIENTED_EDGE('',*,*,#5706,.T.);
#5706 = EDGE_CURVE('',#5707,#5707,#5709,.T.);
#5707 = VERTEX_POINT('',#5708);
#5708 = CARTESIAN_POINT('',(73.95,-56.11,1.51));
#5709 = CIRCLE('',#5710,0.75);
#5710 = AXIS2_PLACEMENT_3D('',#5711,#5712,#5713);
#5711 = CARTESIAN_POINT('',(73.95,-55.36,1.51));
#5712 = DIRECTION('',(-0.,0.,-1.));
#5713 = DIRECTION('',(-0.,-1.,0.));
#5714 = FACE_BOUND('',#5715,.T.);
#5715 = EDGE_LOOP('',(#5716));
#5716 = ORIENTED_EDGE('',*,*,#5717,.T.);
#5717 = EDGE_CURVE('',#5718,#5718,#5720,.T.);
#5718 = VERTEX_POINT('',#5719);
#5719 = CARTESIAN_POINT('',(90.17,-61.25,1.51));
#5720 = CIRCLE('',#5721,0.85);
#5721 = AXIS2_PLACEMENT_3D('',#5722,#5723,#5724);
#5722 = CARTESIAN_POINT('',(90.17,-60.4,1.51));
#5723 = DIRECTION('',(-0.,0.,-1.));
#5724 = DIRECTION('',(1.671865260612E-14,-1.,-0.));
#5725 = FACE_BOUND('',#5726,.T.);
#5726 = EDGE_LOOP('',(#5727));
#5727 = ORIENTED_EDGE('',*,*,#5728,.T.);
#5728 = EDGE_CURVE('',#5729,#5729,#5731,.T.);
#5729 = VERTEX_POINT('',#5730);
#5730 = CARTESIAN_POINT('',(91.44,-58.61,1.51));
#5731 = CIRCLE('',#5732,0.75);
#5732 = AXIS2_PLACEMENT_3D('',#5733,#5734,#5735);
#5733 = CARTESIAN_POINT('',(91.44,-57.86,1.51));
#5734 = DIRECTION('',(-0.,0.,-1.));
#5735 = DIRECTION('',(-0.,-1.,0.));
#5736 = FACE_BOUND('',#5737,.T.);
#5737 = EDGE_LOOP('',(#5738));
#5738 = ORIENTED_EDGE('',*,*,#5739,.T.);
#5739 = EDGE_CURVE('',#5740,#5740,#5742,.T.);
#5740 = VERTEX_POINT('',#5741);
#5741 = CARTESIAN_POINT('',(95.25,-62.4,1.51));
#5742 = CIRCLE('',#5743,2.);
#5743 = AXIS2_PLACEMENT_3D('',#5744,#5745,#5746);
#5744 = CARTESIAN_POINT('',(95.25,-60.4,1.51));
#5745 = DIRECTION('',(-0.,0.,-1.));
#5746 = DIRECTION('',(-0.,-1.,0.));
#5747 = FACE_BOUND('',#5748,.T.);
#5748 = EDGE_LOOP('',(#5749));
#5749 = ORIENTED_EDGE('',*,*,#5750,.T.);
#5750 = EDGE_CURVE('',#5751,#5751,#5753,.T.);
#5751 = VERTEX_POINT('',#5752);
#5752 = CARTESIAN_POINT('',(97.79,-56.07,1.51));
#5753 = CIRCLE('',#5754,0.75);
#5754 = AXIS2_PLACEMENT_3D('',#5755,#5756,#5757);
#5755 = CARTESIAN_POINT('',(97.79,-55.32,1.51));
#5756 = DIRECTION('',(-0.,0.,-1.));
#5757 = DIRECTION('',(-0.,-1.,0.));
#5758 = FACE_BOUND('',#5759,.T.);
#5759 = EDGE_LOOP('',(#5760));
#5760 = ORIENTED_EDGE('',*,*,#5761,.T.);
#5761 = EDGE_CURVE('',#5762,#5762,#5764,.T.);
#5762 = VERTEX_POINT('',#5763);
#5763 = CARTESIAN_POINT('',(100.33,-61.25,1.51));
#5764 = CIRCLE('',#5765,0.85);
#5765 = AXIS2_PLACEMENT_3D('',#5766,#5767,#5768);
#5766 = CARTESIAN_POINT('',(100.33,-60.4,1.51));
#5767 = DIRECTION('',(-0.,0.,-1.));
#5768 = DIRECTION('',(-1.671865260612E-14,-1.,0.));
#5769 = FACE_BOUND('',#5770,.T.);
#5770 = EDGE_LOOP('',(#5771));
#5771 = ORIENTED_EDGE('',*,*,#5772,.T.);
#5772 = EDGE_CURVE('',#5773,#5773,#5775,.T.);
#5773 = VERTEX_POINT('',#5774);
#5774 = CARTESIAN_POINT('',(105.41,-60.8,1.51));
#5775 = CIRCLE('',#5776,0.4);
#5776 = AXIS2_PLACEMENT_3D('',#5777,#5778,#5779);
#5777 = CARTESIAN_POINT('',(105.41,-60.4,1.51));
#5778 = DIRECTION('',(-0.,0.,-1.));
#5779 = DIRECTION('',(-0.,-1.,0.));
#5780 = FACE_BOUND('',#5781,.T.);
#5781 = EDGE_LOOP('',(#5782));
#5782 = ORIENTED_EDGE('',*,*,#5783,.T.);
#5783 = EDGE_CURVE('',#5784,#5784,#5786,.T.);
#5784 = VERTEX_POINT('',#5785);
#5785 = CARTESIAN_POINT('',(111.83,-83.,1.51));
#5786 = CIRCLE('',#5787,0.5);
#5787 = AXIS2_PLACEMENT_3D('',#5788,#5789,#5790);
#5788 = CARTESIAN_POINT('',(111.83,-82.5,1.51));
#5789 = DIRECTION('',(-0.,0.,-1.));
#5790 = DIRECTION('',(-0.,-1.,0.));
#5791 = FACE_BOUND('',#5792,.T.);
#5792 = EDGE_LOOP('',(#5793));
#5793 = ORIENTED_EDGE('',*,*,#5794,.T.);
#5794 = EDGE_CURVE('',#5795,#5795,#5797,.T.);
#5795 = VERTEX_POINT('',#5796);
#5796 = CARTESIAN_POINT('',(111.83,-80.5,1.51));
#5797 = CIRCLE('',#5798,0.5);
#5798 = AXIS2_PLACEMENT_3D('',#5799,#5800,#5801);
#5799 = CARTESIAN_POINT('',(111.83,-80.,1.51));
#5800 = DIRECTION('',(-0.,0.,-1.));
#5801 = DIRECTION('',(-0.,-1.,0.));
#5802 = FACE_BOUND('',#5803,.T.);
#5803 = EDGE_LOOP('',(#5804));
#5804 = ORIENTED_EDGE('',*,*,#5805,.T.);
#5805 = EDGE_CURVE('',#5806,#5806,#5808,.T.);
#5806 = VERTEX_POINT('',#5807);
#5807 = CARTESIAN_POINT('',(111.83,-78.,1.51));
#5808 = CIRCLE('',#5809,0.5);
#5809 = AXIS2_PLACEMENT_3D('',#5810,#5811,#5812);
#5810 = CARTESIAN_POINT('',(111.83,-77.5,1.51));
#5811 = DIRECTION('',(-0.,0.,-1.));
#5812 = DIRECTION('',(-0.,-1.,0.));
#5813 = FACE_BOUND('',#5814,.T.);
#5814 = EDGE_LOOP('',(#5815));
#5815 = ORIENTED_EDGE('',*,*,#5816,.T.);
#5816 = EDGE_CURVE('',#5817,#5817,#5819,.T.);
#5817 = VERTEX_POINT('',#5818);
#5818 = CARTESIAN_POINT('',(126.33,-83.,1.51));
#5819 = CIRCLE('',#5820,0.5);
#5820 = AXIS2_PLACEMENT_3D('',#5821,#5822,#5823);
#5821 = CARTESIAN_POINT('',(126.33,-82.5,1.51));
#5822 = DIRECTION('',(-0.,0.,-1.));
#5823 = DIRECTION('',(-0.,-1.,0.));
#5824 = FACE_BOUND('',#5825,.T.);
#5825 = EDGE_LOOP('',(#5826));
#5826 = ORIENTED_EDGE('',*,*,#5827,.T.);
#5827 = EDGE_CURVE('',#5828,#5828,#5830,.T.);
#5828 = VERTEX_POINT('',#5829);
#5829 = CARTESIAN_POINT('',(126.33,-78.,1.51));
#5830 = CIRCLE('',#5831,0.5);
#5831 = AXIS2_PLACEMENT_3D('',#5832,#5833,#5834);
#5832 = CARTESIAN_POINT('',(126.33,-77.5,1.51));
#5833 = DIRECTION('',(-0.,0.,-1.));
#5834 = DIRECTION('',(-0.,-1.,0.));
#5835 = FACE_BOUND('',#5836,.T.);
#5836 = EDGE_LOOP('',(#5837,#5848,#5856,#5865));
#5837 = ORIENTED_EDGE('',*,*,#5838,.T.);
#5838 = EDGE_CURVE('',#5839,#5841,#5843,.T.);
#5839 = VERTEX_POINT('',#5840);
#5840 = CARTESIAN_POINT('',(119.98,-73.65,1.51));
#5841 = VERTEX_POINT('',#5842);
#5842 = CARTESIAN_POINT('',(119.98,-75.15,1.51));
#5843 = CIRCLE('',#5844,0.75);
#5844 = AXIS2_PLACEMENT_3D('',#5845,#5846,#5847);
#5845 = CARTESIAN_POINT('',(119.98,-74.4,1.51));
#5846 = DIRECTION('',(-0.,0.,-1.));
#5847 = DIRECTION('',(-0.,-1.,0.));
#5848 = ORIENTED_EDGE('',*,*,#5849,.T.);
#5849 = EDGE_CURVE('',#5841,#5850,#5852,.T.);
#5850 = VERTEX_POINT('',#5851);
#5851 = CARTESIAN_POINT('',(118.68,-75.15,1.51));
#5852 = LINE('',#5853,#5854);
#5853 = CARTESIAN_POINT('',(59.34,-75.15,1.51));
#5854 = VECTOR('',#5855,1.);
#5855 = DIRECTION('',(-1.,0.,0.));
#5856 = ORIENTED_EDGE('',*,*,#5857,.T.);
#5857 = EDGE_CURVE('',#5850,#5858,#5860,.T.);
#5858 = VERTEX_POINT('',#5859);
#5859 = CARTESIAN_POINT('',(118.68,-73.65,1.51));
#5860 = CIRCLE('',#5861,0.75);
#5861 = AXIS2_PLACEMENT_3D('',#5862,#5863,#5864);
#5862 = CARTESIAN_POINT('',(118.68,-74.4,1.51));
#5863 = DIRECTION('',(-0.,0.,-1.));
#5864 = DIRECTION('',(0.,1.,0.));
#5865 = ORIENTED_EDGE('',*,*,#5866,.T.);
#5866 = EDGE_CURVE('',#5858,#5839,#5867,.T.);
#5867 = LINE('',#5868,#5869);
#5868 = CARTESIAN_POINT('',(59.99,-73.65,1.51));
#5869 = VECTOR('',#5870,1.);
#5870 = DIRECTION('',(1.,0.,-0.));
#5871 = FACE_BOUND('',#5872,.T.);
#5872 = EDGE_LOOP('',(#5873));
#5873 = ORIENTED_EDGE('',*,*,#5874,.T.);
#5874 = EDGE_CURVE('',#5875,#5875,#5877,.T.);
#5875 = VERTEX_POINT('',#5876);
#5876 = CARTESIAN_POINT('',(129.54,-68.52,1.51));
#5877 = CIRCLE('',#5878,0.4);
#5878 = AXIS2_PLACEMENT_3D('',#5879,#5880,#5881);
#5879 = CARTESIAN_POINT('',(129.54,-68.12,1.51));
#5880 = DIRECTION('',(-0.,0.,-1.));
#5881 = DIRECTION('',(-0.,-1.,0.));
#5882 = FACE_BOUND('',#5883,.T.);
#5883 = EDGE_LOOP('',(#5884));
#5884 = ORIENTED_EDGE('',*,*,#5885,.T.);
#5885 = EDGE_CURVE('',#5886,#5886,#5888,.T.);
#5886 = VERTEX_POINT('',#5887);
#5887 = CARTESIAN_POINT('',(151.13,-77.87,1.51));
#5888 = CIRCLE('',#5889,0.55);
#5889 = AXIS2_PLACEMENT_3D('',#5890,#5891,#5892);
#5890 = CARTESIAN_POINT('',(151.13,-77.32,1.51));
#5891 = DIRECTION('',(-0.,0.,-1.));
#5892 = DIRECTION('',(-0.,-1.,0.));
#5893 = FACE_BOUND('',#5894,.T.);
#5894 = EDGE_LOOP('',(#5895));
#5895 = ORIENTED_EDGE('',*,*,#5896,.T.);
#5896 = EDGE_CURVE('',#5897,#5897,#5899,.T.);
#5897 = VERTEX_POINT('',#5898);
#5898 = CARTESIAN_POINT('',(155.63,-77.87,1.51));
#5899 = CIRCLE('',#5900,0.55);
#5900 = AXIS2_PLACEMENT_3D('',#5901,#5902,#5903);
#5901 = CARTESIAN_POINT('',(155.63,-77.32,1.51));
#5902 = DIRECTION('',(-0.,0.,-1.));
#5903 = DIRECTION('',(-0.,-1.,0.));
#5904 = FACE_BOUND('',#5905,.T.);
#5905 = EDGE_LOOP('',(#5906));
#5906 = ORIENTED_EDGE('',*,*,#5907,.T.);
#5907 = EDGE_CURVE('',#5908,#5908,#5910,.T.);
#5908 = VERTEX_POINT('',#5909);
#5909 = CARTESIAN_POINT('',(114.3,-61.35,1.51));
#5910 = CIRCLE('',#5911,0.85);
#5911 = AXIS2_PLACEMENT_3D('',#5912,#5913,#5914);
#5912 = CARTESIAN_POINT('',(114.3,-60.5,1.51));
#5913 = DIRECTION('',(-0.,0.,-1.));
#5914 = DIRECTION('',(-1.671865260612E-14,-1.,0.));
#5915 = FACE_BOUND('',#5916,.T.);
#5916 = EDGE_LOOP('',(#5917));
#5917 = ORIENTED_EDGE('',*,*,#5918,.T.);
#5918 = EDGE_CURVE('',#5919,#5919,#5921,.T.);
#5919 = VERTEX_POINT('',#5920);
#5920 = CARTESIAN_POINT('',(119.38,-62.5,1.51));
#5921 = CIRCLE('',#5922,2.);
#5922 = AXIS2_PLACEMENT_3D('',#5923,#5924,#5925);
#5923 = CARTESIAN_POINT('',(119.38,-60.5,1.51));
#5924 = DIRECTION('',(-0.,0.,-1.));
#5925 = DIRECTION('',(-0.,-1.,0.));
#5926 = FACE_BOUND('',#5927,.T.);
#5927 = EDGE_LOOP('',(#5928));
#5928 = ORIENTED_EDGE('',*,*,#5929,.T.);
#5929 = EDGE_CURVE('',#5930,#5930,#5932,.T.);
#5930 = VERTEX_POINT('',#5931);
#5931 = CARTESIAN_POINT('',(124.46,-61.35,1.51));
#5932 = CIRCLE('',#5933,0.85);
#5933 = AXIS2_PLACEMENT_3D('',#5934,#5935,#5936);
#5934 = CARTESIAN_POINT('',(124.46,-60.5,1.51));
#5935 = DIRECTION('',(-0.,0.,-1.));
#5936 = DIRECTION('',(-1.671865260612E-14,-1.,0.));
#5937 = FACE_BOUND('',#5938,.T.);
#5938 = EDGE_LOOP('',(#5939));
#5939 = ORIENTED_EDGE('',*,*,#5940,.T.);
#5940 = EDGE_CURVE('',#5941,#5941,#5943,.T.);
#5941 = VERTEX_POINT('',#5942);
#5942 = CARTESIAN_POINT('',(129.54,-60.9,1.51));
#5943 = CIRCLE('',#5944,0.4);
#5944 = AXIS2_PLACEMENT_3D('',#5945,#5946,#5947);
#5945 = CARTESIAN_POINT('',(129.54,-60.5,1.51));
#5946 = DIRECTION('',(-0.,0.,-1.));
#5947 = DIRECTION('',(-0.,-1.,0.));
#5948 = FACE_BOUND('',#5949,.T.);
#5949 = EDGE_LOOP('',(#5950));
#5950 = ORIENTED_EDGE('',*,*,#5951,.T.);
#5951 = EDGE_CURVE('',#5952,#5952,#5954,.T.);
#5952 = VERTEX_POINT('',#5953);
#5953 = CARTESIAN_POINT('',(115.57,-58.71,1.51));
#5954 = CIRCLE('',#5955,0.75);
#5955 = AXIS2_PLACEMENT_3D('',#5956,#5957,#5958);
#5956 = CARTESIAN_POINT('',(115.57,-57.96,1.51));
#5957 = DIRECTION('',(-0.,0.,-1.));
#5958 = DIRECTION('',(-0.,-1.,0.));
#5959 = FACE_BOUND('',#5960,.T.);
#5960 = EDGE_LOOP('',(#5961));
#5961 = ORIENTED_EDGE('',*,*,#5962,.T.);
#5962 = EDGE_CURVE('',#5963,#5963,#5965,.T.);
#5963 = VERTEX_POINT('',#5964);
#5964 = CARTESIAN_POINT('',(121.92,-56.17,1.51));
#5965 = CIRCLE('',#5966,0.75);
#5966 = AXIS2_PLACEMENT_3D('',#5967,#5968,#5969);
#5967 = CARTESIAN_POINT('',(121.92,-55.42,1.51));
#5968 = DIRECTION('',(-0.,0.,-1.));
#5969 = DIRECTION('',(-0.,-1.,0.));
#5970 = FACE_BOUND('',#5971,.T.);
#5971 = EDGE_LOOP('',(#5972));
#5972 = ORIENTED_EDGE('',*,*,#5973,.T.);
#5973 = EDGE_CURVE('',#5974,#5974,#5976,.T.);
#5974 = VERTEX_POINT('',#5975);
#5975 = CARTESIAN_POINT('',(151.13,-68.01,1.51));
#5976 = CIRCLE('',#5977,0.55);
#5977 = AXIS2_PLACEMENT_3D('',#5978,#5979,#5980);
#5978 = CARTESIAN_POINT('',(151.13,-67.46,1.51));
#5979 = DIRECTION('',(-0.,0.,-1.));
#5980 = DIRECTION('',(-0.,-1.,0.));
#5981 = FACE_BOUND('',#5982,.T.);
#5982 = EDGE_LOOP('',(#5983));
#5983 = ORIENTED_EDGE('',*,*,#5984,.T.);
#5984 = EDGE_CURVE('',#5985,#5985,#5987,.T.);
#5985 = VERTEX_POINT('',#5986);
#5986 = CARTESIAN_POINT('',(155.63,-68.01,1.51));
#5987 = CIRCLE('',#5988,0.55);
#5988 = AXIS2_PLACEMENT_3D('',#5989,#5990,#5991);
#5989 = CARTESIAN_POINT('',(155.63,-67.46,1.51));
#5990 = DIRECTION('',(-0.,0.,-1.));
#5991 = DIRECTION('',(-0.,-1.,0.));
#5992 = FACE_BOUND('',#5993,.T.);
#5993 = EDGE_LOOP('',(#5994));
#5994 = ORIENTED_EDGE('',*,*,#5995,.T.);
#5995 = EDGE_CURVE('',#5996,#5996,#5998,.T.);
#5996 = VERTEX_POINT('',#5997);
#5997 = CARTESIAN_POINT('',(151.13,-61.51,1.51));
#5998 = CIRCLE('',#5999,0.55);
#5999 = AXIS2_PLACEMENT_3D('',#6000,#6001,#6002);
#6000 = CARTESIAN_POINT('',(151.13,-60.96,1.51));
#6001 = DIRECTION('',(-0.,0.,-1.));
#6002 = DIRECTION('',(-0.,-1.,0.));
#6003 = FACE_BOUND('',#6004,.T.);
#6004 = EDGE_LOOP('',(#6005));
#6005 = ORIENTED_EDGE('',*,*,#6006,.T.);
#6006 = EDGE_CURVE('',#6007,#6007,#6009,.T.);
#6007 = VERTEX_POINT('',#6008);
#6008 = CARTESIAN_POINT('',(155.63,-61.51,1.51));
#6009 = CIRCLE('',#6010,0.55);
#6010 = AXIS2_PLACEMENT_3D('',#6011,#6012,#6013);
#6011 = CARTESIAN_POINT('',(155.63,-60.96,1.51));
#6012 = DIRECTION('',(-0.,0.,-1.));
#6013 = DIRECTION('',(-0.,-1.,0.));
#6014 = FACE_BOUND('',#6015,.T.);
#6015 = EDGE_LOOP('',(#6016));
#6016 = ORIENTED_EDGE('',*,*,#6017,.T.);
#6017 = EDGE_CURVE('',#6018,#6018,#6020,.T.);
#6018 = VERTEX_POINT('',#6019);
#6019 = CARTESIAN_POINT('',(137.16,-53.9,1.51));
#6020 = CIRCLE('',#6021,0.5);
#6021 = AXIS2_PLACEMENT_3D('',#6022,#6023,#6024);
#6022 = CARTESIAN_POINT('',(137.16,-53.4,1.51));
#6023 = DIRECTION('',(-0.,0.,-1.));
#6024 = DIRECTION('',(-0.,-1.,0.));
#6025 = FACE_BOUND('',#6026,.T.);
#6026 = EDGE_LOOP('',(#6027));
#6027 = ORIENTED_EDGE('',*,*,#6028,.T.);
#6028 = EDGE_CURVE('',#6029,#6029,#6031,.T.);
#6029 = VERTEX_POINT('',#6030);
#6030 = CARTESIAN_POINT('',(139.7,-53.9,1.51));
#6031 = CIRCLE('',#6032,0.5);
#6032 = AXIS2_PLACEMENT_3D('',#6033,#6034,#6035);
#6033 = CARTESIAN_POINT('',(139.7,-53.4,1.51));
#6034 = DIRECTION('',(-0.,0.,-1.));
#6035 = DIRECTION('',(-0.,-1.,0.));
#6036 = FACE_BOUND('',#6037,.T.);
#6037 = EDGE_LOOP('',(#6038));
#6038 = ORIENTED_EDGE('',*,*,#6039,.T.);
#6039 = EDGE_CURVE('',#6040,#6040,#6042,.T.);
#6040 = VERTEX_POINT('',#6041);
#6041 = CARTESIAN_POINT('',(142.24,-53.9,1.51));
#6042 = CIRCLE('',#6043,0.5);
#6043 = AXIS2_PLACEMENT_3D('',#6044,#6045,#6046);
#6044 = CARTESIAN_POINT('',(142.24,-53.4,1.51));
#6045 = DIRECTION('',(-0.,0.,-1.));
#6046 = DIRECTION('',(-0.,-1.,0.));
#6047 = FACE_BOUND('',#6048,.T.);
#6048 = EDGE_LOOP('',(#6049));
#6049 = ORIENTED_EDGE('',*,*,#6050,.T.);
#6050 = EDGE_CURVE('',#6051,#6051,#6053,.T.);
#6051 = VERTEX_POINT('',#6052);
#6052 = CARTESIAN_POINT('',(144.78,-53.9,1.51));
#6053 = CIRCLE('',#6054,0.5);
#6054 = AXIS2_PLACEMENT_3D('',#6055,#6056,#6057);
#6055 = CARTESIAN_POINT('',(144.78,-53.4,1.51));
#6056 = DIRECTION('',(-0.,0.,-1.));
#6057 = DIRECTION('',(-0.,-1.,0.));
#6058 = PLANE('',#6059);
#6059 = AXIS2_PLACEMENT_3D('',#6060,#6061,#6062);
#6060 = CARTESIAN_POINT('',(0.,0.,1.51));
#6061 = DIRECTION('',(0.,0.,1.));
#6062 = DIRECTION('',(1.,0.,-0.));
#6063 = ADVANCED_FACE('',(#6064),#6070,.T.);
#6064 = FACE_BOUND('',#6065,.T.);
#6065 = EDGE_LOOP('',(#6066,#6067,#6068,#6069));
#6066 = ORIENTED_EDGE('',*,*,#3853,.T.);
#6067 = ORIENTED_EDGE('',*,*,#4973,.T.);
#6068 = ORIENTED_EDGE('',*,*,#3813,.F.);
#6069 = ORIENTED_EDGE('',*,*,#3877,.F.);
#6070 = PLANE('',#6071);
#6071 = AXIS2_PLACEMENT_3D('',#6072,#6073,#6074);
#6072 = CARTESIAN_POINT('',(59.69,-48.26,0.));
#6073 = DIRECTION('',(0.,1.,0.));
#6074 = DIRECTION('',(1.,0.,0.));
#6075 = ADVANCED_FACE('',(#6076),#6087,.F.);
#6076 = FACE_BOUND('',#6077,.T.);
#6077 = EDGE_LOOP('',(#6078,#6079,#6085,#6086));
#6078 = ORIENTED_EDGE('',*,*,#3886,.T.);
#6079 = ORIENTED_EDGE('',*,*,#6080,.T.);
#6080 = EDGE_CURVE('',#3887,#4983,#6081,.T.);
#6081 = LINE('',#6082,#6083);
#6082 = CARTESIAN_POINT('',(81.29,-108.38,-4.6E-02));
#6083 = VECTOR('',#6084,1.);
#6084 = DIRECTION('',(0.,0.,1.));
#6085 = ORIENTED_EDGE('',*,*,#4982,.F.);
#6086 = ORIENTED_EDGE('',*,*,#6080,.F.);
#6087 = CYLINDRICAL_SURFACE('',#6088,0.4);
#6088 = AXIS2_PLACEMENT_3D('',#6089,#6090,#6091);
#6089 = CARTESIAN_POINT('',(81.29,-107.98,-4.6E-02));
#6090 = DIRECTION('',(-0.,0.,-1.));
#6091 = DIRECTION('',(3.5527136788E-14,-1.,-0.));
#6092 = ADVANCED_FACE('',(#6093),#6104,.F.);
#6093 = FACE_BOUND('',#6094,.T.);
#6094 = EDGE_LOOP('',(#6095,#6096,#6102,#6103));
#6095 = ORIENTED_EDGE('',*,*,#3897,.T.);
#6096 = ORIENTED_EDGE('',*,*,#6097,.T.);
#6097 = EDGE_CURVE('',#3898,#4994,#6098,.T.);
#6098 = LINE('',#6099,#6100);
#6099 = CARTESIAN_POINT('',(66.03,-102.39,-4.6E-02));
#6100 = VECTOR('',#6101,1.);
#6101 = DIRECTION('',(0.,0.,1.));
#6102 = ORIENTED_EDGE('',*,*,#4993,.F.);
#6103 = ORIENTED_EDGE('',*,*,#6097,.F.);
#6104 = CYLINDRICAL_SURFACE('',#6105,0.85);
#6105 = AXIS2_PLACEMENT_3D('',#6106,#6107,#6108);
#6106 = CARTESIAN_POINT('',(66.03,-101.54,-4.6E-02));
#6107 = DIRECTION('',(-0.,-0.,-1.));
#6108 = DIRECTION('',(-0.,-1.,0.));
#6109 = ADVANCED_FACE('',(#6110),#6121,.F.);
#6110 = FACE_BOUND('',#6111,.T.);
#6111 = EDGE_LOOP('',(#6112,#6113,#6119,#6120));
#6112 = ORIENTED_EDGE('',*,*,#3908,.T.);
#6113 = ORIENTED_EDGE('',*,*,#6114,.T.);
#6114 = EDGE_CURVE('',#3909,#5005,#6115,.T.);
#6115 = LINE('',#6116,#6117);
#6116 = CARTESIAN_POINT('',(67.3,-99.75,-4.6E-02));
#6117 = VECTOR('',#6118,1.);
#6118 = DIRECTION('',(0.,0.,1.));
#6119 = ORIENTED_EDGE('',*,*,#5004,.F.);
#6120 = ORIENTED_EDGE('',*,*,#6114,.F.);
#6121 = CYLINDRICAL_SURFACE('',#6122,0.75);
#6122 = AXIS2_PLACEMENT_3D('',#6123,#6124,#6125);
#6123 = CARTESIAN_POINT('',(67.3,-99.,-4.6E-02));
#6124 = DIRECTION('',(-0.,-0.,-1.));
#6125 = DIRECTION('',(-0.,-1.,0.));
#6126 = ADVANCED_FACE('',(#6127),#6138,.F.);
#6127 = FACE_BOUND('',#6128,.T.);
#6128 = EDGE_LOOP('',(#6129,#6130,#6136,#6137));
#6129 = ORIENTED_EDGE('',*,*,#3919,.T.);
#6130 = ORIENTED_EDGE('',*,*,#6131,.T.);
#6131 = EDGE_CURVE('',#3920,#5016,#6132,.T.);
#6132 = LINE('',#6133,#6134);
#6133 = CARTESIAN_POINT('',(71.11,-103.54,-4.6E-02));
#6134 = VECTOR('',#6135,1.);
#6135 = DIRECTION('',(0.,0.,1.));
#6136 = ORIENTED_EDGE('',*,*,#5015,.F.);
#6137 = ORIENTED_EDGE('',*,*,#6131,.F.);
#6138 = CYLINDRICAL_SURFACE('',#6139,2.);
#6139 = AXIS2_PLACEMENT_3D('',#6140,#6141,#6142);
#6140 = CARTESIAN_POINT('',(71.11,-101.54,-4.6E-02));
#6141 = DIRECTION('',(-0.,-0.,-1.));
#6142 = DIRECTION('',(-0.,-1.,0.));
#6143 = ADVANCED_FACE('',(#6144),#6155,.F.);
#6144 = FACE_BOUND('',#6145,.T.);
#6145 = EDGE_LOOP('',(#6146,#6147,#6153,#6154));
#6146 = ORIENTED_EDGE('',*,*,#3930,.T.);
#6147 = ORIENTED_EDGE('',*,*,#6148,.T.);
#6148 = EDGE_CURVE('',#3931,#5027,#6149,.T.);
#6149 = LINE('',#6150,#6151);
#6150 = CARTESIAN_POINT('',(76.19,-102.39,-4.6E-02));
#6151 = VECTOR('',#6152,1.);
#6152 = DIRECTION('',(0.,0.,1.));
#6153 = ORIENTED_EDGE('',*,*,#5026,.F.);
#6154 = ORIENTED_EDGE('',*,*,#6148,.F.);
#6155 = CYLINDRICAL_SURFACE('',#6156,0.85);
#6156 = AXIS2_PLACEMENT_3D('',#6157,#6158,#6159);
#6157 = CARTESIAN_POINT('',(76.19,-101.54,-4.6E-02));
#6158 = DIRECTION('',(-0.,-0.,-1.));
#6159 = DIRECTION('',(-0.,-1.,0.));
#6160 = ADVANCED_FACE('',(#6161),#6172,.F.);
#6161 = FACE_BOUND('',#6162,.T.);
#6162 = EDGE_LOOP('',(#6163,#6164,#6170,#6171));
#6163 = ORIENTED_EDGE('',*,*,#3941,.T.);
#6164 = ORIENTED_EDGE('',*,*,#6165,.T.);
#6165 = EDGE_CURVE('',#3942,#5038,#6166,.T.);
#6166 = LINE('',#6167,#6168);
#6167 = CARTESIAN_POINT('',(81.29,-100.76,-4.6E-02));
#6168 = VECTOR('',#6169,1.);
#6169 = DIRECTION('',(0.,0.,1.));
#6170 = ORIENTED_EDGE('',*,*,#5037,.F.);
#6171 = ORIENTED_EDGE('',*,*,#6165,.F.);
#6172 = CYLINDRICAL_SURFACE('',#6173,0.4);
#6173 = AXIS2_PLACEMENT_3D('',#6174,#6175,#6176);
#6174 = CARTESIAN_POINT('',(81.29,-100.36,-4.6E-02));
#6175 = DIRECTION('',(-0.,0.,-1.));
#6176 = DIRECTION('',(3.5527136788E-14,-1.,-0.));
#6177 = ADVANCED_FACE('',(#6178),#6189,.F.);
#6178 = FACE_BOUND('',#6179,.T.);
#6179 = EDGE_LOOP('',(#6180,#6181,#6187,#6188));
#6180 = ORIENTED_EDGE('',*,*,#3952,.T.);
#6181 = ORIENTED_EDGE('',*,*,#6182,.T.);
#6182 = EDGE_CURVE('',#3953,#5049,#6183,.T.);
#6183 = LINE('',#6184,#6185);
#6184 = CARTESIAN_POINT('',(105.13,-108.71,-4.6E-02));
#6185 = VECTOR('',#6186,1.);
#6186 = DIRECTION('',(0.,0.,1.));
#6187 = ORIENTED_EDGE('',*,*,#5048,.F.);
#6188 = ORIENTED_EDGE('',*,*,#6182,.F.);
#6189 = CYLINDRICAL_SURFACE('',#6190,0.4);
#6190 = AXIS2_PLACEMENT_3D('',#6191,#6192,#6193);
#6191 = CARTESIAN_POINT('',(105.13,-108.31,-4.6E-02));
#6192 = DIRECTION('',(-0.,-0.,-1.));
#6193 = DIRECTION('',(-0.,-1.,0.));
#6194 = ADVANCED_FACE('',(#6195),#6206,.F.);
#6195 = FACE_BOUND('',#6196,.T.);
#6196 = EDGE_LOOP('',(#6197,#6198,#6204,#6205));
#6197 = ORIENTED_EDGE('',*,*,#3963,.T.);
#6198 = ORIENTED_EDGE('',*,*,#6199,.T.);
#6199 = EDGE_CURVE('',#3964,#5060,#6200,.T.);
#6200 = LINE('',#6201,#6202);
#6201 = CARTESIAN_POINT('',(90.07,-102.25,-4.6E-02));
#6202 = VECTOR('',#6203,1.);
#6203 = DIRECTION('',(0.,0.,1.));
#6204 = ORIENTED_EDGE('',*,*,#5059,.F.);
#6205 = ORIENTED_EDGE('',*,*,#6199,.F.);
#6206 = CYLINDRICAL_SURFACE('',#6207,0.85);
#6207 = AXIS2_PLACEMENT_3D('',#6208,#6209,#6210);
#6208 = CARTESIAN_POINT('',(90.07,-101.4,-4.6E-02));
#6209 = DIRECTION('',(-0.,-0.,-1.));
#6210 = DIRECTION('',(-0.,-1.,0.));
#6211 = ADVANCED_FACE('',(#6212),#6223,.F.);
#6212 = FACE_BOUND('',#6213,.T.);
#6213 = EDGE_LOOP('',(#6214,#6215,#6221,#6222));
#6214 = ORIENTED_EDGE('',*,*,#3974,.T.);
#6215 = ORIENTED_EDGE('',*,*,#6216,.T.);
#6216 = EDGE_CURVE('',#3975,#5071,#6217,.T.);
#6217 = LINE('',#6218,#6219);
#6218 = CARTESIAN_POINT('',(91.34,-99.61,-4.6E-02));
#6219 = VECTOR('',#6220,1.);
#6220 = DIRECTION('',(0.,0.,1.));
#6221 = ORIENTED_EDGE('',*,*,#5070,.F.);
#6222 = ORIENTED_EDGE('',*,*,#6216,.F.);
#6223 = CYLINDRICAL_SURFACE('',#6224,0.75);
#6224 = AXIS2_PLACEMENT_3D('',#6225,#6226,#6227);
#6225 = CARTESIAN_POINT('',(91.34,-98.86,-4.6E-02));
#6226 = DIRECTION('',(-0.,-0.,-1.));
#6227 = DIRECTION('',(-0.,-1.,0.));
#6228 = ADVANCED_FACE('',(#6229),#6240,.F.);
#6229 = FACE_BOUND('',#6230,.T.);
#6230 = EDGE_LOOP('',(#6231,#6232,#6238,#6239));
#6231 = ORIENTED_EDGE('',*,*,#3985,.T.);
#6232 = ORIENTED_EDGE('',*,*,#6233,.T.);
#6233 = EDGE_CURVE('',#3986,#5082,#6234,.T.);
#6234 = LINE('',#6235,#6236);
#6235 = CARTESIAN_POINT('',(95.15,-103.4,-4.6E-02));
#6236 = VECTOR('',#6237,1.);
#6237 = DIRECTION('',(0.,0.,1.));
#6238 = ORIENTED_EDGE('',*,*,#5081,.F.);
#6239 = ORIENTED_EDGE('',*,*,#6233,.F.);
#6240 = CYLINDRICAL_SURFACE('',#6241,2.);
#6241 = AXIS2_PLACEMENT_3D('',#6242,#6243,#6244);
#6242 = CARTESIAN_POINT('',(95.15,-101.4,-4.6E-02));
#6243 = DIRECTION('',(-0.,-0.,-1.));
#6244 = DIRECTION('',(-0.,-1.,0.));
#6245 = ADVANCED_FACE('',(#6246),#6257,.F.);
#6246 = FACE_BOUND('',#6247,.T.);
#6247 = EDGE_LOOP('',(#6248,#6249,#6255,#6256));
#6248 = ORIENTED_EDGE('',*,*,#3996,.T.);
#6249 = ORIENTED_EDGE('',*,*,#6250,.T.);
#6250 = EDGE_CURVE('',#3997,#5093,#6251,.T.);
#6251 = LINE('',#6252,#6253);
#6252 = CARTESIAN_POINT('',(100.23,-102.25,-4.6E-02));
#6253 = VECTOR('',#6254,1.);
#6254 = DIRECTION('',(0.,0.,1.));
#6255 = ORIENTED_EDGE('',*,*,#5092,.F.);
#6256 = ORIENTED_EDGE('',*,*,#6250,.F.);
#6257 = CYLINDRICAL_SURFACE('',#6258,0.85);
#6258 = AXIS2_PLACEMENT_3D('',#6259,#6260,#6261);
#6259 = CARTESIAN_POINT('',(100.23,-101.4,-4.6E-02));
#6260 = DIRECTION('',(-0.,0.,-1.));
#6261 = DIRECTION('',(1.671865260612E-14,-1.,-0.));
#6262 = ADVANCED_FACE('',(#6263),#6274,.F.);
#6263 = FACE_BOUND('',#6264,.T.);
#6264 = EDGE_LOOP('',(#6265,#6266,#6272,#6273));
#6265 = ORIENTED_EDGE('',*,*,#4007,.T.);
#6266 = ORIENTED_EDGE('',*,*,#6267,.T.);
#6267 = EDGE_CURVE('',#4008,#5104,#6268,.T.);
#6268 = LINE('',#6269,#6270);
#6269 = CARTESIAN_POINT('',(105.13,-101.09,-4.6E-02));
#6270 = VECTOR('',#6271,1.);
#6271 = DIRECTION('',(0.,0.,1.));
#6272 = ORIENTED_EDGE('',*,*,#5103,.F.);
#6273 = ORIENTED_EDGE('',*,*,#6267,.F.);
#6274 = CYLINDRICAL_SURFACE('',#6275,0.4);
#6275 = AXIS2_PLACEMENT_3D('',#6276,#6277,#6278);
#6276 = CARTESIAN_POINT('',(105.13,-100.69,-4.6E-02));
#6277 = DIRECTION('',(-0.,-0.,-1.));
#6278 = DIRECTION('',(-0.,-1.,0.));
#6279 = ADVANCED_FACE('',(#6280),#6291,.F.);
#6280 = FACE_BOUND('',#6281,.T.);
#6281 = EDGE_LOOP('',(#6282,#6283,#6289,#6290));
#6282 = ORIENTED_EDGE('',*,*,#4018,.T.);
#6283 = ORIENTED_EDGE('',*,*,#6284,.T.);
#6284 = EDGE_CURVE('',#4019,#5115,#6285,.T.);
#6285 = LINE('',#6286,#6287);
#6286 = CARTESIAN_POINT('',(73.65,-97.21,-4.6E-02));
#6287 = VECTOR('',#6288,1.);
#6288 = DIRECTION('',(0.,0.,1.));
#6289 = ORIENTED_EDGE('',*,*,#5114,.F.);
#6290 = ORIENTED_EDGE('',*,*,#6284,.F.);
#6291 = CYLINDRICAL_SURFACE('',#6292,0.75);
#6292 = AXIS2_PLACEMENT_3D('',#6293,#6294,#6295);
#6293 = CARTESIAN_POINT('',(73.65,-96.46,-4.6E-02));
#6294 = DIRECTION('',(-0.,-0.,-1.));
#6295 = DIRECTION('',(-0.,-1.,0.));
#6296 = ADVANCED_FACE('',(#6297),#6308,.F.);
#6297 = FACE_BOUND('',#6298,.T.);
#6298 = EDGE_LOOP('',(#6299,#6300,#6306,#6307));
#6299 = ORIENTED_EDGE('',*,*,#4029,.T.);
#6300 = ORIENTED_EDGE('',*,*,#6301,.T.);
#6301 = EDGE_CURVE('',#4030,#5126,#6302,.T.);
#6302 = LINE('',#6303,#6304);
#6303 = CARTESIAN_POINT('',(81.67,-88.86,-4.6E-02));
#6304 = VECTOR('',#6305,1.);
#6305 = DIRECTION('',(0.,0.,1.));
#6306 = ORIENTED_EDGE('',*,*,#5125,.F.);
#6307 = ORIENTED_EDGE('',*,*,#6301,.F.);
#6308 = CYLINDRICAL_SURFACE('',#6309,0.4);
#6309 = AXIS2_PLACEMENT_3D('',#6310,#6311,#6312);
#6310 = CARTESIAN_POINT('',(81.67,-88.46,-4.6E-02));
#6311 = DIRECTION('',(-0.,0.,-1.));
#6312 = DIRECTION('',(3.5527136788E-14,-1.,-0.));
#6313 = ADVANCED_FACE('',(#6314),#6325,.F.);
#6314 = FACE_BOUND('',#6315,.T.);
#6315 = EDGE_LOOP('',(#6316,#6317,#6323,#6324));
#6316 = ORIENTED_EDGE('',*,*,#4040,.T.);
#6317 = ORIENTED_EDGE('',*,*,#6318,.T.);
#6318 = EDGE_CURVE('',#4041,#5137,#6319,.T.);
#6319 = LINE('',#6320,#6321);
#6320 = CARTESIAN_POINT('',(97.69,-97.07,-4.6E-02));
#6321 = VECTOR('',#6322,1.);
#6322 = DIRECTION('',(0.,0.,1.));
#6323 = ORIENTED_EDGE('',*,*,#5136,.F.);
#6324 = ORIENTED_EDGE('',*,*,#6318,.F.);
#6325 = CYLINDRICAL_SURFACE('',#6326,0.75);
#6326 = AXIS2_PLACEMENT_3D('',#6327,#6328,#6329);
#6327 = CARTESIAN_POINT('',(97.69,-96.32,-4.6E-02));
#6328 = DIRECTION('',(-0.,-0.,-1.));
#6329 = DIRECTION('',(-0.,-1.,0.));
#6330 = ADVANCED_FACE('',(#6331),#6342,.F.);
#6331 = FACE_BOUND('',#6332,.T.);
#6332 = EDGE_LOOP('',(#6333,#6334,#6340,#6341));
#6333 = ORIENTED_EDGE('',*,*,#4051,.T.);
#6334 = ORIENTED_EDGE('',*,*,#6335,.T.);
#6335 = EDGE_CURVE('',#4052,#5148,#6336,.T.);
#6336 = LINE('',#6337,#6338);
#6337 = CARTESIAN_POINT('',(105.3,-88.66,-4.6E-02));
#6338 = VECTOR('',#6339,1.);
#6339 = DIRECTION('',(0.,0.,1.));
#6340 = ORIENTED_EDGE('',*,*,#5147,.F.);
#6341 = ORIENTED_EDGE('',*,*,#6335,.F.);
#6342 = CYLINDRICAL_SURFACE('',#6343,0.4);
#6343 = AXIS2_PLACEMENT_3D('',#6344,#6345,#6346);
#6344 = CARTESIAN_POINT('',(105.3,-88.26,-4.6E-02));
#6345 = DIRECTION('',(-0.,-0.,-1.));
#6346 = DIRECTION('',(-3.552713678801E-14,-1.,0.));
#6347 = ADVANCED_FACE('',(#6348),#6364,.F.);
#6348 = FACE_BOUND('',#6349,.T.);
#6349 = EDGE_LOOP('',(#6350,#6351,#6357,#6358));
#6350 = ORIENTED_EDGE('',*,*,#4062,.T.);
#6351 = ORIENTED_EDGE('',*,*,#6352,.T.);
#6352 = EDGE_CURVE('',#4065,#5161,#6353,.T.);
#6353 = LINE('',#6354,#6355);
#6354 = CARTESIAN_POINT('',(119.18,-107.35,-4.6E-02));
#6355 = VECTOR('',#6356,1.);
#6356 = DIRECTION('',(0.,0.,1.));
#6357 = ORIENTED_EDGE('',*,*,#5158,.F.);
#6358 = ORIENTED_EDGE('',*,*,#6359,.F.);
#6359 = EDGE_CURVE('',#4063,#5159,#6360,.T.);
#6360 = LINE('',#6361,#6362);
#6361 = CARTESIAN_POINT('',(119.18,-105.85,-4.6E-02));
#6362 = VECTOR('',#6363,1.);
#6363 = DIRECTION('',(0.,0.,1.));
#6364 = CYLINDRICAL_SURFACE('',#6365,0.75);
#6365 = AXIS2_PLACEMENT_3D('',#6366,#6367,#6368);
#6366 = CARTESIAN_POINT('',(119.18,-106.6,-4.6E-02));
#6367 = DIRECTION('',(-0.,-0.,-1.));
#6368 = DIRECTION('',(-0.,-1.,0.));
#6369 = ADVANCED_FACE('',(#6370),#6381,.T.);
#6370 = FACE_BOUND('',#6371,.T.);
#6371 = EDGE_LOOP('',(#6372,#6373,#6374,#6375));
#6372 = ORIENTED_EDGE('',*,*,#4090,.T.);
#6373 = ORIENTED_EDGE('',*,*,#6359,.T.);
#6374 = ORIENTED_EDGE('',*,*,#5186,.F.);
#6375 = ORIENTED_EDGE('',*,*,#6376,.F.);
#6376 = EDGE_CURVE('',#4082,#5178,#6377,.T.);
#6377 = LINE('',#6378,#6379);
#6378 = CARTESIAN_POINT('',(117.88,-105.85,-4.6E-02));
#6379 = VECTOR('',#6380,1.);
#6380 = DIRECTION('',(0.,0.,1.));
#6381 = PLANE('',#6382);
#6382 = AXIS2_PLACEMENT_3D('',#6383,#6384,#6385);
#6383 = CARTESIAN_POINT('',(119.18,-105.85,-4.6E-02));
#6384 = DIRECTION('',(0.,-1.,0.));
#6385 = DIRECTION('',(-1.,0.,0.));
#6386 = ADVANCED_FACE('',(#6387),#6398,.F.);
#6387 = FACE_BOUND('',#6388,.T.);
#6388 = EDGE_LOOP('',(#6389,#6390,#6391,#6392));
#6389 = ORIENTED_EDGE('',*,*,#4081,.T.);
#6390 = ORIENTED_EDGE('',*,*,#6376,.T.);
#6391 = ORIENTED_EDGE('',*,*,#5177,.F.);
#6392 = ORIENTED_EDGE('',*,*,#6393,.F.);
#6393 = EDGE_CURVE('',#4074,#5170,#6394,.T.);
#6394 = LINE('',#6395,#6396);
#6395 = CARTESIAN_POINT('',(117.88,-107.35,-4.6E-02));
#6396 = VECTOR('',#6397,1.);
#6397 = DIRECTION('',(0.,0.,1.));
#6398 = CYLINDRICAL_SURFACE('',#6399,0.75);
#6399 = AXIS2_PLACEMENT_3D('',#6400,#6401,#6402);
#6400 = CARTESIAN_POINT('',(117.88,-106.6,-4.6E-02));
#6401 = DIRECTION('',(-0.,0.,-1.));
#6402 = DIRECTION('',(0.,1.,0.));
#6403 = ADVANCED_FACE('',(#6404),#6410,.T.);
#6404 = FACE_BOUND('',#6405,.T.);
#6405 = EDGE_LOOP('',(#6406,#6407,#6408,#6409));
#6406 = ORIENTED_EDGE('',*,*,#4073,.T.);
#6407 = ORIENTED_EDGE('',*,*,#6393,.T.);
#6408 = ORIENTED_EDGE('',*,*,#5169,.F.);
#6409 = ORIENTED_EDGE('',*,*,#6352,.F.);
#6410 = PLANE('',#6411);
#6411 = AXIS2_PLACEMENT_3D('',#6412,#6413,#6414);
#6412 = CARTESIAN_POINT('',(117.88,-107.35,-4.6E-02));
#6413 = DIRECTION('',(0.,1.,0.));
#6414 = DIRECTION('',(1.,0.,0.));
#6415 = ADVANCED_FACE('',(#6416),#6427,.F.);
#6416 = FACE_BOUND('',#6417,.T.);
#6417 = EDGE_LOOP('',(#6418,#6419,#6425,#6426));
#6418 = ORIENTED_EDGE('',*,*,#4098,.T.);
#6419 = ORIENTED_EDGE('',*,*,#6420,.T.);
#6420 = EDGE_CURVE('',#4099,#5195,#6421,.T.);
#6421 = LINE('',#6422,#6423);
#6422 = CARTESIAN_POINT('',(111.03,-104.,-4.6E-02));
#6423 = VECTOR('',#6424,1.);
#6424 = DIRECTION('',(0.,0.,1.));
#6425 = ORIENTED_EDGE('',*,*,#5194,.F.);
#6426 = ORIENTED_EDGE('',*,*,#6420,.F.);
#6427 = CYLINDRICAL_SURFACE('',#6428,0.5);
#6428 = AXIS2_PLACEMENT_3D('',#6429,#6430,#6431);
#6429 = CARTESIAN_POINT('',(111.03,-103.5,-4.6E-02));
#6430 = DIRECTION('',(-0.,-0.,-1.));
#6431 = DIRECTION('',(-0.,-1.,0.));
#6432 = ADVANCED_FACE('',(#6433),#6444,.F.);
#6433 = FACE_BOUND('',#6434,.T.);
#6434 = EDGE_LOOP('',(#6435,#6436,#6442,#6443));
#6435 = ORIENTED_EDGE('',*,*,#4109,.T.);
#6436 = ORIENTED_EDGE('',*,*,#6437,.T.);
#6437 = EDGE_CURVE('',#4110,#5206,#6438,.T.);
#6438 = LINE('',#6439,#6440);
#6439 = CARTESIAN_POINT('',(111.03,-101.5,-4.6E-02));
#6440 = VECTOR('',#6441,1.);
#6441 = DIRECTION('',(0.,0.,1.));
#6442 = ORIENTED_EDGE('',*,*,#5205,.F.);
#6443 = ORIENTED_EDGE('',*,*,#6437,.F.);
#6444 = CYLINDRICAL_SURFACE('',#6445,0.5);
#6445 = AXIS2_PLACEMENT_3D('',#6446,#6447,#6448);
#6446 = CARTESIAN_POINT('',(111.03,-101.,-4.6E-02));
#6447 = DIRECTION('',(-0.,-0.,-1.));
#6448 = DIRECTION('',(-0.,-1.,0.));
#6449 = ADVANCED_FACE('',(#6450),#6461,.F.);
#6450 = FACE_BOUND('',#6451,.T.);
#6451 = EDGE_LOOP('',(#6452,#6453,#6459,#6460));
#6452 = ORIENTED_EDGE('',*,*,#4120,.T.);
#6453 = ORIENTED_EDGE('',*,*,#6454,.T.);
#6454 = EDGE_CURVE('',#4121,#5217,#6455,.T.);
#6455 = LINE('',#6456,#6457);
#6456 = CARTESIAN_POINT('',(111.03,-99.,-4.6E-02));
#6457 = VECTOR('',#6458,1.);
#6458 = DIRECTION('',(0.,0.,1.));
#6459 = ORIENTED_EDGE('',*,*,#5216,.F.);
#6460 = ORIENTED_EDGE('',*,*,#6454,.F.);
#6461 = CYLINDRICAL_SURFACE('',#6462,0.5);
#6462 = AXIS2_PLACEMENT_3D('',#6463,#6464,#6465);
#6463 = CARTESIAN_POINT('',(111.03,-98.5,-4.6E-02));
#6464 = DIRECTION('',(-0.,-0.,-1.));
#6465 = DIRECTION('',(-0.,-1.,0.));
#6466 = ADVANCED_FACE('',(#6467),#6478,.F.);
#6467 = FACE_BOUND('',#6468,.T.);
#6468 = EDGE_LOOP('',(#6469,#6470,#6476,#6477));
#6469 = ORIENTED_EDGE('',*,*,#4131,.T.);
#6470 = ORIENTED_EDGE('',*,*,#6471,.T.);
#6471 = EDGE_CURVE('',#4132,#5228,#6472,.T.);
#6472 = LINE('',#6473,#6474);
#6473 = CARTESIAN_POINT('',(125.53,-104.,-4.6E-02));
#6474 = VECTOR('',#6475,1.);
#6475 = DIRECTION('',(0.,0.,1.));
#6476 = ORIENTED_EDGE('',*,*,#5227,.F.);
#6477 = ORIENTED_EDGE('',*,*,#6471,.F.);
#6478 = CYLINDRICAL_SURFACE('',#6479,0.5);
#6479 = AXIS2_PLACEMENT_3D('',#6480,#6481,#6482);
#6480 = CARTESIAN_POINT('',(125.53,-103.5,-4.6E-02));
#6481 = DIRECTION('',(-0.,-0.,-1.));
#6482 = DIRECTION('',(-0.,-1.,0.));
#6483 = ADVANCED_FACE('',(#6484),#6495,.F.);
#6484 = FACE_BOUND('',#6485,.T.);
#6485 = EDGE_LOOP('',(#6486,#6487,#6493,#6494));
#6486 = ORIENTED_EDGE('',*,*,#4142,.T.);
#6487 = ORIENTED_EDGE('',*,*,#6488,.T.);
#6488 = EDGE_CURVE('',#4143,#5239,#6489,.T.);
#6489 = LINE('',#6490,#6491);
#6490 = CARTESIAN_POINT('',(125.53,-99.,-4.6E-02));
#6491 = VECTOR('',#6492,1.);
#6492 = DIRECTION('',(0.,0.,1.));
#6493 = ORIENTED_EDGE('',*,*,#5238,.F.);
#6494 = ORIENTED_EDGE('',*,*,#6488,.F.);
#6495 = CYLINDRICAL_SURFACE('',#6496,0.5);
#6496 = AXIS2_PLACEMENT_3D('',#6497,#6498,#6499);
#6497 = CARTESIAN_POINT('',(125.53,-98.5,-4.6E-02));
#6498 = DIRECTION('',(-0.,-0.,-1.));
#6499 = DIRECTION('',(-0.,-1.,0.));
#6500 = ADVANCED_FACE('',(#6501),#6512,.F.);
#6501 = FACE_BOUND('',#6502,.T.);
#6502 = EDGE_LOOP('',(#6503,#6504,#6510,#6511));
#6503 = ORIENTED_EDGE('',*,*,#4153,.T.);
#6504 = ORIENTED_EDGE('',*,*,#6505,.T.);
#6505 = EDGE_CURVE('',#4154,#5250,#6506,.T.);
#6506 = LINE('',#6507,#6508);
#6507 = CARTESIAN_POINT('',(134.61,-113.1,-4.6E-02));
#6508 = VECTOR('',#6509,1.);
#6509 = DIRECTION('',(0.,0.,1.));
#6510 = ORIENTED_EDGE('',*,*,#5249,.F.);
#6511 = ORIENTED_EDGE('',*,*,#6505,.F.);
#6512 = CYLINDRICAL_SURFACE('',#6513,0.5);
#6513 = AXIS2_PLACEMENT_3D('',#6514,#6515,#6516);
#6514 = CARTESIAN_POINT('',(134.61,-112.6,-4.6E-02));
#6515 = DIRECTION('',(-0.,-0.,-1.));
#6516 = DIRECTION('',(-0.,-1.,0.));
#6517 = ADVANCED_FACE('',(#6518),#6529,.F.);
#6518 = FACE_BOUND('',#6519,.T.);
#6519 = EDGE_LOOP('',(#6520,#6521,#6527,#6528));
#6520 = ORIENTED_EDGE('',*,*,#4164,.T.);
#6521 = ORIENTED_EDGE('',*,*,#6522,.T.);
#6522 = EDGE_CURVE('',#4165,#5261,#6523,.T.);
#6523 = LINE('',#6524,#6525);
#6524 = CARTESIAN_POINT('',(134.61,-110.56,-4.6E-02));
#6525 = VECTOR('',#6526,1.);
#6526 = DIRECTION('',(0.,0.,1.));
#6527 = ORIENTED_EDGE('',*,*,#5260,.F.);
#6528 = ORIENTED_EDGE('',*,*,#6522,.F.);
#6529 = CYLINDRICAL_SURFACE('',#6530,0.5);
#6530 = AXIS2_PLACEMENT_3D('',#6531,#6532,#6533);
#6531 = CARTESIAN_POINT('',(134.61,-110.06,-4.6E-02));
#6532 = DIRECTION('',(-0.,-0.,-1.));
#6533 = DIRECTION('',(-0.,-1.,0.));
#6534 = ADVANCED_FACE('',(#6535),#6546,.F.);
#6535 = FACE_BOUND('',#6536,.T.);
#6536 = EDGE_LOOP('',(#6537,#6538,#6544,#6545));
#6537 = ORIENTED_EDGE('',*,*,#4175,.T.);
#6538 = ORIENTED_EDGE('',*,*,#6539,.T.);
#6539 = EDGE_CURVE('',#4176,#5272,#6540,.T.);
#6540 = LINE('',#6541,#6542);
#6541 = CARTESIAN_POINT('',(134.61,-108.02,-4.6E-02));
#6542 = VECTOR('',#6543,1.);
#6543 = DIRECTION('',(0.,0.,1.));
#6544 = ORIENTED_EDGE('',*,*,#5271,.F.);
#6545 = ORIENTED_EDGE('',*,*,#6539,.F.);
#6546 = CYLINDRICAL_SURFACE('',#6547,0.5);
#6547 = AXIS2_PLACEMENT_3D('',#6548,#6549,#6550);
#6548 = CARTESIAN_POINT('',(134.61,-107.52,-4.6E-02));
#6549 = DIRECTION('',(-0.,-0.,-1.));
#6550 = DIRECTION('',(-0.,-1.,0.));
#6551 = ADVANCED_FACE('',(#6552),#6563,.F.);
#6552 = FACE_BOUND('',#6553,.T.);
#6553 = EDGE_LOOP('',(#6554,#6555,#6561,#6562));
#6554 = ORIENTED_EDGE('',*,*,#4186,.T.);
#6555 = ORIENTED_EDGE('',*,*,#6556,.T.);
#6556 = EDGE_CURVE('',#4187,#5283,#6557,.T.);
#6557 = LINE('',#6558,#6559);
#6558 = CARTESIAN_POINT('',(149.86,-113.1,-4.6E-02));
#6559 = VECTOR('',#6560,1.);
#6560 = DIRECTION('',(0.,0.,1.));
#6561 = ORIENTED_EDGE('',*,*,#5282,.F.);
#6562 = ORIENTED_EDGE('',*,*,#6556,.F.);
#6563 = CYLINDRICAL_SURFACE('',#6564,0.5);
#6564 = AXIS2_PLACEMENT_3D('',#6565,#6566,#6567);
#6565 = CARTESIAN_POINT('',(149.86,-112.6,-4.6E-02));
#6566 = DIRECTION('',(-0.,-0.,-1.));
#6567 = DIRECTION('',(-0.,-1.,0.));
#6568 = ADVANCED_FACE('',(#6569),#6580,.F.);
#6569 = FACE_BOUND('',#6570,.T.);
#6570 = EDGE_LOOP('',(#6571,#6572,#6578,#6579));
#6571 = ORIENTED_EDGE('',*,*,#4197,.T.);
#6572 = ORIENTED_EDGE('',*,*,#6573,.T.);
#6573 = EDGE_CURVE('',#4198,#5294,#6574,.T.);
#6574 = LINE('',#6575,#6576);
#6575 = CARTESIAN_POINT('',(149.86,-110.56,-4.6E-02));
#6576 = VECTOR('',#6577,1.);
#6577 = DIRECTION('',(0.,0.,1.));
#6578 = ORIENTED_EDGE('',*,*,#5293,.F.);
#6579 = ORIENTED_EDGE('',*,*,#6573,.F.);
#6580 = CYLINDRICAL_SURFACE('',#6581,0.5);
#6581 = AXIS2_PLACEMENT_3D('',#6582,#6583,#6584);
#6582 = CARTESIAN_POINT('',(149.86,-110.06,-4.6E-02));
#6583 = DIRECTION('',(-0.,-0.,-1.));
#6584 = DIRECTION('',(-0.,-1.,0.));
#6585 = ADVANCED_FACE('',(#6586),#6597,.F.);
#6586 = FACE_BOUND('',#6587,.T.);
#6587 = EDGE_LOOP('',(#6588,#6589,#6595,#6596));
#6588 = ORIENTED_EDGE('',*,*,#4208,.T.);
#6589 = ORIENTED_EDGE('',*,*,#6590,.T.);
#6590 = EDGE_CURVE('',#4209,#5305,#6591,.T.);
#6591 = LINE('',#6592,#6593);
#6592 = CARTESIAN_POINT('',(149.86,-108.02,-4.6E-02));
#6593 = VECTOR('',#6594,1.);
#6594 = DIRECTION('',(0.,0.,1.));
#6595 = ORIENTED_EDGE('',*,*,#5304,.F.);
#6596 = ORIENTED_EDGE('',*,*,#6590,.F.);
#6597 = CYLINDRICAL_SURFACE('',#6598,0.5);
#6598 = AXIS2_PLACEMENT_3D('',#6599,#6600,#6601);
#6599 = CARTESIAN_POINT('',(149.86,-107.52,-4.6E-02));
#6600 = DIRECTION('',(-0.,-0.,-1.));
#6601 = DIRECTION('',(-0.,-1.,0.));
#6602 = ADVANCED_FACE('',(#6603),#6614,.F.);
#6603 = FACE_BOUND('',#6604,.T.);
#6604 = EDGE_LOOP('',(#6605,#6606,#6612,#6613));
#6605 = ORIENTED_EDGE('',*,*,#4219,.T.);
#6606 = ORIENTED_EDGE('',*,*,#6607,.T.);
#6607 = EDGE_CURVE('',#4220,#5316,#6608,.T.);
#6608 = LINE('',#6609,#6610);
#6609 = CARTESIAN_POINT('',(134.61,-105.48,-4.6E-02));
#6610 = VECTOR('',#6611,1.);
#6611 = DIRECTION('',(0.,0.,1.));
#6612 = ORIENTED_EDGE('',*,*,#5315,.F.);
#6613 = ORIENTED_EDGE('',*,*,#6607,.F.);
#6614 = CYLINDRICAL_SURFACE('',#6615,0.5);
#6615 = AXIS2_PLACEMENT_3D('',#6616,#6617,#6618);
#6616 = CARTESIAN_POINT('',(134.61,-104.98,-4.6E-02));
#6617 = DIRECTION('',(-0.,-0.,-1.));
#6618 = DIRECTION('',(-0.,-1.,0.));
#6619 = ADVANCED_FACE('',(#6620),#6631,.F.);
#6620 = FACE_BOUND('',#6621,.T.);
#6621 = EDGE_LOOP('',(#6622,#6623,#6629,#6630));
#6622 = ORIENTED_EDGE('',*,*,#4230,.T.);
#6623 = ORIENTED_EDGE('',*,*,#6624,.T.);
#6624 = EDGE_CURVE('',#4231,#5327,#6625,.T.);
#6625 = LINE('',#6626,#6627);
#6626 = CARTESIAN_POINT('',(134.61,-102.94,-4.6E-02));
#6627 = VECTOR('',#6628,1.);
#6628 = DIRECTION('',(0.,0.,1.));
#6629 = ORIENTED_EDGE('',*,*,#5326,.F.);
#6630 = ORIENTED_EDGE('',*,*,#6624,.F.);
#6631 = CYLINDRICAL_SURFACE('',#6632,0.5);
#6632 = AXIS2_PLACEMENT_3D('',#6633,#6634,#6635);
#6633 = CARTESIAN_POINT('',(134.61,-102.44,-4.6E-02));
#6634 = DIRECTION('',(-0.,-0.,-1.));
#6635 = DIRECTION('',(-0.,-1.,0.));
#6636 = ADVANCED_FACE('',(#6637),#6648,.F.);
#6637 = FACE_BOUND('',#6638,.T.);
#6638 = EDGE_LOOP('',(#6639,#6640,#6646,#6647));
#6639 = ORIENTED_EDGE('',*,*,#4241,.T.);
#6640 = ORIENTED_EDGE('',*,*,#6641,.T.);
#6641 = EDGE_CURVE('',#4242,#5338,#6642,.T.);
#6642 = LINE('',#6643,#6644);
#6643 = CARTESIAN_POINT('',(134.61,-100.4,-4.6E-02));
#6644 = VECTOR('',#6645,1.);
#6645 = DIRECTION('',(0.,0.,1.));
#6646 = ORIENTED_EDGE('',*,*,#5337,.F.);
#6647 = ORIENTED_EDGE('',*,*,#6641,.F.);
#6648 = CYLINDRICAL_SURFACE('',#6649,0.5);
#6649 = AXIS2_PLACEMENT_3D('',#6650,#6651,#6652);
#6650 = CARTESIAN_POINT('',(134.61,-99.9,-4.6E-02));
#6651 = DIRECTION('',(-0.,-0.,-1.));
#6652 = DIRECTION('',(-0.,-1.,0.));
#6653 = ADVANCED_FACE('',(#6654),#6665,.F.);
#6654 = FACE_BOUND('',#6655,.T.);
#6655 = EDGE_LOOP('',(#6656,#6657,#6663,#6664));
#6656 = ORIENTED_EDGE('',*,*,#4252,.T.);
#6657 = ORIENTED_EDGE('',*,*,#6658,.T.);
#6658 = EDGE_CURVE('',#4253,#5349,#6659,.T.);
#6659 = LINE('',#6660,#6661);
#6660 = CARTESIAN_POINT('',(149.86,-105.48,-4.6E-02));
#6661 = VECTOR('',#6662,1.);
#6662 = DIRECTION('',(0.,0.,1.));
#6663 = ORIENTED_EDGE('',*,*,#5348,.F.);
#6664 = ORIENTED_EDGE('',*,*,#6658,.F.);
#6665 = CYLINDRICAL_SURFACE('',#6666,0.5);
#6666 = AXIS2_PLACEMENT_3D('',#6667,#6668,#6669);
#6667 = CARTESIAN_POINT('',(149.86,-104.98,-4.6E-02));
#6668 = DIRECTION('',(-0.,-0.,-1.));
#6669 = DIRECTION('',(-0.,-1.,0.));
#6670 = ADVANCED_FACE('',(#6671),#6682,.F.);
#6671 = FACE_BOUND('',#6672,.T.);
#6672 = EDGE_LOOP('',(#6673,#6674,#6680,#6681));
#6673 = ORIENTED_EDGE('',*,*,#4263,.T.);
#6674 = ORIENTED_EDGE('',*,*,#6675,.T.);
#6675 = EDGE_CURVE('',#4264,#5360,#6676,.T.);
#6676 = LINE('',#6677,#6678);
#6677 = CARTESIAN_POINT('',(149.86,-102.94,-4.6E-02));
#6678 = VECTOR('',#6679,1.);
#6679 = DIRECTION('',(0.,0.,1.));
#6680 = ORIENTED_EDGE('',*,*,#5359,.F.);
#6681 = ORIENTED_EDGE('',*,*,#6675,.F.);
#6682 = CYLINDRICAL_SURFACE('',#6683,0.5);
#6683 = AXIS2_PLACEMENT_3D('',#6684,#6685,#6686);
#6684 = CARTESIAN_POINT('',(149.86,-102.44,-4.6E-02));
#6685 = DIRECTION('',(-0.,-0.,-1.));
#6686 = DIRECTION('',(-0.,-1.,0.));
#6687 = ADVANCED_FACE('',(#6688),#6699,.F.);
#6688 = FACE_BOUND('',#6689,.T.);
#6689 = EDGE_LOOP('',(#6690,#6691,#6697,#6698));
#6690 = ORIENTED_EDGE('',*,*,#4274,.T.);
#6691 = ORIENTED_EDGE('',*,*,#6692,.T.);
#6692 = EDGE_CURVE('',#4275,#5371,#6693,.T.);
#6693 = LINE('',#6694,#6695);
#6694 = CARTESIAN_POINT('',(149.86,-100.4,-4.6E-02));
#6695 = VECTOR('',#6696,1.);
#6696 = DIRECTION('',(0.,0.,1.));
#6697 = ORIENTED_EDGE('',*,*,#5370,.F.);
#6698 = ORIENTED_EDGE('',*,*,#6692,.F.);
#6699 = CYLINDRICAL_SURFACE('',#6700,0.5);
#6700 = AXIS2_PLACEMENT_3D('',#6701,#6702,#6703);
#6701 = CARTESIAN_POINT('',(149.86,-99.9,-4.6E-02));
#6702 = DIRECTION('',(-0.,-0.,-1.));
#6703 = DIRECTION('',(-0.,-1.,0.));
#6704 = ADVANCED_FACE('',(#6705),#6721,.F.);
#6705 = FACE_BOUND('',#6706,.T.);
#6706 = EDGE_LOOP('',(#6707,#6708,#6714,#6715));
#6707 = ORIENTED_EDGE('',*,*,#4285,.T.);
#6708 = ORIENTED_EDGE('',*,*,#6709,.T.);
#6709 = EDGE_CURVE('',#4288,#5384,#6710,.T.);
#6710 = LINE('',#6711,#6712);
#6711 = CARTESIAN_POINT('',(119.18,-96.15,-4.6E-02));
#6712 = VECTOR('',#6713,1.);
#6713 = DIRECTION('',(0.,0.,1.));
#6714 = ORIENTED_EDGE('',*,*,#5381,.F.);
#6715 = ORIENTED_EDGE('',*,*,#6716,.F.);
#6716 = EDGE_CURVE('',#4286,#5382,#6717,.T.);
#6717 = LINE('',#6718,#6719);
#6718 = CARTESIAN_POINT('',(119.18,-94.65,-4.6E-02));
#6719 = VECTOR('',#6720,1.);
#6720 = DIRECTION('',(0.,0.,1.));
#6721 = CYLINDRICAL_SURFACE('',#6722,0.75);
#6722 = AXIS2_PLACEMENT_3D('',#6723,#6724,#6725);
#6723 = CARTESIAN_POINT('',(119.18,-95.4,-4.6E-02));
#6724 = DIRECTION('',(-0.,-0.,-1.));
#6725 = DIRECTION('',(-0.,-1.,0.));
#6726 = ADVANCED_FACE('',(#6727),#6738,.T.);
#6727 = FACE_BOUND('',#6728,.T.);
#6728 = EDGE_LOOP('',(#6729,#6730,#6731,#6732));
#6729 = ORIENTED_EDGE('',*,*,#4313,.T.);
#6730 = ORIENTED_EDGE('',*,*,#6716,.T.);
#6731 = ORIENTED_EDGE('',*,*,#5409,.F.);
#6732 = ORIENTED_EDGE('',*,*,#6733,.F.);
#6733 = EDGE_CURVE('',#4305,#5401,#6734,.T.);
#6734 = LINE('',#6735,#6736);
#6735 = CARTESIAN_POINT('',(117.88,-94.65,-4.6E-02));
#6736 = VECTOR('',#6737,1.);
#6737 = DIRECTION('',(0.,0.,1.));
#6738 = PLANE('',#6739);
#6739 = AXIS2_PLACEMENT_3D('',#6740,#6741,#6742);
#6740 = CARTESIAN_POINT('',(119.18,-94.65,-4.6E-02));
#6741 = DIRECTION('',(0.,-1.,0.));
#6742 = DIRECTION('',(-1.,0.,0.));
#6743 = ADVANCED_FACE('',(#6744),#6755,.F.);
#6744 = FACE_BOUND('',#6745,.T.);
#6745 = EDGE_LOOP('',(#6746,#6747,#6748,#6749));
#6746 = ORIENTED_EDGE('',*,*,#4304,.T.);
#6747 = ORIENTED_EDGE('',*,*,#6733,.T.);
#6748 = ORIENTED_EDGE('',*,*,#5400,.F.);
#6749 = ORIENTED_EDGE('',*,*,#6750,.F.);
#6750 = EDGE_CURVE('',#4297,#5393,#6751,.T.);
#6751 = LINE('',#6752,#6753);
#6752 = CARTESIAN_POINT('',(117.88,-96.15,-4.6E-02));
#6753 = VECTOR('',#6754,1.);
#6754 = DIRECTION('',(0.,0.,1.));
#6755 = CYLINDRICAL_SURFACE('',#6756,0.75);
#6756 = AXIS2_PLACEMENT_3D('',#6757,#6758,#6759);
#6757 = CARTESIAN_POINT('',(117.88,-95.4,-4.6E-02));
#6758 = DIRECTION('',(-0.,0.,-1.));
#6759 = DIRECTION('',(0.,1.,0.));
#6760 = ADVANCED_FACE('',(#6761),#6767,.T.);
#6761 = FACE_BOUND('',#6762,.T.);
#6762 = EDGE_LOOP('',(#6763,#6764,#6765,#6766));
#6763 = ORIENTED_EDGE('',*,*,#4296,.T.);
#6764 = ORIENTED_EDGE('',*,*,#6750,.T.);
#6765 = ORIENTED_EDGE('',*,*,#5392,.F.);
#6766 = ORIENTED_EDGE('',*,*,#6709,.F.);
#6767 = PLANE('',#6768);
#6768 = AXIS2_PLACEMENT_3D('',#6769,#6770,#6771);
#6769 = CARTESIAN_POINT('',(117.88,-96.15,-4.6E-02));
#6770 = DIRECTION('',(0.,1.,0.));
#6771 = DIRECTION('',(1.,0.,0.));
#6772 = ADVANCED_FACE('',(#6773),#6789,.F.);
#6773 = FACE_BOUND('',#6774,.T.);
#6774 = EDGE_LOOP('',(#6775,#6776,#6782,#6783));
#6775 = ORIENTED_EDGE('',*,*,#4321,.T.);
#6776 = ORIENTED_EDGE('',*,*,#6777,.T.);
#6777 = EDGE_CURVE('',#4324,#5420,#6778,.T.);
#6778 = LINE('',#6779,#6780);
#6779 = CARTESIAN_POINT('',(119.98,-86.35,-4.6E-02));
#6780 = VECTOR('',#6781,1.);
#6781 = DIRECTION('',(0.,0.,1.));
#6782 = ORIENTED_EDGE('',*,*,#5417,.F.);
#6783 = ORIENTED_EDGE('',*,*,#6784,.F.);
#6784 = EDGE_CURVE('',#4322,#5418,#6785,.T.);
#6785 = LINE('',#6786,#6787);
#6786 = CARTESIAN_POINT('',(119.98,-84.85,-4.6E-02));
#6787 = VECTOR('',#6788,1.);
#6788 = DIRECTION('',(0.,0.,1.));
#6789 = CYLINDRICAL_SURFACE('',#6790,0.75);
#6790 = AXIS2_PLACEMENT_3D('',#6791,#6792,#6793);
#6791 = CARTESIAN_POINT('',(119.98,-85.6,-4.6E-02));
#6792 = DIRECTION('',(-0.,-0.,-1.));
#6793 = DIRECTION('',(-0.,-1.,0.));
#6794 = ADVANCED_FACE('',(#6795),#6806,.T.);
#6795 = FACE_BOUND('',#6796,.T.);
#6796 = EDGE_LOOP('',(#6797,#6798,#6799,#6800));
#6797 = ORIENTED_EDGE('',*,*,#4349,.T.);
#6798 = ORIENTED_EDGE('',*,*,#6784,.T.);
#6799 = ORIENTED_EDGE('',*,*,#5445,.F.);
#6800 = ORIENTED_EDGE('',*,*,#6801,.F.);
#6801 = EDGE_CURVE('',#4341,#5437,#6802,.T.);
#6802 = LINE('',#6803,#6804);
#6803 = CARTESIAN_POINT('',(118.68,-84.85,-4.6E-02));
#6804 = VECTOR('',#6805,1.);
#6805 = DIRECTION('',(0.,0.,1.));
#6806 = PLANE('',#6807);
#6807 = AXIS2_PLACEMENT_3D('',#6808,#6809,#6810);
#6808 = CARTESIAN_POINT('',(119.98,-84.85,-4.6E-02));
#6809 = DIRECTION('',(0.,-1.,0.));
#6810 = DIRECTION('',(-1.,0.,0.));
#6811 = ADVANCED_FACE('',(#6812),#6823,.F.);
#6812 = FACE_BOUND('',#6813,.T.);
#6813 = EDGE_LOOP('',(#6814,#6815,#6816,#6817));
#6814 = ORIENTED_EDGE('',*,*,#4340,.T.);
#6815 = ORIENTED_EDGE('',*,*,#6801,.T.);
#6816 = ORIENTED_EDGE('',*,*,#5436,.F.);
#6817 = ORIENTED_EDGE('',*,*,#6818,.F.);
#6818 = EDGE_CURVE('',#4333,#5429,#6819,.T.);
#6819 = LINE('',#6820,#6821);
#6820 = CARTESIAN_POINT('',(118.68,-86.35,-4.6E-02));
#6821 = VECTOR('',#6822,1.);
#6822 = DIRECTION('',(0.,0.,1.));
#6823 = CYLINDRICAL_SURFACE('',#6824,0.75);
#6824 = AXIS2_PLACEMENT_3D('',#6825,#6826,#6827);
#6825 = CARTESIAN_POINT('',(118.68,-85.6,-4.6E-02));
#6826 = DIRECTION('',(-0.,0.,-1.));
#6827 = DIRECTION('',(0.,1.,0.));
#6828 = ADVANCED_FACE('',(#6829),#6835,.T.);
#6829 = FACE_BOUND('',#6830,.T.);
#6830 = EDGE_LOOP('',(#6831,#6832,#6833,#6834));
#6831 = ORIENTED_EDGE('',*,*,#4332,.T.);
#6832 = ORIENTED_EDGE('',*,*,#6818,.T.);
#6833 = ORIENTED_EDGE('',*,*,#5428,.F.);
#6834 = ORIENTED_EDGE('',*,*,#6777,.F.);
#6835 = PLANE('',#6836);
#6836 = AXIS2_PLACEMENT_3D('',#6837,#6838,#6839);
#6837 = CARTESIAN_POINT('',(118.68,-86.35,-4.6E-02));
#6838 = DIRECTION('',(0.,1.,0.));
#6839 = DIRECTION('',(1.,0.,0.));
#6840 = ADVANCED_FACE('',(#6841),#6852,.F.);
#6841 = FACE_BOUND('',#6842,.T.);
#6842 = EDGE_LOOP('',(#6843,#6844,#6850,#6851));
#6843 = ORIENTED_EDGE('',*,*,#4357,.T.);
#6844 = ORIENTED_EDGE('',*,*,#6845,.T.);
#6845 = EDGE_CURVE('',#4358,#5454,#6846,.T.);
#6846 = LINE('',#6847,#6848);
#6847 = CARTESIAN_POINT('',(134.61,-97.86,-4.6E-02));
#6848 = VECTOR('',#6849,1.);
#6849 = DIRECTION('',(0.,0.,1.));
#6850 = ORIENTED_EDGE('',*,*,#5453,.F.);
#6851 = ORIENTED_EDGE('',*,*,#6845,.F.);
#6852 = CYLINDRICAL_SURFACE('',#6853,0.5);
#6853 = AXIS2_PLACEMENT_3D('',#6854,#6855,#6856);
#6854 = CARTESIAN_POINT('',(134.61,-97.36,-4.6E-02));
#6855 = DIRECTION('',(-0.,-0.,-1.));
#6856 = DIRECTION('',(-0.,-1.,0.));
#6857 = ADVANCED_FACE('',(#6858),#6869,.F.);
#6858 = FACE_BOUND('',#6859,.T.);
#6859 = EDGE_LOOP('',(#6860,#6861,#6867,#6868));
#6860 = ORIENTED_EDGE('',*,*,#4368,.T.);
#6861 = ORIENTED_EDGE('',*,*,#6862,.T.);
#6862 = EDGE_CURVE('',#4369,#5465,#6863,.T.);
#6863 = LINE('',#6864,#6865);
#6864 = CARTESIAN_POINT('',(149.86,-97.86,-4.6E-02));
#6865 = VECTOR('',#6866,1.);
#6866 = DIRECTION('',(0.,0.,1.));
#6867 = ORIENTED_EDGE('',*,*,#5464,.F.);
#6868 = ORIENTED_EDGE('',*,*,#6862,.F.);
#6869 = CYLINDRICAL_SURFACE('',#6870,0.5);
#6870 = AXIS2_PLACEMENT_3D('',#6871,#6872,#6873);
#6871 = CARTESIAN_POINT('',(149.86,-97.36,-4.6E-02));
#6872 = DIRECTION('',(-0.,-0.,-1.));
#6873 = DIRECTION('',(-0.,-1.,0.));
#6874 = ADVANCED_FACE('',(#6875),#6886,.F.);
#6875 = FACE_BOUND('',#6876,.T.);
#6876 = EDGE_LOOP('',(#6877,#6878,#6884,#6885));
#6877 = ORIENTED_EDGE('',*,*,#4379,.T.);
#6878 = ORIENTED_EDGE('',*,*,#6879,.T.);
#6879 = EDGE_CURVE('',#4380,#5476,#6880,.T.);
#6880 = LINE('',#6881,#6882);
#6881 = CARTESIAN_POINT('',(151.13,-84.37,-4.6E-02));
#6882 = VECTOR('',#6883,1.);
#6883 = DIRECTION('',(0.,0.,1.));
#6884 = ORIENTED_EDGE('',*,*,#5475,.F.);
#6885 = ORIENTED_EDGE('',*,*,#6879,.F.);
#6886 = CYLINDRICAL_SURFACE('',#6887,0.55);
#6887 = AXIS2_PLACEMENT_3D('',#6888,#6889,#6890);
#6888 = CARTESIAN_POINT('',(151.13,-83.82,-4.6E-02));
#6889 = DIRECTION('',(-0.,-0.,-1.));
#6890 = DIRECTION('',(-0.,-1.,0.));
#6891 = ADVANCED_FACE('',(#6892),#6903,.F.);
#6892 = FACE_BOUND('',#6893,.T.);
#6893 = EDGE_LOOP('',(#6894,#6895,#6901,#6902));
#6894 = ORIENTED_EDGE('',*,*,#4390,.T.);
#6895 = ORIENTED_EDGE('',*,*,#6896,.T.);
#6896 = EDGE_CURVE('',#4391,#5487,#6897,.T.);
#6897 = LINE('',#6898,#6899);
#6898 = CARTESIAN_POINT('',(155.63,-84.37,-4.6E-02));
#6899 = VECTOR('',#6900,1.);
#6900 = DIRECTION('',(0.,0.,1.));
#6901 = ORIENTED_EDGE('',*,*,#5486,.F.);
#6902 = ORIENTED_EDGE('',*,*,#6896,.F.);
#6903 = CYLINDRICAL_SURFACE('',#6904,0.55);
#6904 = AXIS2_PLACEMENT_3D('',#6905,#6906,#6907);
#6905 = CARTESIAN_POINT('',(155.63,-83.82,-4.6E-02));
#6906 = DIRECTION('',(-0.,-0.,-1.));
#6907 = DIRECTION('',(-0.,-1.,0.));
#6908 = ADVANCED_FACE('',(#6909),#6920,.F.);
#6909 = FACE_BOUND('',#6910,.T.);
#6910 = EDGE_LOOP('',(#6911,#6912,#6918,#6919));
#6911 = ORIENTED_EDGE('',*,*,#4401,.T.);
#6912 = ORIENTED_EDGE('',*,*,#6913,.T.);
#6913 = EDGE_CURVE('',#4402,#5498,#6914,.T.);
#6914 = LINE('',#6915,#6916);
#6915 = CARTESIAN_POINT('',(66.43,-81.69,-4.6E-02));
#6916 = VECTOR('',#6917,1.);
#6917 = DIRECTION('',(0.,0.,1.));
#6918 = ORIENTED_EDGE('',*,*,#5497,.F.);
#6919 = ORIENTED_EDGE('',*,*,#6913,.F.);
#6920 = CYLINDRICAL_SURFACE('',#6921,0.85);
#6921 = AXIS2_PLACEMENT_3D('',#6922,#6923,#6924);
#6922 = CARTESIAN_POINT('',(66.43,-80.84,-4.6E-02));
#6923 = DIRECTION('',(-0.,-0.,-1.));
#6924 = DIRECTION('',(-0.,-1.,0.));
#6925 = ADVANCED_FACE('',(#6926),#6937,.F.);
#6926 = FACE_BOUND('',#6927,.T.);
#6927 = EDGE_LOOP('',(#6928,#6929,#6935,#6936));
#6928 = ORIENTED_EDGE('',*,*,#4412,.T.);
#6929 = ORIENTED_EDGE('',*,*,#6930,.T.);
#6930 = EDGE_CURVE('',#4413,#5509,#6931,.T.);
#6931 = LINE('',#6932,#6933);
#6932 = CARTESIAN_POINT('',(71.51,-82.84,-4.6E-02));
#6933 = VECTOR('',#6934,1.);
#6934 = DIRECTION('',(0.,0.,1.));
#6935 = ORIENTED_EDGE('',*,*,#5508,.F.);
#6936 = ORIENTED_EDGE('',*,*,#6930,.F.);
#6937 = CYLINDRICAL_SURFACE('',#6938,2.);
#6938 = AXIS2_PLACEMENT_3D('',#6939,#6940,#6941);
#6939 = CARTESIAN_POINT('',(71.51,-80.84,-4.6E-02));
#6940 = DIRECTION('',(-0.,-0.,-1.));
#6941 = DIRECTION('',(-0.,-1.,0.));
#6942 = ADVANCED_FACE('',(#6943),#6954,.F.);
#6943 = FACE_BOUND('',#6944,.T.);
#6944 = EDGE_LOOP('',(#6945,#6946,#6952,#6953));
#6945 = ORIENTED_EDGE('',*,*,#4423,.T.);
#6946 = ORIENTED_EDGE('',*,*,#6947,.T.);
#6947 = EDGE_CURVE('',#4424,#5520,#6948,.T.);
#6948 = LINE('',#6949,#6950);
#6949 = CARTESIAN_POINT('',(67.7,-79.05,-4.6E-02));
#6950 = VECTOR('',#6951,1.);
#6951 = DIRECTION('',(0.,0.,1.));
#6952 = ORIENTED_EDGE('',*,*,#5519,.F.);
#6953 = ORIENTED_EDGE('',*,*,#6947,.F.);
#6954 = CYLINDRICAL_SURFACE('',#6955,0.75);
#6955 = AXIS2_PLACEMENT_3D('',#6956,#6957,#6958);
#6956 = CARTESIAN_POINT('',(67.7,-78.3,-4.6E-02));
#6957 = DIRECTION('',(-0.,-0.,-1.));
#6958 = DIRECTION('',(-0.,-1.,0.));
#6959 = ADVANCED_FACE('',(#6960),#6971,.F.);
#6960 = FACE_BOUND('',#6961,.T.);
#6961 = EDGE_LOOP('',(#6962,#6963,#6969,#6970));
#6962 = ORIENTED_EDGE('',*,*,#4434,.T.);
#6963 = ORIENTED_EDGE('',*,*,#6964,.T.);
#6964 = EDGE_CURVE('',#4435,#5531,#6965,.T.);
#6965 = LINE('',#6966,#6967);
#6966 = CARTESIAN_POINT('',(74.05,-76.51,-4.6E-02));
#6967 = VECTOR('',#6968,1.);
#6968 = DIRECTION('',(0.,0.,1.));
#6969 = ORIENTED_EDGE('',*,*,#5530,.F.);
#6970 = ORIENTED_EDGE('',*,*,#6964,.F.);
#6971 = CYLINDRICAL_SURFACE('',#6972,0.75);
#6972 = AXIS2_PLACEMENT_3D('',#6973,#6974,#6975);
#6973 = CARTESIAN_POINT('',(74.05,-75.76,-4.6E-02));
#6974 = DIRECTION('',(-0.,-0.,-1.));
#6975 = DIRECTION('',(-0.,-1.,0.));
#6976 = ADVANCED_FACE('',(#6977),#6988,.F.);
#6977 = FACE_BOUND('',#6978,.T.);
#6978 = EDGE_LOOP('',(#6979,#6980,#6986,#6987));
#6979 = ORIENTED_EDGE('',*,*,#4445,.T.);
#6980 = ORIENTED_EDGE('',*,*,#6981,.T.);
#6981 = EDGE_CURVE('',#4446,#5542,#6982,.T.);
#6982 = LINE('',#6983,#6984);
#6983 = CARTESIAN_POINT('',(76.59,-81.69,-4.6E-02));
#6984 = VECTOR('',#6985,1.);
#6985 = DIRECTION('',(0.,0.,1.));
#6986 = ORIENTED_EDGE('',*,*,#5541,.F.);
#6987 = ORIENTED_EDGE('',*,*,#6981,.F.);
#6988 = CYLINDRICAL_SURFACE('',#6989,0.85);
#6989 = AXIS2_PLACEMENT_3D('',#6990,#6991,#6992);
#6990 = CARTESIAN_POINT('',(76.59,-80.84,-4.6E-02));
#6991 = DIRECTION('',(-0.,-0.,-1.));
#6992 = DIRECTION('',(-0.,-1.,0.));
#6993 = ADVANCED_FACE('',(#6994),#7005,.F.);
#6994 = FACE_BOUND('',#6995,.T.);
#6995 = EDGE_LOOP('',(#6996,#6997,#7003,#7004));
#6996 = ORIENTED_EDGE('',*,*,#4456,.T.);
#6997 = ORIENTED_EDGE('',*,*,#6998,.T.);
#6998 = EDGE_CURVE('',#4457,#5553,#6999,.T.);
#6999 = LINE('',#7000,#7001);
#7000 = CARTESIAN_POINT('',(81.67,-81.24,-4.6E-02));
#7001 = VECTOR('',#7002,1.);
#7002 = DIRECTION('',(0.,0.,1.));
#7003 = ORIENTED_EDGE('',*,*,#5552,.F.);
#7004 = ORIENTED_EDGE('',*,*,#6998,.F.);
#7005 = CYLINDRICAL_SURFACE('',#7006,0.4);
#7006 = AXIS2_PLACEMENT_3D('',#7007,#7008,#7009);
#7007 = CARTESIAN_POINT('',(81.67,-80.84,-4.6E-02));
#7008 = DIRECTION('',(-0.,0.,-1.));
#7009 = DIRECTION('',(3.5527136788E-14,-1.,-0.));
#7010 = ADVANCED_FACE('',(#7011),#7022,.F.);
#7011 = FACE_BOUND('',#7012,.T.);
#7012 = EDGE_LOOP('',(#7013,#7014,#7020,#7021));
#7013 = ORIENTED_EDGE('',*,*,#4467,.T.);
#7014 = ORIENTED_EDGE('',*,*,#7015,.T.);
#7015 = EDGE_CURVE('',#4468,#5564,#7016,.T.);
#7016 = LINE('',#7017,#7018);
#7017 = CARTESIAN_POINT('',(81.57,-68.46,-4.6E-02));
#7018 = VECTOR('',#7019,1.);
#7019 = DIRECTION('',(0.,0.,1.));
#7020 = ORIENTED_EDGE('',*,*,#5563,.F.);
#7021 = ORIENTED_EDGE('',*,*,#7015,.F.);
#7022 = CYLINDRICAL_SURFACE('',#7023,0.4);
#7023 = AXIS2_PLACEMENT_3D('',#7024,#7025,#7026);
#7024 = CARTESIAN_POINT('',(81.57,-68.06,-4.6E-02));
#7025 = DIRECTION('',(-0.,-0.,-1.));
#7026 = DIRECTION('',(-0.,-1.,0.));
#7027 = ADVANCED_FACE('',(#7028),#7039,.F.);
#7028 = FACE_BOUND('',#7029,.T.);
#7029 = EDGE_LOOP('',(#7030,#7031,#7037,#7038));
#7030 = ORIENTED_EDGE('',*,*,#4478,.T.);
#7031 = ORIENTED_EDGE('',*,*,#7032,.T.);
#7032 = EDGE_CURVE('',#4479,#5575,#7033,.T.);
#7033 = LINE('',#7034,#7035);
#7034 = CARTESIAN_POINT('',(90.06,-81.49,-4.6E-02));
#7035 = VECTOR('',#7036,1.);
#7036 = DIRECTION('',(0.,0.,1.));
#7037 = ORIENTED_EDGE('',*,*,#5574,.F.);
#7038 = ORIENTED_EDGE('',*,*,#7032,.F.);
#7039 = CYLINDRICAL_SURFACE('',#7040,0.85);
#7040 = AXIS2_PLACEMENT_3D('',#7041,#7042,#7043);
#7041 = CARTESIAN_POINT('',(90.06,-80.64,-4.6E-02));
#7042 = DIRECTION('',(-0.,-0.,-1.));
#7043 = DIRECTION('',(-0.,-1.,0.));
#7044 = ADVANCED_FACE('',(#7045),#7056,.F.);
#7045 = FACE_BOUND('',#7046,.T.);
#7046 = EDGE_LOOP('',(#7047,#7048,#7054,#7055));
#7047 = ORIENTED_EDGE('',*,*,#4489,.T.);
#7048 = ORIENTED_EDGE('',*,*,#7049,.T.);
#7049 = EDGE_CURVE('',#4490,#5586,#7050,.T.);
#7050 = LINE('',#7051,#7052);
#7051 = CARTESIAN_POINT('',(95.14,-82.64,-4.6E-02));
#7052 = VECTOR('',#7053,1.);
#7053 = DIRECTION('',(0.,0.,1.));
#7054 = ORIENTED_EDGE('',*,*,#5585,.F.);
#7055 = ORIENTED_EDGE('',*,*,#7049,.F.);
#7056 = CYLINDRICAL_SURFACE('',#7057,2.);
#7057 = AXIS2_PLACEMENT_3D('',#7058,#7059,#7060);
#7058 = CARTESIAN_POINT('',(95.14,-80.64,-4.6E-02));
#7059 = DIRECTION('',(-0.,-0.,-1.));
#7060 = DIRECTION('',(-0.,-1.,0.));
#7061 = ADVANCED_FACE('',(#7062),#7073,.F.);
#7062 = FACE_BOUND('',#7063,.T.);
#7063 = EDGE_LOOP('',(#7064,#7065,#7071,#7072));
#7064 = ORIENTED_EDGE('',*,*,#4500,.T.);
#7065 = ORIENTED_EDGE('',*,*,#7066,.T.);
#7066 = EDGE_CURVE('',#4501,#5597,#7067,.T.);
#7067 = LINE('',#7068,#7069);
#7068 = CARTESIAN_POINT('',(91.33,-78.85,-4.6E-02));
#7069 = VECTOR('',#7070,1.);
#7070 = DIRECTION('',(0.,0.,1.));
#7071 = ORIENTED_EDGE('',*,*,#5596,.F.);
#7072 = ORIENTED_EDGE('',*,*,#7066,.F.);
#7073 = CYLINDRICAL_SURFACE('',#7074,0.75);
#7074 = AXIS2_PLACEMENT_3D('',#7075,#7076,#7077);
#7075 = CARTESIAN_POINT('',(91.33,-78.1,-4.6E-02));
#7076 = DIRECTION('',(-0.,-0.,-1.));
#7077 = DIRECTION('',(-0.,-1.,0.));
#7078 = ADVANCED_FACE('',(#7079),#7090,.F.);
#7079 = FACE_BOUND('',#7080,.T.);
#7080 = EDGE_LOOP('',(#7081,#7082,#7088,#7089));
#7081 = ORIENTED_EDGE('',*,*,#4511,.T.);
#7082 = ORIENTED_EDGE('',*,*,#7083,.T.);
#7083 = EDGE_CURVE('',#4512,#5608,#7084,.T.);
#7084 = LINE('',#7085,#7086);
#7085 = CARTESIAN_POINT('',(97.68,-76.31,-4.6E-02));
#7086 = VECTOR('',#7087,1.);
#7087 = DIRECTION('',(0.,0.,1.));
#7088 = ORIENTED_EDGE('',*,*,#5607,.F.);
#7089 = ORIENTED_EDGE('',*,*,#7083,.F.);
#7090 = CYLINDRICAL_SURFACE('',#7091,0.75);
#7091 = AXIS2_PLACEMENT_3D('',#7092,#7093,#7094);
#7092 = CARTESIAN_POINT('',(97.68,-75.56,-4.6E-02));
#7093 = DIRECTION('',(-0.,-0.,-1.));
#7094 = DIRECTION('',(-0.,-1.,0.));
#7095 = ADVANCED_FACE('',(#7096),#7107,.F.);
#7096 = FACE_BOUND('',#7097,.T.);
#7097 = EDGE_LOOP('',(#7098,#7099,#7105,#7106));
#7098 = ORIENTED_EDGE('',*,*,#4522,.T.);
#7099 = ORIENTED_EDGE('',*,*,#7100,.T.);
#7100 = EDGE_CURVE('',#4523,#5619,#7101,.T.);
#7101 = LINE('',#7102,#7103);
#7102 = CARTESIAN_POINT('',(100.22,-81.49,-4.6E-02));
#7103 = VECTOR('',#7104,1.);
#7104 = DIRECTION('',(0.,0.,1.));
#7105 = ORIENTED_EDGE('',*,*,#5618,.F.);
#7106 = ORIENTED_EDGE('',*,*,#7100,.F.);
#7107 = CYLINDRICAL_SURFACE('',#7108,0.85);
#7108 = AXIS2_PLACEMENT_3D('',#7109,#7110,#7111);
#7109 = CARTESIAN_POINT('',(100.22,-80.64,-4.6E-02));
#7110 = DIRECTION('',(-0.,-0.,-1.));
#7111 = DIRECTION('',(-0.,-1.,0.));
#7112 = ADVANCED_FACE('',(#7113),#7124,.F.);
#7113 = FACE_BOUND('',#7114,.T.);
#7114 = EDGE_LOOP('',(#7115,#7116,#7122,#7123));
#7115 = ORIENTED_EDGE('',*,*,#4533,.T.);
#7116 = ORIENTED_EDGE('',*,*,#7117,.T.);
#7117 = EDGE_CURVE('',#4534,#5630,#7118,.T.);
#7118 = LINE('',#7119,#7120);
#7119 = CARTESIAN_POINT('',(105.3,-81.04,-4.6E-02));
#7120 = VECTOR('',#7121,1.);
#7121 = DIRECTION('',(0.,0.,1.));
#7122 = ORIENTED_EDGE('',*,*,#5629,.F.);
#7123 = ORIENTED_EDGE('',*,*,#7117,.F.);
#7124 = CYLINDRICAL_SURFACE('',#7125,0.4);
#7125 = AXIS2_PLACEMENT_3D('',#7126,#7127,#7128);
#7126 = CARTESIAN_POINT('',(105.3,-80.64,-4.6E-02));
#7127 = DIRECTION('',(-0.,-0.,-1.));
#7128 = DIRECTION('',(-3.552713678801E-14,-1.,0.));
#7129 = ADVANCED_FACE('',(#7130),#7141,.F.);
#7130 = FACE_BOUND('',#7131,.T.);
#7131 = EDGE_LOOP('',(#7132,#7133,#7139,#7140));
#7132 = ORIENTED_EDGE('',*,*,#4544,.T.);
#7133 = ORIENTED_EDGE('',*,*,#7134,.T.);
#7134 = EDGE_CURVE('',#4545,#5641,#7135,.T.);
#7135 = LINE('',#7136,#7137);
#7136 = CARTESIAN_POINT('',(105.41,-68.42,-4.6E-02));
#7137 = VECTOR('',#7138,1.);
#7138 = DIRECTION('',(0.,0.,1.));
#7139 = ORIENTED_EDGE('',*,*,#5640,.F.);
#7140 = ORIENTED_EDGE('',*,*,#7134,.F.);
#7141 = CYLINDRICAL_SURFACE('',#7142,0.4);
#7142 = AXIS2_PLACEMENT_3D('',#7143,#7144,#7145);
#7143 = CARTESIAN_POINT('',(105.41,-68.02,-4.6E-02));
#7144 = DIRECTION('',(-0.,-0.,-1.));
#7145 = DIRECTION('',(-0.,-1.,0.));
#7146 = ADVANCED_FACE('',(#7147),#7158,.F.);
#7147 = FACE_BOUND('',#7148,.T.);
#7148 = EDGE_LOOP('',(#7149,#7150,#7156,#7157));
#7149 = ORIENTED_EDGE('',*,*,#4555,.T.);
#7150 = ORIENTED_EDGE('',*,*,#7151,.T.);
#7151 = EDGE_CURVE('',#4556,#5652,#7152,.T.);
#7152 = LINE('',#7153,#7154);
#7153 = CARTESIAN_POINT('',(66.33,-61.29,-4.6E-02));
#7154 = VECTOR('',#7155,1.);
#7155 = DIRECTION('',(0.,0.,1.));
#7156 = ORIENTED_EDGE('',*,*,#5651,.F.);
#7157 = ORIENTED_EDGE('',*,*,#7151,.F.);
#7158 = CYLINDRICAL_SURFACE('',#7159,0.85);
#7159 = AXIS2_PLACEMENT_3D('',#7160,#7161,#7162);
#7160 = CARTESIAN_POINT('',(66.33,-60.44,-4.6E-02));
#7161 = DIRECTION('',(-0.,-0.,-1.));
#7162 = DIRECTION('',(-1.671865260612E-14,-1.,0.));
#7163 = ADVANCED_FACE('',(#7164),#7175,.F.);
#7164 = FACE_BOUND('',#7165,.T.);
#7165 = EDGE_LOOP('',(#7166,#7167,#7173,#7174));
#7166 = ORIENTED_EDGE('',*,*,#4566,.T.);
#7167 = ORIENTED_EDGE('',*,*,#7168,.T.);
#7168 = EDGE_CURVE('',#4567,#5663,#7169,.T.);
#7169 = LINE('',#7170,#7171);
#7170 = CARTESIAN_POINT('',(71.41,-62.44,-4.6E-02));
#7171 = VECTOR('',#7172,1.);
#7172 = DIRECTION('',(0.,0.,1.));
#7173 = ORIENTED_EDGE('',*,*,#5662,.F.);
#7174 = ORIENTED_EDGE('',*,*,#7168,.F.);
#7175 = CYLINDRICAL_SURFACE('',#7176,2.);
#7176 = AXIS2_PLACEMENT_3D('',#7177,#7178,#7179);
#7177 = CARTESIAN_POINT('',(71.41,-60.44,-4.6E-02));
#7178 = DIRECTION('',(-0.,-0.,-1.));
#7179 = DIRECTION('',(-0.,-1.,0.));
#7180 = ADVANCED_FACE('',(#7181),#7192,.F.);
#7181 = FACE_BOUND('',#7182,.T.);
#7182 = EDGE_LOOP('',(#7183,#7184,#7190,#7191));
#7183 = ORIENTED_EDGE('',*,*,#4577,.T.);
#7184 = ORIENTED_EDGE('',*,*,#7185,.T.);
#7185 = EDGE_CURVE('',#4578,#5674,#7186,.T.);
#7186 = LINE('',#7187,#7188);
#7187 = CARTESIAN_POINT('',(76.49,-61.29,-4.6E-02));
#7188 = VECTOR('',#7189,1.);
#7189 = DIRECTION('',(0.,0.,1.));
#7190 = ORIENTED_EDGE('',*,*,#5673,.F.);
#7191 = ORIENTED_EDGE('',*,*,#7185,.F.);
#7192 = CYLINDRICAL_SURFACE('',#7193,0.85);
#7193 = AXIS2_PLACEMENT_3D('',#7194,#7195,#7196);
#7194 = CARTESIAN_POINT('',(76.49,-60.44,-4.6E-02));
#7195 = DIRECTION('',(-0.,-0.,-1.));
#7196 = DIRECTION('',(-1.671865260612E-14,-1.,0.));
#7197 = ADVANCED_FACE('',(#7198),#7209,.F.);
#7198 = FACE_BOUND('',#7199,.T.);
#7199 = EDGE_LOOP('',(#7200,#7201,#7207,#7208));
#7200 = ORIENTED_EDGE('',*,*,#4588,.T.);
#7201 = ORIENTED_EDGE('',*,*,#7202,.T.);
#7202 = EDGE_CURVE('',#4589,#5685,#7203,.T.);
#7203 = LINE('',#7204,#7205);
#7204 = CARTESIAN_POINT('',(81.57,-60.84,-4.6E-02));
#7205 = VECTOR('',#7206,1.);
#7206 = DIRECTION('',(0.,0.,1.));
#7207 = ORIENTED_EDGE('',*,*,#5684,.F.);
#7208 = ORIENTED_EDGE('',*,*,#7202,.F.);
#7209 = CYLINDRICAL_SURFACE('',#7210,0.4);
#7210 = AXIS2_PLACEMENT_3D('',#7211,#7212,#7213);
#7211 = CARTESIAN_POINT('',(81.57,-60.44,-4.6E-02));
#7212 = DIRECTION('',(-0.,-0.,-1.));
#7213 = DIRECTION('',(-0.,-1.,0.));
#7214 = ADVANCED_FACE('',(#7215),#7226,.F.);
#7215 = FACE_BOUND('',#7216,.T.);
#7216 = EDGE_LOOP('',(#7217,#7218,#7224,#7225));
#7217 = ORIENTED_EDGE('',*,*,#4599,.T.);
#7218 = ORIENTED_EDGE('',*,*,#7219,.T.);
#7219 = EDGE_CURVE('',#4600,#5696,#7220,.T.);
#7220 = LINE('',#7221,#7222);
#7221 = CARTESIAN_POINT('',(67.6,-58.65,-4.6E-02));
#7222 = VECTOR('',#7223,1.);
#7223 = DIRECTION('',(0.,0.,1.));
#7224 = ORIENTED_EDGE('',*,*,#5695,.F.);
#7225 = ORIENTED_EDGE('',*,*,#7219,.F.);
#7226 = CYLINDRICAL_SURFACE('',#7227,0.75);
#7227 = AXIS2_PLACEMENT_3D('',#7228,#7229,#7230);
#7228 = CARTESIAN_POINT('',(67.6,-57.9,-4.6E-02));
#7229 = DIRECTION('',(-0.,-0.,-1.));
#7230 = DIRECTION('',(-0.,-1.,0.));
#7231 = ADVANCED_FACE('',(#7232),#7243,.F.);
#7232 = FACE_BOUND('',#7233,.T.);
#7233 = EDGE_LOOP('',(#7234,#7235,#7241,#7242));
#7234 = ORIENTED_EDGE('',*,*,#4610,.T.);
#7235 = ORIENTED_EDGE('',*,*,#7236,.T.);
#7236 = EDGE_CURVE('',#4611,#5707,#7237,.T.);
#7237 = LINE('',#7238,#7239);
#7238 = CARTESIAN_POINT('',(73.95,-56.11,-4.6E-02));
#7239 = VECTOR('',#7240,1.);
#7240 = DIRECTION('',(0.,0.,1.));
#7241 = ORIENTED_EDGE('',*,*,#5706,.F.);
#7242 = ORIENTED_EDGE('',*,*,#7236,.F.);
#7243 = CYLINDRICAL_SURFACE('',#7244,0.75);
#7244 = AXIS2_PLACEMENT_3D('',#7245,#7246,#7247);
#7245 = CARTESIAN_POINT('',(73.95,-55.36,-4.6E-02));
#7246 = DIRECTION('',(-0.,-0.,-1.));
#7247 = DIRECTION('',(-0.,-1.,0.));
#7248 = ADVANCED_FACE('',(#7249),#7260,.F.);
#7249 = FACE_BOUND('',#7250,.T.);
#7250 = EDGE_LOOP('',(#7251,#7252,#7258,#7259));
#7251 = ORIENTED_EDGE('',*,*,#4621,.T.);
#7252 = ORIENTED_EDGE('',*,*,#7253,.T.);
#7253 = EDGE_CURVE('',#4622,#5718,#7254,.T.);
#7254 = LINE('',#7255,#7256);
#7255 = CARTESIAN_POINT('',(90.17,-61.25,-4.6E-02));
#7256 = VECTOR('',#7257,1.);
#7257 = DIRECTION('',(0.,0.,1.));
#7258 = ORIENTED_EDGE('',*,*,#5717,.F.);
#7259 = ORIENTED_EDGE('',*,*,#7253,.F.);
#7260 = CYLINDRICAL_SURFACE('',#7261,0.85);
#7261 = AXIS2_PLACEMENT_3D('',#7262,#7263,#7264);
#7262 = CARTESIAN_POINT('',(90.17,-60.4,-4.6E-02));
#7263 = DIRECTION('',(-0.,0.,-1.));
#7264 = DIRECTION('',(1.671865260612E-14,-1.,-0.));
#7265 = ADVANCED_FACE('',(#7266),#7277,.F.);
#7266 = FACE_BOUND('',#7267,.T.);
#7267 = EDGE_LOOP('',(#7268,#7269,#7275,#7276));
#7268 = ORIENTED_EDGE('',*,*,#4632,.T.);
#7269 = ORIENTED_EDGE('',*,*,#7270,.T.);
#7270 = EDGE_CURVE('',#4633,#5729,#7271,.T.);
#7271 = LINE('',#7272,#7273);
#7272 = CARTESIAN_POINT('',(91.44,-58.61,-4.6E-02));
#7273 = VECTOR('',#7274,1.);
#7274 = DIRECTION('',(0.,0.,1.));
#7275 = ORIENTED_EDGE('',*,*,#5728,.F.);
#7276 = ORIENTED_EDGE('',*,*,#7270,.F.);
#7277 = CYLINDRICAL_SURFACE('',#7278,0.75);
#7278 = AXIS2_PLACEMENT_3D('',#7279,#7280,#7281);
#7279 = CARTESIAN_POINT('',(91.44,-57.86,-4.6E-02));
#7280 = DIRECTION('',(-0.,-0.,-1.));
#7281 = DIRECTION('',(-0.,-1.,0.));
#7282 = ADVANCED_FACE('',(#7283),#7294,.F.);
#7283 = FACE_BOUND('',#7284,.T.);
#7284 = EDGE_LOOP('',(#7285,#7286,#7292,#7293));
#7285 = ORIENTED_EDGE('',*,*,#4643,.T.);
#7286 = ORIENTED_EDGE('',*,*,#7287,.T.);
#7287 = EDGE_CURVE('',#4644,#5740,#7288,.T.);
#7288 = LINE('',#7289,#7290);
#7289 = CARTESIAN_POINT('',(95.25,-62.4,-4.6E-02));
#7290 = VECTOR('',#7291,1.);
#7291 = DIRECTION('',(0.,0.,1.));
#7292 = ORIENTED_EDGE('',*,*,#5739,.F.);
#7293 = ORIENTED_EDGE('',*,*,#7287,.F.);
#7294 = CYLINDRICAL_SURFACE('',#7295,2.);
#7295 = AXIS2_PLACEMENT_3D('',#7296,#7297,#7298);
#7296 = CARTESIAN_POINT('',(95.25,-60.4,-4.6E-02));
#7297 = DIRECTION('',(-0.,-0.,-1.));
#7298 = DIRECTION('',(-0.,-1.,0.));
#7299 = ADVANCED_FACE('',(#7300),#7311,.F.);
#7300 = FACE_BOUND('',#7301,.T.);
#7301 = EDGE_LOOP('',(#7302,#7303,#7309,#7310));
#7302 = ORIENTED_EDGE('',*,*,#4654,.T.);
#7303 = ORIENTED_EDGE('',*,*,#7304,.T.);
#7304 = EDGE_CURVE('',#4655,#5751,#7305,.T.);
#7305 = LINE('',#7306,#7307);
#7306 = CARTESIAN_POINT('',(97.79,-56.07,-4.6E-02));
#7307 = VECTOR('',#7308,1.);
#7308 = DIRECTION('',(0.,0.,1.));
#7309 = ORIENTED_EDGE('',*,*,#5750,.F.);
#7310 = ORIENTED_EDGE('',*,*,#7304,.F.);
#7311 = CYLINDRICAL_SURFACE('',#7312,0.75);
#7312 = AXIS2_PLACEMENT_3D('',#7313,#7314,#7315);
#7313 = CARTESIAN_POINT('',(97.79,-55.32,-4.6E-02));
#7314 = DIRECTION('',(-0.,-0.,-1.));
#7315 = DIRECTION('',(-0.,-1.,0.));
#7316 = ADVANCED_FACE('',(#7317),#7328,.F.);
#7317 = FACE_BOUND('',#7318,.T.);
#7318 = EDGE_LOOP('',(#7319,#7320,#7326,#7327));
#7319 = ORIENTED_EDGE('',*,*,#4665,.T.);
#7320 = ORIENTED_EDGE('',*,*,#7321,.T.);
#7321 = EDGE_CURVE('',#4666,#5762,#7322,.T.);
#7322 = LINE('',#7323,#7324);
#7323 = CARTESIAN_POINT('',(100.33,-61.25,-4.6E-02));
#7324 = VECTOR('',#7325,1.);
#7325 = DIRECTION('',(0.,0.,1.));
#7326 = ORIENTED_EDGE('',*,*,#5761,.F.);
#7327 = ORIENTED_EDGE('',*,*,#7321,.F.);
#7328 = CYLINDRICAL_SURFACE('',#7329,0.85);
#7329 = AXIS2_PLACEMENT_3D('',#7330,#7331,#7332);
#7330 = CARTESIAN_POINT('',(100.33,-60.4,-4.6E-02));
#7331 = DIRECTION('',(-0.,-0.,-1.));
#7332 = DIRECTION('',(-1.671865260612E-14,-1.,0.));
#7333 = ADVANCED_FACE('',(#7334),#7345,.F.);
#7334 = FACE_BOUND('',#7335,.T.);
#7335 = EDGE_LOOP('',(#7336,#7337,#7343,#7344));
#7336 = ORIENTED_EDGE('',*,*,#4676,.T.);
#7337 = ORIENTED_EDGE('',*,*,#7338,.T.);
#7338 = EDGE_CURVE('',#4677,#5773,#7339,.T.);
#7339 = LINE('',#7340,#7341);
#7340 = CARTESIAN_POINT('',(105.41,-60.8,-4.6E-02));
#7341 = VECTOR('',#7342,1.);
#7342 = DIRECTION('',(0.,0.,1.));
#7343 = ORIENTED_EDGE('',*,*,#5772,.F.);
#7344 = ORIENTED_EDGE('',*,*,#7338,.F.);
#7345 = CYLINDRICAL_SURFACE('',#7346,0.4);
#7346 = AXIS2_PLACEMENT_3D('',#7347,#7348,#7349);
#7347 = CARTESIAN_POINT('',(105.41,-60.4,-4.6E-02));
#7348 = DIRECTION('',(-0.,-0.,-1.));
#7349 = DIRECTION('',(-0.,-1.,0.));
#7350 = ADVANCED_FACE('',(#7351),#7362,.F.);
#7351 = FACE_BOUND('',#7352,.T.);
#7352 = EDGE_LOOP('',(#7353,#7354,#7360,#7361));
#7353 = ORIENTED_EDGE('',*,*,#4687,.T.);
#7354 = ORIENTED_EDGE('',*,*,#7355,.T.);
#7355 = EDGE_CURVE('',#4688,#5784,#7356,.T.);
#7356 = LINE('',#7357,#7358);
#7357 = CARTESIAN_POINT('',(111.83,-83.,-4.6E-02));
#7358 = VECTOR('',#7359,1.);
#7359 = DIRECTION('',(0.,0.,1.));
#7360 = ORIENTED_EDGE('',*,*,#5783,.F.);
#7361 = ORIENTED_EDGE('',*,*,#7355,.F.);
#7362 = CYLINDRICAL_SURFACE('',#7363,0.5);
#7363 = AXIS2_PLACEMENT_3D('',#7364,#7365,#7366);
#7364 = CARTESIAN_POINT('',(111.83,-82.5,-4.6E-02));
#7365 = DIRECTION('',(-0.,-0.,-1.));
#7366 = DIRECTION('',(-0.,-1.,0.));
#7367 = ADVANCED_FACE('',(#7368),#7379,.F.);
#7368 = FACE_BOUND('',#7369,.T.);
#7369 = EDGE_LOOP('',(#7370,#7371,#7377,#7378));
#7370 = ORIENTED_EDGE('',*,*,#4698,.T.);
#7371 = ORIENTED_EDGE('',*,*,#7372,.T.);
#7372 = EDGE_CURVE('',#4699,#5795,#7373,.T.);
#7373 = LINE('',#7374,#7375);
#7374 = CARTESIAN_POINT('',(111.83,-80.5,-4.6E-02));
#7375 = VECTOR('',#7376,1.);
#7376 = DIRECTION('',(0.,0.,1.));
#7377 = ORIENTED_EDGE('',*,*,#5794,.F.);
#7378 = ORIENTED_EDGE('',*,*,#7372,.F.);
#7379 = CYLINDRICAL_SURFACE('',#7380,0.5);
#7380 = AXIS2_PLACEMENT_3D('',#7381,#7382,#7383);
#7381 = CARTESIAN_POINT('',(111.83,-80.,-4.6E-02));
#7382 = DIRECTION('',(-0.,-0.,-1.));
#7383 = DIRECTION('',(-0.,-1.,0.));
#7384 = ADVANCED_FACE('',(#7385),#7396,.F.);
#7385 = FACE_BOUND('',#7386,.T.);
#7386 = EDGE_LOOP('',(#7387,#7388,#7394,#7395));
#7387 = ORIENTED_EDGE('',*,*,#4709,.T.);
#7388 = ORIENTED_EDGE('',*,*,#7389,.T.);
#7389 = EDGE_CURVE('',#4710,#5806,#7390,.T.);
#7390 = LINE('',#7391,#7392);
#7391 = CARTESIAN_POINT('',(111.83,-78.,-4.6E-02));
#7392 = VECTOR('',#7393,1.);
#7393 = DIRECTION('',(0.,0.,1.));
#7394 = ORIENTED_EDGE('',*,*,#5805,.F.);
#7395 = ORIENTED_EDGE('',*,*,#7389,.F.);
#7396 = CYLINDRICAL_SURFACE('',#7397,0.5);
#7397 = AXIS2_PLACEMENT_3D('',#7398,#7399,#7400);
#7398 = CARTESIAN_POINT('',(111.83,-77.5,-4.6E-02));
#7399 = DIRECTION('',(-0.,-0.,-1.));
#7400 = DIRECTION('',(-0.,-1.,0.));
#7401 = ADVANCED_FACE('',(#7402),#7413,.F.);
#7402 = FACE_BOUND('',#7403,.T.);
#7403 = EDGE_LOOP('',(#7404,#7405,#7411,#7412));
#7404 = ORIENTED_EDGE('',*,*,#4720,.T.);
#7405 = ORIENTED_EDGE('',*,*,#7406,.T.);
#7406 = EDGE_CURVE('',#4721,#5817,#7407,.T.);
#7407 = LINE('',#7408,#7409);
#7408 = CARTESIAN_POINT('',(126.33,-83.,-4.6E-02));
#7409 = VECTOR('',#7410,1.);
#7410 = DIRECTION('',(0.,0.,1.));
#7411 = ORIENTED_EDGE('',*,*,#5816,.F.);
#7412 = ORIENTED_EDGE('',*,*,#7406,.F.);
#7413 = CYLINDRICAL_SURFACE('',#7414,0.5);
#7414 = AXIS2_PLACEMENT_3D('',#7415,#7416,#7417);
#7415 = CARTESIAN_POINT('',(126.33,-82.5,-4.6E-02));
#7416 = DIRECTION('',(-0.,-0.,-1.));
#7417 = DIRECTION('',(-0.,-1.,0.));
#7418 = ADVANCED_FACE('',(#7419),#7430,.F.);
#7419 = FACE_BOUND('',#7420,.T.);
#7420 = EDGE_LOOP('',(#7421,#7422,#7428,#7429));
#7421 = ORIENTED_EDGE('',*,*,#4731,.T.);
#7422 = ORIENTED_EDGE('',*,*,#7423,.T.);
#7423 = EDGE_CURVE('',#4732,#5828,#7424,.T.);
#7424 = LINE('',#7425,#7426);
#7425 = CARTESIAN_POINT('',(126.33,-78.,-4.6E-02));
#7426 = VECTOR('',#7427,1.);
#7427 = DIRECTION('',(0.,0.,1.));
#7428 = ORIENTED_EDGE('',*,*,#5827,.F.);
#7429 = ORIENTED_EDGE('',*,*,#7423,.F.);
#7430 = CYLINDRICAL_SURFACE('',#7431,0.5);
#7431 = AXIS2_PLACEMENT_3D('',#7432,#7433,#7434);
#7432 = CARTESIAN_POINT('',(126.33,-77.5,-4.6E-02));
#7433 = DIRECTION('',(-0.,-0.,-1.));
#7434 = DIRECTION('',(-0.,-1.,0.));
#7435 = ADVANCED_FACE('',(#7436),#7452,.F.);
#7436 = FACE_BOUND('',#7437,.T.);
#7437 = EDGE_LOOP('',(#7438,#7439,#7445,#7446));
#7438 = ORIENTED_EDGE('',*,*,#4742,.T.);
#7439 = ORIENTED_EDGE('',*,*,#7440,.T.);
#7440 = EDGE_CURVE('',#4745,#5841,#7441,.T.);
#7441 = LINE('',#7442,#7443);
#7442 = CARTESIAN_POINT('',(119.98,-75.15,-4.6E-02));
#7443 = VECTOR('',#7444,1.);
#7444 = DIRECTION('',(0.,0.,1.));
#7445 = ORIENTED_EDGE('',*,*,#5838,.F.);
#7446 = ORIENTED_EDGE('',*,*,#7447,.F.);
#7447 = EDGE_CURVE('',#4743,#5839,#7448,.T.);
#7448 = LINE('',#7449,#7450);
#7449 = CARTESIAN_POINT('',(119.98,-73.65,-4.6E-02));
#7450 = VECTOR('',#7451,1.);
#7451 = DIRECTION('',(0.,0.,1.));
#7452 = CYLINDRICAL_SURFACE('',#7453,0.75);
#7453 = AXIS2_PLACEMENT_3D('',#7454,#7455,#7456);
#7454 = CARTESIAN_POINT('',(119.98,-74.4,-4.6E-02));
#7455 = DIRECTION('',(-0.,-0.,-1.));
#7456 = DIRECTION('',(-0.,-1.,0.));
#7457 = ADVANCED_FACE('',(#7458),#7469,.T.);
#7458 = FACE_BOUND('',#7459,.T.);
#7459 = EDGE_LOOP('',(#7460,#7461,#7462,#7463));
#7460 = ORIENTED_EDGE('',*,*,#4770,.T.);
#7461 = ORIENTED_EDGE('',*,*,#7447,.T.);
#7462 = ORIENTED_EDGE('',*,*,#5866,.F.);
#7463 = ORIENTED_EDGE('',*,*,#7464,.F.);
#7464 = EDGE_CURVE('',#4762,#5858,#7465,.T.);
#7465 = LINE('',#7466,#7467);
#7466 = CARTESIAN_POINT('',(118.68,-73.65,-4.6E-02));
#7467 = VECTOR('',#7468,1.);
#7468 = DIRECTION('',(0.,0.,1.));
#7469 = PLANE('',#7470);
#7470 = AXIS2_PLACEMENT_3D('',#7471,#7472,#7473);
#7471 = CARTESIAN_POINT('',(119.98,-73.65,-4.6E-02));
#7472 = DIRECTION('',(0.,-1.,0.));
#7473 = DIRECTION('',(-1.,0.,0.));
#7474 = ADVANCED_FACE('',(#7475),#7486,.F.);
#7475 = FACE_BOUND('',#7476,.T.);
#7476 = EDGE_LOOP('',(#7477,#7478,#7479,#7480));
#7477 = ORIENTED_EDGE('',*,*,#4761,.T.);
#7478 = ORIENTED_EDGE('',*,*,#7464,.T.);
#7479 = ORIENTED_EDGE('',*,*,#5857,.F.);
#7480 = ORIENTED_EDGE('',*,*,#7481,.F.);
#7481 = EDGE_CURVE('',#4754,#5850,#7482,.T.);
#7482 = LINE('',#7483,#7484);
#7483 = CARTESIAN_POINT('',(118.68,-75.15,-4.6E-02));
#7484 = VECTOR('',#7485,1.);
#7485 = DIRECTION('',(0.,0.,1.));
#7486 = CYLINDRICAL_SURFACE('',#7487,0.75);
#7487 = AXIS2_PLACEMENT_3D('',#7488,#7489,#7490);
#7488 = CARTESIAN_POINT('',(118.68,-74.4,-4.6E-02));
#7489 = DIRECTION('',(-0.,0.,-1.));
#7490 = DIRECTION('',(0.,1.,0.));
#7491 = ADVANCED_FACE('',(#7492),#7498,.T.);
#7492 = FACE_BOUND('',#7493,.T.);
#7493 = EDGE_LOOP('',(#7494,#7495,#7496,#7497));
#7494 = ORIENTED_EDGE('',*,*,#4753,.T.);
#7495 = ORIENTED_EDGE('',*,*,#7481,.T.);
#7496 = ORIENTED_EDGE('',*,*,#5849,.F.);
#7497 = ORIENTED_EDGE('',*,*,#7440,.F.);
#7498 = PLANE('',#7499);
#7499 = AXIS2_PLACEMENT_3D('',#7500,#7501,#7502);
#7500 = CARTESIAN_POINT('',(118.68,-75.15,-4.6E-02));
#7501 = DIRECTION('',(0.,1.,0.));
#7502 = DIRECTION('',(1.,0.,0.));
#7503 = ADVANCED_FACE('',(#7504),#7515,.F.);
#7504 = FACE_BOUND('',#7505,.T.);
#7505 = EDGE_LOOP('',(#7506,#7507,#7513,#7514));
#7506 = ORIENTED_EDGE('',*,*,#4778,.T.);
#7507 = ORIENTED_EDGE('',*,*,#7508,.T.);
#7508 = EDGE_CURVE('',#4779,#5875,#7509,.T.);
#7509 = LINE('',#7510,#7511);
#7510 = CARTESIAN_POINT('',(129.54,-68.52,-4.6E-02));
#7511 = VECTOR('',#7512,1.);
#7512 = DIRECTION('',(0.,0.,1.));
#7513 = ORIENTED_EDGE('',*,*,#5874,.F.);
#7514 = ORIENTED_EDGE('',*,*,#7508,.F.);
#7515 = CYLINDRICAL_SURFACE('',#7516,0.4);
#7516 = AXIS2_PLACEMENT_3D('',#7517,#7518,#7519);
#7517 = CARTESIAN_POINT('',(129.54,-68.12,-4.6E-02));
#7518 = DIRECTION('',(-0.,-0.,-1.));
#7519 = DIRECTION('',(-0.,-1.,0.));
#7520 = ADVANCED_FACE('',(#7521),#7532,.F.);
#7521 = FACE_BOUND('',#7522,.T.);
#7522 = EDGE_LOOP('',(#7523,#7524,#7530,#7531));
#7523 = ORIENTED_EDGE('',*,*,#4789,.T.);
#7524 = ORIENTED_EDGE('',*,*,#7525,.T.);
#7525 = EDGE_CURVE('',#4790,#5886,#7526,.T.);
#7526 = LINE('',#7527,#7528);
#7527 = CARTESIAN_POINT('',(151.13,-77.87,-4.6E-02));
#7528 = VECTOR('',#7529,1.);
#7529 = DIRECTION('',(0.,0.,1.));
#7530 = ORIENTED_EDGE('',*,*,#5885,.F.);
#7531 = ORIENTED_EDGE('',*,*,#7525,.F.);
#7532 = CYLINDRICAL_SURFACE('',#7533,0.55);
#7533 = AXIS2_PLACEMENT_3D('',#7534,#7535,#7536);
#7534 = CARTESIAN_POINT('',(151.13,-77.32,-4.6E-02));
#7535 = DIRECTION('',(-0.,-0.,-1.));
#7536 = DIRECTION('',(-0.,-1.,0.));
#7537 = ADVANCED_FACE('',(#7538),#7549,.F.);
#7538 = FACE_BOUND('',#7539,.T.);
#7539 = EDGE_LOOP('',(#7540,#7541,#7547,#7548));
#7540 = ORIENTED_EDGE('',*,*,#4800,.T.);
#7541 = ORIENTED_EDGE('',*,*,#7542,.T.);
#7542 = EDGE_CURVE('',#4801,#5897,#7543,.T.);
#7543 = LINE('',#7544,#7545);
#7544 = CARTESIAN_POINT('',(155.63,-77.87,-4.6E-02));
#7545 = VECTOR('',#7546,1.);
#7546 = DIRECTION('',(0.,0.,1.));
#7547 = ORIENTED_EDGE('',*,*,#5896,.F.);
#7548 = ORIENTED_EDGE('',*,*,#7542,.F.);
#7549 = CYLINDRICAL_SURFACE('',#7550,0.55);
#7550 = AXIS2_PLACEMENT_3D('',#7551,#7552,#7553);
#7551 = CARTESIAN_POINT('',(155.63,-77.32,-4.6E-02));
#7552 = DIRECTION('',(-0.,-0.,-1.));
#7553 = DIRECTION('',(-0.,-1.,0.));
#7554 = ADVANCED_FACE('',(#7555),#7566,.F.);
#7555 = FACE_BOUND('',#7556,.T.);
#7556 = EDGE_LOOP('',(#7557,#7558,#7564,#7565));
#7557 = ORIENTED_EDGE('',*,*,#4811,.T.);
#7558 = ORIENTED_EDGE('',*,*,#7559,.T.);
#7559 = EDGE_CURVE('',#4812,#5908,#7560,.T.);
#7560 = LINE('',#7561,#7562);
#7561 = CARTESIAN_POINT('',(114.3,-61.35,-4.6E-02));
#7562 = VECTOR('',#7563,1.);
#7563 = DIRECTION('',(0.,0.,1.));
#7564 = ORIENTED_EDGE('',*,*,#5907,.F.);
#7565 = ORIENTED_EDGE('',*,*,#7559,.F.);
#7566 = CYLINDRICAL_SURFACE('',#7567,0.85);
#7567 = AXIS2_PLACEMENT_3D('',#7568,#7569,#7570);
#7568 = CARTESIAN_POINT('',(114.3,-60.5,-4.6E-02));
#7569 = DIRECTION('',(-0.,-0.,-1.));
#7570 = DIRECTION('',(-1.671865260612E-14,-1.,0.));
#7571 = ADVANCED_FACE('',(#7572),#7583,.F.);
#7572 = FACE_BOUND('',#7573,.T.);
#7573 = EDGE_LOOP('',(#7574,#7575,#7581,#7582));
#7574 = ORIENTED_EDGE('',*,*,#4822,.T.);
#7575 = ORIENTED_EDGE('',*,*,#7576,.T.);
#7576 = EDGE_CURVE('',#4823,#5919,#7577,.T.);
#7577 = LINE('',#7578,#7579);
#7578 = CARTESIAN_POINT('',(119.38,-62.5,-4.6E-02));
#7579 = VECTOR('',#7580,1.);
#7580 = DIRECTION('',(0.,0.,1.));
#7581 = ORIENTED_EDGE('',*,*,#5918,.F.);
#7582 = ORIENTED_EDGE('',*,*,#7576,.F.);
#7583 = CYLINDRICAL_SURFACE('',#7584,2.);
#7584 = AXIS2_PLACEMENT_3D('',#7585,#7586,#7587);
#7585 = CARTESIAN_POINT('',(119.38,-60.5,-4.6E-02));
#7586 = DIRECTION('',(-0.,-0.,-1.));
#7587 = DIRECTION('',(-0.,-1.,0.));
#7588 = ADVANCED_FACE('',(#7589),#7600,.F.);
#7589 = FACE_BOUND('',#7590,.T.);
#7590 = EDGE_LOOP('',(#7591,#7592,#7598,#7599));
#7591 = ORIENTED_EDGE('',*,*,#4833,.T.);
#7592 = ORIENTED_EDGE('',*,*,#7593,.T.);
#7593 = EDGE_CURVE('',#4834,#5930,#7594,.T.);
#7594 = LINE('',#7595,#7596);
#7595 = CARTESIAN_POINT('',(124.46,-61.35,-4.6E-02));
#7596 = VECTOR('',#7597,1.);
#7597 = DIRECTION('',(0.,0.,1.));
#7598 = ORIENTED_EDGE('',*,*,#5929,.F.);
#7599 = ORIENTED_EDGE('',*,*,#7593,.F.);
#7600 = CYLINDRICAL_SURFACE('',#7601,0.85);
#7601 = AXIS2_PLACEMENT_3D('',#7602,#7603,#7604);
#7602 = CARTESIAN_POINT('',(124.46,-60.5,-4.6E-02));
#7603 = DIRECTION('',(-0.,-0.,-1.));
#7604 = DIRECTION('',(-1.671865260612E-14,-1.,0.));
#7605 = ADVANCED_FACE('',(#7606),#7617,.F.);
#7606 = FACE_BOUND('',#7607,.T.);
#7607 = EDGE_LOOP('',(#7608,#7609,#7615,#7616));
#7608 = ORIENTED_EDGE('',*,*,#4844,.T.);
#7609 = ORIENTED_EDGE('',*,*,#7610,.T.);
#7610 = EDGE_CURVE('',#4845,#5941,#7611,.T.);
#7611 = LINE('',#7612,#7613);
#7612 = CARTESIAN_POINT('',(129.54,-60.9,-4.6E-02));
#7613 = VECTOR('',#7614,1.);
#7614 = DIRECTION('',(0.,0.,1.));
#7615 = ORIENTED_EDGE('',*,*,#5940,.F.);
#7616 = ORIENTED_EDGE('',*,*,#7610,.F.);
#7617 = CYLINDRICAL_SURFACE('',#7618,0.4);
#7618 = AXIS2_PLACEMENT_3D('',#7619,#7620,#7621);
#7619 = CARTESIAN_POINT('',(129.54,-60.5,-4.6E-02));
#7620 = DIRECTION('',(-0.,-0.,-1.));
#7621 = DIRECTION('',(-0.,-1.,0.));
#7622 = ADVANCED_FACE('',(#7623),#7634,.F.);
#7623 = FACE_BOUND('',#7624,.T.);
#7624 = EDGE_LOOP('',(#7625,#7626,#7632,#7633));
#7625 = ORIENTED_EDGE('',*,*,#4855,.T.);
#7626 = ORIENTED_EDGE('',*,*,#7627,.T.);
#7627 = EDGE_CURVE('',#4856,#5952,#7628,.T.);
#7628 = LINE('',#7629,#7630);
#7629 = CARTESIAN_POINT('',(115.57,-58.71,-4.6E-02));
#7630 = VECTOR('',#7631,1.);
#7631 = DIRECTION('',(0.,0.,1.));
#7632 = ORIENTED_EDGE('',*,*,#5951,.F.);
#7633 = ORIENTED_EDGE('',*,*,#7627,.F.);
#7634 = CYLINDRICAL_SURFACE('',#7635,0.75);
#7635 = AXIS2_PLACEMENT_3D('',#7636,#7637,#7638);
#7636 = CARTESIAN_POINT('',(115.57,-57.96,-4.6E-02));
#7637 = DIRECTION('',(-0.,-0.,-1.));
#7638 = DIRECTION('',(-0.,-1.,0.));
#7639 = ADVANCED_FACE('',(#7640),#7651,.F.);
#7640 = FACE_BOUND('',#7641,.T.);
#7641 = EDGE_LOOP('',(#7642,#7643,#7649,#7650));
#7642 = ORIENTED_EDGE('',*,*,#4866,.T.);
#7643 = ORIENTED_EDGE('',*,*,#7644,.T.);
#7644 = EDGE_CURVE('',#4867,#5963,#7645,.T.);
#7645 = LINE('',#7646,#7647);
#7646 = CARTESIAN_POINT('',(121.92,-56.17,-4.6E-02));
#7647 = VECTOR('',#7648,1.);
#7648 = DIRECTION('',(0.,0.,1.));
#7649 = ORIENTED_EDGE('',*,*,#5962,.F.);
#7650 = ORIENTED_EDGE('',*,*,#7644,.F.);
#7651 = CYLINDRICAL_SURFACE('',#7652,0.75);
#7652 = AXIS2_PLACEMENT_3D('',#7653,#7654,#7655);
#7653 = CARTESIAN_POINT('',(121.92,-55.42,-4.6E-02));
#7654 = DIRECTION('',(-0.,-0.,-1.));
#7655 = DIRECTION('',(-0.,-1.,0.));
#7656 = ADVANCED_FACE('',(#7657),#7668,.F.);
#7657 = FACE_BOUND('',#7658,.T.);
#7658 = EDGE_LOOP('',(#7659,#7660,#7666,#7667));
#7659 = ORIENTED_EDGE('',*,*,#4877,.T.);
#7660 = ORIENTED_EDGE('',*,*,#7661,.T.);
#7661 = EDGE_CURVE('',#4878,#5974,#7662,.T.);
#7662 = LINE('',#7663,#7664);
#7663 = CARTESIAN_POINT('',(151.13,-68.01,-4.6E-02));
#7664 = VECTOR('',#7665,1.);
#7665 = DIRECTION('',(0.,0.,1.));
#7666 = ORIENTED_EDGE('',*,*,#5973,.F.);
#7667 = ORIENTED_EDGE('',*,*,#7661,.F.);
#7668 = CYLINDRICAL_SURFACE('',#7669,0.55);
#7669 = AXIS2_PLACEMENT_3D('',#7670,#7671,#7672);
#7670 = CARTESIAN_POINT('',(151.13,-67.46,-4.6E-02));
#7671 = DIRECTION('',(-0.,-0.,-1.));
#7672 = DIRECTION('',(-0.,-1.,0.));
#7673 = ADVANCED_FACE('',(#7674),#7685,.F.);
#7674 = FACE_BOUND('',#7675,.T.);
#7675 = EDGE_LOOP('',(#7676,#7677,#7683,#7684));
#7676 = ORIENTED_EDGE('',*,*,#4888,.T.);
#7677 = ORIENTED_EDGE('',*,*,#7678,.T.);
#7678 = EDGE_CURVE('',#4889,#5985,#7679,.T.);
#7679 = LINE('',#7680,#7681);
#7680 = CARTESIAN_POINT('',(155.63,-68.01,-4.6E-02));
#7681 = VECTOR('',#7682,1.);
#7682 = DIRECTION('',(0.,0.,1.));
#7683 = ORIENTED_EDGE('',*,*,#5984,.F.);
#7684 = ORIENTED_EDGE('',*,*,#7678,.F.);
#7685 = CYLINDRICAL_SURFACE('',#7686,0.55);
#7686 = AXIS2_PLACEMENT_3D('',#7687,#7688,#7689);
#7687 = CARTESIAN_POINT('',(155.63,-67.46,-4.6E-02));
#7688 = DIRECTION('',(-0.,-0.,-1.));
#7689 = DIRECTION('',(-0.,-1.,0.));
#7690 = ADVANCED_FACE('',(#7691),#7702,.F.);
#7691 = FACE_BOUND('',#7692,.T.);
#7692 = EDGE_LOOP('',(#7693,#7694,#7700,#7701));
#7693 = ORIENTED_EDGE('',*,*,#4899,.T.);
#7694 = ORIENTED_EDGE('',*,*,#7695,.T.);
#7695 = EDGE_CURVE('',#4900,#5996,#7696,.T.);
#7696 = LINE('',#7697,#7698);
#7697 = CARTESIAN_POINT('',(151.13,-61.51,-4.6E-02));
#7698 = VECTOR('',#7699,1.);
#7699 = DIRECTION('',(0.,0.,1.));
#7700 = ORIENTED_EDGE('',*,*,#5995,.F.);
#7701 = ORIENTED_EDGE('',*,*,#7695,.F.);
#7702 = CYLINDRICAL_SURFACE('',#7703,0.55);
#7703 = AXIS2_PLACEMENT_3D('',#7704,#7705,#7706);
#7704 = CARTESIAN_POINT('',(151.13,-60.96,-4.6E-02));
#7705 = DIRECTION('',(-0.,-0.,-1.));
#7706 = DIRECTION('',(-0.,-1.,0.));
#7707 = ADVANCED_FACE('',(#7708),#7719,.F.);
#7708 = FACE_BOUND('',#7709,.T.);
#7709 = EDGE_LOOP('',(#7710,#7711,#7717,#7718));
#7710 = ORIENTED_EDGE('',*,*,#4910,.T.);
#7711 = ORIENTED_EDGE('',*,*,#7712,.T.);
#7712 = EDGE_CURVE('',#4911,#6007,#7713,.T.);
#7713 = LINE('',#7714,#7715);
#7714 = CARTESIAN_POINT('',(155.63,-61.51,-4.6E-02));
#7715 = VECTOR('',#7716,1.);
#7716 = DIRECTION('',(0.,0.,1.));
#7717 = ORIENTED_EDGE('',*,*,#6006,.F.);
#7718 = ORIENTED_EDGE('',*,*,#7712,.F.);
#7719 = CYLINDRICAL_SURFACE('',#7720,0.55);
#7720 = AXIS2_PLACEMENT_3D('',#7721,#7722,#7723);
#7721 = CARTESIAN_POINT('',(155.63,-60.96,-4.6E-02));
#7722 = DIRECTION('',(-0.,-0.,-1.));
#7723 = DIRECTION('',(-0.,-1.,0.));
#7724 = ADVANCED_FACE('',(#7725),#7736,.F.);
#7725 = FACE_BOUND('',#7726,.T.);
#7726 = EDGE_LOOP('',(#7727,#7728,#7734,#7735));
#7727 = ORIENTED_EDGE('',*,*,#4921,.T.);
#7728 = ORIENTED_EDGE('',*,*,#7729,.T.);
#7729 = EDGE_CURVE('',#4922,#6018,#7730,.T.);
#7730 = LINE('',#7731,#7732);
#7731 = CARTESIAN_POINT('',(137.16,-53.9,-4.6E-02));
#7732 = VECTOR('',#7733,1.);
#7733 = DIRECTION('',(0.,0.,1.));
#7734 = ORIENTED_EDGE('',*,*,#6017,.F.);
#7735 = ORIENTED_EDGE('',*,*,#7729,.F.);
#7736 = CYLINDRICAL_SURFACE('',#7737,0.5);
#7737 = AXIS2_PLACEMENT_3D('',#7738,#7739,#7740);
#7738 = CARTESIAN_POINT('',(137.16,-53.4,-4.6E-02));
#7739 = DIRECTION('',(-0.,-0.,-1.));
#7740 = DIRECTION('',(-0.,-1.,0.));
#7741 = ADVANCED_FACE('',(#7742),#7753,.F.);
#7742 = FACE_BOUND('',#7743,.T.);
#7743 = EDGE_LOOP('',(#7744,#7745,#7751,#7752));
#7744 = ORIENTED_EDGE('',*,*,#4932,.T.);
#7745 = ORIENTED_EDGE('',*,*,#7746,.T.);
#7746 = EDGE_CURVE('',#4933,#6029,#7747,.T.);
#7747 = LINE('',#7748,#7749);
#7748 = CARTESIAN_POINT('',(139.7,-53.9,-4.6E-02));
#7749 = VECTOR('',#7750,1.);
#7750 = DIRECTION('',(0.,0.,1.));
#7751 = ORIENTED_EDGE('',*,*,#6028,.F.);
#7752 = ORIENTED_EDGE('',*,*,#7746,.F.);
#7753 = CYLINDRICAL_SURFACE('',#7754,0.5);
#7754 = AXIS2_PLACEMENT_3D('',#7755,#7756,#7757);
#7755 = CARTESIAN_POINT('',(139.7,-53.4,-4.6E-02));
#7756 = DIRECTION('',(-0.,-0.,-1.));
#7757 = DIRECTION('',(-0.,-1.,0.));
#7758 = ADVANCED_FACE('',(#7759),#7770,.F.);
#7759 = FACE_BOUND('',#7760,.T.);
#7760 = EDGE_LOOP('',(#7761,#7762,#7768,#7769));
#7761 = ORIENTED_EDGE('',*,*,#4943,.T.);
#7762 = ORIENTED_EDGE('',*,*,#7763,.T.);
#7763 = EDGE_CURVE('',#4944,#6040,#7764,.T.);
#7764 = LINE('',#7765,#7766);
#7765 = CARTESIAN_POINT('',(142.24,-53.9,-4.6E-02));
#7766 = VECTOR('',#7767,1.);
#7767 = DIRECTION('',(0.,0.,1.));
#7768 = ORIENTED_EDGE('',*,*,#6039,.F.);
#7769 = ORIENTED_EDGE('',*,*,#7763,.F.);
#7770 = CYLINDRICAL_SURFACE('',#7771,0.5);
#7771 = AXIS2_PLACEMENT_3D('',#7772,#7773,#7774);
#7772 = CARTESIAN_POINT('',(142.24,-53.4,-4.6E-02));
#7773 = DIRECTION('',(-0.,-0.,-1.));
#7774 = DIRECTION('',(-0.,-1.,0.));
#7775 = ADVANCED_FACE('',(#7776),#7787,.F.);
#7776 = FACE_BOUND('',#7777,.T.);
#7777 = EDGE_LOOP('',(#7778,#7779,#7785,#7786));
#7778 = ORIENTED_EDGE('',*,*,#4954,.T.);
#7779 = ORIENTED_EDGE('',*,*,#7780,.T.);
#7780 = EDGE_CURVE('',#4955,#6051,#7781,.T.);
#7781 = LINE('',#7782,#7783);
#7782 = CARTESIAN_POINT('',(144.78,-53.9,-4.6E-02));
#7783 = VECTOR('',#7784,1.);
#7784 = DIRECTION('',(0.,0.,1.));
#7785 = ORIENTED_EDGE('',*,*,#6050,.F.);
#7786 = ORIENTED_EDGE('',*,*,#7780,.F.);
#7787 = CYLINDRICAL_SURFACE('',#7788,0.5);
#7788 = AXIS2_PLACEMENT_3D('',#7789,#7790,#7791);
#7789 = CARTESIAN_POINT('',(144.78,-53.4,-4.6E-02));
#7790 = DIRECTION('',(-0.,-0.,-1.));
#7791 = DIRECTION('',(-0.,-1.,0.));
#7792 = ( GEOMETRIC_REPRESENTATION_CONTEXT(3) 
GLOBAL_UNCERTAINTY_ASSIGNED_CONTEXT((#7796)) 
GLOBAL_UNIT_ASSIGNED_CONTEXT((#7793,#7794,#7795)) REPRESENTATION_CONTEXT
('Context #1','3D Context with UNIT and UNCERTAINTY') );
#7793 = ( LENGTH_UNIT() NAMED_UNIT(*) SI_UNIT(.MILLI.,.METRE.) );
#7794 = ( NAMED_UNIT(*) PLANE_ANGLE_UNIT() SI_UNIT($,.RADIAN.) );
#7795 = ( NAMED_UNIT(*) SI_UNIT($,.STERADIAN.) SOLID_ANGLE_UNIT() );
#7796 = UNCERTAINTY_MEASURE_WITH_UNIT(LENGTH_MEASURE(1.E-07),#7793,
  'distance_accuracy_value','confusion accuracy');
#7797 = CONTEXT_DEPENDENT_SHAPE_REPRESENTATION(#7798,#7800);
#7798 = ( REPRESENTATION_RELATIONSHIP('','',#3766,#10) 
REPRESENTATION_RELATIONSHIP_WITH_TRANSFORMATION(#7799) 
SHAPE_REPRESENTATION_RELATIONSHIP() );
#7799 = ITEM_DEFINED_TRANSFORMATION('','',#11,#51);
#7800 = PRODUCT_DEFINITION_SHAPE('Placement','Placement of an item',
  #7801);
#7801 = NEXT_ASSEMBLY_USAGE_OCCURRENCE('12','=>[0:1:1:6]','',#5,#3761,$
  );
#7802 = PRODUCT_RELATED_PRODUCT_CATEGORY('part',$,(#3763));
#7803 = MECHANICAL_DESIGN_GEOMETRIC_PRESENTATION_REPRESENTATION('',(
    #7804,#7812,#7819,#7827,#7834,#7841,#7848,#7855,#7862,#7869,#7876,
    #7883,#7890,#7897,#7904,#7911,#7918,#7925,#7932,#7939,#7946,#7953,
    #7960,#7967,#7974,#7981,#7988,#7995,#8002,#8009,#8016,#8023,#8030,
    #8037,#8044,#8051,#8058,#8065,#8072,#8079,#8086,#8093,#8100,#8107,
    #8114,#8121,#8128,#8135,#8142,#8149,#8156,#8163,#8170,#8177,#8184,
    #8191,#8198,#8205,#8212,#8219,#8226,#8233,#8240,#8247,#8254,#8261,
    #8268,#8275,#8282,#8289,#8296,#8303,#8310,#8317,#8324,#8331,#8338,
    #8345,#8352,#8359,#8366,#8373,#8380,#8387,#8394,#8401,#8408,#8415,
    #8422,#8429,#8436,#8443,#8450,#8457,#8464,#8471,#8478,#8485,#8492,
    #8499,#8506,#8513,#8520,#8527,#8534),#3728);
#7804 = STYLED_ITEM('color',(#7805),#501);
#7805 = PRESENTATION_STYLE_ASSIGNMENT((#7806));
#7806 = SURFACE_STYLE_USAGE(.BOTH.,#7807);
#7807 = SURFACE_SIDE_STYLE('',(#7808));
#7808 = SURFACE_STYLE_FILL_AREA(#7809);
#7809 = FILL_AREA_STYLE('',(#7810));
#7810 = FILL_AREA_STYLE_COLOUR('',#7811);
#7811 = COLOUR_RGB('',0.147999998088,0.144999993226,0.144999993226);
#7812 = STYLED_ITEM('color',(#7813),#518);
#7813 = PRESENTATION_STYLE_ASSIGNMENT((#7814));
#7814 = SURFACE_STYLE_USAGE(.BOTH.,#7815);
#7815 = SURFACE_SIDE_STYLE('',(#7816));
#7816 = SURFACE_STYLE_FILL_AREA(#7817);
#7817 = FILL_AREA_STYLE('',(#7818));
#7818 = FILL_AREA_STYLE_COLOUR('',#7811);
#7819 = STYLED_ITEM('color',(#7820),#543);
#7820 = PRESENTATION_STYLE_ASSIGNMENT((#7821));
#7821 = SURFACE_STYLE_USAGE(.BOTH.,#7822);
#7822 = SURFACE_SIDE_STYLE('',(#7823));
#7823 = SURFACE_STYLE_FILL_AREA(#7824);
#7824 = FILL_AREA_STYLE('',(#7825));
#7825 = FILL_AREA_STYLE_COLOUR('',#7826);
#7826 = COLOUR_RGB('',0.823999987314,0.819999987296,0.781000009244);
#7827 = STYLED_ITEM('color',(#7828),#666);
#7828 = PRESENTATION_STYLE_ASSIGNMENT((#7829));
#7829 = SURFACE_STYLE_USAGE(.BOTH.,#7830);
#7830 = SURFACE_SIDE_STYLE('',(#7831));
#7831 = SURFACE_STYLE_FILL_AREA(#7832);
#7832 = FILL_AREA_STYLE('',(#7833));
#7833 = FILL_AREA_STYLE_COLOUR('',#7826);
#7834 = STYLED_ITEM('color',(#7835),#697);
#7835 = PRESENTATION_STYLE_ASSIGNMENT((#7836));
#7836 = SURFACE_STYLE_USAGE(.BOTH.,#7837);
#7837 = SURFACE_SIDE_STYLE('',(#7838));
#7838 = SURFACE_STYLE_FILL_AREA(#7839);
#7839 = FILL_AREA_STYLE('',(#7840));
#7840 = FILL_AREA_STYLE_COLOUR('',#7826);
#7841 = STYLED_ITEM('color',(#7842),#722);
#7842 = PRESENTATION_STYLE_ASSIGNMENT((#7843));
#7843 = SURFACE_STYLE_USAGE(.BOTH.,#7844);
#7844 = SURFACE_SIDE_STYLE('',(#7845));
#7845 = SURFACE_STYLE_FILL_AREA(#7846);
#7846 = FILL_AREA_STYLE('',(#7847));
#7847 = FILL_AREA_STYLE_COLOUR('',#7826);
#7848 = STYLED_ITEM('color',(#7849),#747);
#7849 = PRESENTATION_STYLE_ASSIGNMENT((#7850));
#7850 = SURFACE_STYLE_USAGE(.BOTH.,#7851);
#7851 = SURFACE_SIDE_STYLE('',(#7852));
#7852 = SURFACE_STYLE_FILL_AREA(#7853);
#7853 = FILL_AREA_STYLE('',(#7854));
#7854 = FILL_AREA_STYLE_COLOUR('',#7826);
#7855 = STYLED_ITEM('color',(#7856),#771);
#7856 = PRESENTATION_STYLE_ASSIGNMENT((#7857));
#7857 = SURFACE_STYLE_USAGE(.BOTH.,#7858);
#7858 = SURFACE_SIDE_STYLE('',(#7859));
#7859 = SURFACE_STYLE_FILL_AREA(#7860);
#7860 = FILL_AREA_STYLE('',(#7861));
#7861 = FILL_AREA_STYLE_COLOUR('',#7826);
#7862 = STYLED_ITEM('color',(#7863),#795);
#7863 = PRESENTATION_STYLE_ASSIGNMENT((#7864));
#7864 = SURFACE_STYLE_USAGE(.BOTH.,#7865);
#7865 = SURFACE_SIDE_STYLE('',(#7866));
#7866 = SURFACE_STYLE_FILL_AREA(#7867);
#7867 = FILL_AREA_STYLE('',(#7868));
#7868 = FILL_AREA_STYLE_COLOUR('',#7826);
#7869 = STYLED_ITEM('color',(#7870),#820);
#7870 = PRESENTATION_STYLE_ASSIGNMENT((#7871));
#7871 = SURFACE_STYLE_USAGE(.BOTH.,#7872);
#7872 = SURFACE_SIDE_STYLE('',(#7873));
#7873 = SURFACE_STYLE_FILL_AREA(#7874);
#7874 = FILL_AREA_STYLE('',(#7875));
#7875 = FILL_AREA_STYLE_COLOUR('',#7826);
#7876 = STYLED_ITEM('color',(#7877),#845);
#7877 = PRESENTATION_STYLE_ASSIGNMENT((#7878));
#7878 = SURFACE_STYLE_USAGE(.BOTH.,#7879);
#7879 = SURFACE_SIDE_STYLE('',(#7880));
#7880 = SURFACE_STYLE_FILL_AREA(#7881);
#7881 = FILL_AREA_STYLE('',(#7882));
#7882 = FILL_AREA_STYLE_COLOUR('',#7826);
#7883 = STYLED_ITEM('color',(#7884),#862);
#7884 = PRESENTATION_STYLE_ASSIGNMENT((#7885));
#7885 = SURFACE_STYLE_USAGE(.BOTH.,#7886);
#7886 = SURFACE_SIDE_STYLE('',(#7887));
#7887 = SURFACE_STYLE_FILL_AREA(#7888);
#7888 = FILL_AREA_STYLE('',(#7889));
#7889 = FILL_AREA_STYLE_COLOUR('',#7811);
#7890 = STYLED_ITEM('color',(#7891),#887);
#7891 = PRESENTATION_STYLE_ASSIGNMENT((#7892));
#7892 = SURFACE_STYLE_USAGE(.BOTH.,#7893);
#7893 = SURFACE_SIDE_STYLE('',(#7894));
#7894 = SURFACE_STYLE_FILL_AREA(#7895);
#7895 = FILL_AREA_STYLE('',(#7896));
#7896 = FILL_AREA_STYLE_COLOUR('',#7811);
#7897 = STYLED_ITEM('color',(#7898),#912);
#7898 = PRESENTATION_STYLE_ASSIGNMENT((#7899));
#7899 = SURFACE_STYLE_USAGE(.BOTH.,#7900);
#7900 = SURFACE_SIDE_STYLE('',(#7901));
#7901 = SURFACE_STYLE_FILL_AREA(#7902);
#7902 = FILL_AREA_STYLE('',(#7903));
#7903 = FILL_AREA_STYLE_COLOUR('',#7811);
#7904 = STYLED_ITEM('color',(#7905),#937);
#7905 = PRESENTATION_STYLE_ASSIGNMENT((#7906));
#7906 = SURFACE_STYLE_USAGE(.BOTH.,#7907);
#7907 = SURFACE_SIDE_STYLE('',(#7908));
#7908 = SURFACE_STYLE_FILL_AREA(#7909);
#7909 = FILL_AREA_STYLE('',(#7910));
#7910 = FILL_AREA_STYLE_COLOUR('',#7811);
#7911 = STYLED_ITEM('color',(#7912),#962);
#7912 = PRESENTATION_STYLE_ASSIGNMENT((#7913));
#7913 = SURFACE_STYLE_USAGE(.BOTH.,#7914);
#7914 = SURFACE_SIDE_STYLE('',(#7915));
#7915 = SURFACE_STYLE_FILL_AREA(#7916);
#7916 = FILL_AREA_STYLE('',(#7917));
#7917 = FILL_AREA_STYLE_COLOUR('',#7811);
#7918 = STYLED_ITEM('color',(#7919),#993);
#7919 = PRESENTATION_STYLE_ASSIGNMENT((#7920));
#7920 = SURFACE_STYLE_USAGE(.BOTH.,#7921);
#7921 = SURFACE_SIDE_STYLE('',(#7922));
#7922 = SURFACE_STYLE_FILL_AREA(#7923);
#7923 = FILL_AREA_STYLE('',(#7924));
#7924 = FILL_AREA_STYLE_COLOUR('',#7811);
#7925 = STYLED_ITEM('color',(#7926),#1018);
#7926 = PRESENTATION_STYLE_ASSIGNMENT((#7927));
#7927 = SURFACE_STYLE_USAGE(.BOTH.,#7928);
#7928 = SURFACE_SIDE_STYLE('',(#7929));
#7929 = SURFACE_STYLE_FILL_AREA(#7930);
#7930 = FILL_AREA_STYLE('',(#7931));
#7931 = FILL_AREA_STYLE_COLOUR('',#7811);
#7932 = STYLED_ITEM('color',(#7933),#1043);
#7933 = PRESENTATION_STYLE_ASSIGNMENT((#7934));
#7934 = SURFACE_STYLE_USAGE(.BOTH.,#7935);
#7935 = SURFACE_SIDE_STYLE('',(#7936));
#7936 = SURFACE_STYLE_FILL_AREA(#7937);
#7937 = FILL_AREA_STYLE('',(#7938));
#7938 = FILL_AREA_STYLE_COLOUR('',#7811);
#7939 = STYLED_ITEM('color',(#7940),#1131);
#7940 = PRESENTATION_STYLE_ASSIGNMENT((#7941));
#7941 = SURFACE_STYLE_USAGE(.BOTH.,#7942);
#7942 = SURFACE_SIDE_STYLE('',(#7943));
#7943 = SURFACE_STYLE_FILL_AREA(#7944);
#7944 = FILL_AREA_STYLE('',(#7945));
#7945 = FILL_AREA_STYLE_COLOUR('',#7811);
#7946 = STYLED_ITEM('color',(#7947),#1219);
#7947 = PRESENTATION_STYLE_ASSIGNMENT((#7948));
#7948 = SURFACE_STYLE_USAGE(.BOTH.,#7949);
#7949 = SURFACE_SIDE_STYLE('',(#7950));
#7950 = SURFACE_STYLE_FILL_AREA(#7951);
#7951 = FILL_AREA_STYLE('',(#7952));
#7952 = FILL_AREA_STYLE_COLOUR('',#7811);
#7953 = STYLED_ITEM('color',(#7954),#1244);
#7954 = PRESENTATION_STYLE_ASSIGNMENT((#7955));
#7955 = SURFACE_STYLE_USAGE(.BOTH.,#7956);
#7956 = SURFACE_SIDE_STYLE('',(#7957));
#7957 = SURFACE_STYLE_FILL_AREA(#7958);
#7958 = FILL_AREA_STYLE('',(#7959));
#7959 = FILL_AREA_STYLE_COLOUR('',#7811);
#7960 = STYLED_ITEM('color',(#7961),#1269);
#7961 = PRESENTATION_STYLE_ASSIGNMENT((#7962));
#7962 = SURFACE_STYLE_USAGE(.BOTH.,#7963);
#7963 = SURFACE_SIDE_STYLE('',(#7964));
#7964 = SURFACE_STYLE_FILL_AREA(#7965);
#7965 = FILL_AREA_STYLE('',(#7966));
#7966 = FILL_AREA_STYLE_COLOUR('',#7811);
#7967 = STYLED_ITEM('color',(#7968),#1286);
#7968 = PRESENTATION_STYLE_ASSIGNMENT((#7969));
#7969 = SURFACE_STYLE_USAGE(.BOTH.,#7970);
#7970 = SURFACE_SIDE_STYLE('',(#7971));
#7971 = SURFACE_STYLE_FILL_AREA(#7972);
#7972 = FILL_AREA_STYLE('',(#7973));
#7973 = FILL_AREA_STYLE_COLOUR('',#7811);
#7974 = STYLED_ITEM('color',(#7975),#1295);
#7975 = PRESENTATION_STYLE_ASSIGNMENT((#7976));
#7976 = SURFACE_STYLE_USAGE(.BOTH.,#7977);
#7977 = SURFACE_SIDE_STYLE('',(#7978));
#7978 = SURFACE_STYLE_FILL_AREA(#7979);
#7979 = FILL_AREA_STYLE('',(#7980));
#7980 = FILL_AREA_STYLE_COLOUR('',#7811);
#7981 = STYLED_ITEM('color',(#7982),#1321);
#7982 = PRESENTATION_STYLE_ASSIGNMENT((#7983));
#7983 = SURFACE_STYLE_USAGE(.BOTH.,#7984);
#7984 = SURFACE_SIDE_STYLE('',(#7985));
#7985 = SURFACE_STYLE_FILL_AREA(#7986);
#7986 = FILL_AREA_STYLE('',(#7987));
#7987 = FILL_AREA_STYLE_COLOUR('',#7811);
#7988 = STYLED_ITEM('color',(#7989),#1330);
#7989 = PRESENTATION_STYLE_ASSIGNMENT((#7990));
#7990 = SURFACE_STYLE_USAGE(.BOTH.,#7991);
#7991 = SURFACE_SIDE_STYLE('',(#7992));
#7992 = SURFACE_STYLE_FILL_AREA(#7993);
#7993 = FILL_AREA_STYLE('',(#7994));
#7994 = FILL_AREA_STYLE_COLOUR('',#7811);
#7995 = STYLED_ITEM('color',(#7996),#1339);
#7996 = PRESENTATION_STYLE_ASSIGNMENT((#7997));
#7997 = SURFACE_STYLE_USAGE(.BOTH.,#7998);
#7998 = SURFACE_SIDE_STYLE('',(#7999));
#7999 = SURFACE_STYLE_FILL_AREA(#8000);
#8000 = FILL_AREA_STYLE('',(#8001));
#8001 = FILL_AREA_STYLE_COLOUR('',#7811);
#8002 = STYLED_ITEM('color',(#8003),#1383);
#8003 = PRESENTATION_STYLE_ASSIGNMENT((#8004));
#8004 = SURFACE_STYLE_USAGE(.BOTH.,#8005);
#8005 = SURFACE_SIDE_STYLE('',(#8006));
#8006 = SURFACE_STYLE_FILL_AREA(#8007);
#8007 = FILL_AREA_STYLE('',(#8008));
#8008 = FILL_AREA_STYLE_COLOUR('',#7826);
#8009 = STYLED_ITEM('color',(#8010),#1533);
#8010 = PRESENTATION_STYLE_ASSIGNMENT((#8011));
#8011 = SURFACE_STYLE_USAGE(.BOTH.,#8012);
#8012 = SURFACE_SIDE_STYLE('',(#8013));
#8013 = SURFACE_STYLE_FILL_AREA(#8014);
#8014 = FILL_AREA_STYLE('',(#8015));
#8015 = FILL_AREA_STYLE_COLOUR('',#7826);
#8016 = STYLED_ITEM('color',(#8017),#1557);
#8017 = PRESENTATION_STYLE_ASSIGNMENT((#8018));
#8018 = SURFACE_STYLE_USAGE(.BOTH.,#8019);
#8019 = SURFACE_SIDE_STYLE('',(#8020));
#8020 = SURFACE_STYLE_FILL_AREA(#8021);
#8021 = FILL_AREA_STYLE('',(#8022));
#8022 = FILL_AREA_STYLE_COLOUR('',#7826);
#8023 = STYLED_ITEM('color',(#8024),#1700);
#8024 = PRESENTATION_STYLE_ASSIGNMENT((#8025));
#8025 = SURFACE_STYLE_USAGE(.BOTH.,#8026);
#8026 = SURFACE_SIDE_STYLE('',(#8027));
#8027 = SURFACE_STYLE_FILL_AREA(#8028);
#8028 = FILL_AREA_STYLE('',(#8029));
#8029 = FILL_AREA_STYLE_COLOUR('',#7826);
#8030 = STYLED_ITEM('color',(#8031),#1850);
#8031 = PRESENTATION_STYLE_ASSIGNMENT((#8032));
#8032 = SURFACE_STYLE_USAGE(.BOTH.,#8033);
#8033 = SURFACE_SIDE_STYLE('',(#8034));
#8034 = SURFACE_STYLE_FILL_AREA(#8035);
#8035 = FILL_AREA_STYLE('',(#8036));
#8036 = FILL_AREA_STYLE_COLOUR('',#7826);
#8037 = STYLED_ITEM('color',(#8038),#2000);
#8038 = PRESENTATION_STYLE_ASSIGNMENT((#8039));
#8039 = SURFACE_STYLE_USAGE(.BOTH.,#8040);
#8040 = SURFACE_SIDE_STYLE('',(#8041));
#8041 = SURFACE_STYLE_FILL_AREA(#8042);
#8042 = FILL_AREA_STYLE('',(#8043));
#8043 = FILL_AREA_STYLE_COLOUR('',#7826);
#8044 = STYLED_ITEM('color',(#8045),#2017);
#8045 = PRESENTATION_STYLE_ASSIGNMENT((#8046));
#8046 = SURFACE_STYLE_USAGE(.BOTH.,#8047);
#8047 = SURFACE_SIDE_STYLE('',(#8048));
#8048 = SURFACE_STYLE_FILL_AREA(#8049);
#8049 = FILL_AREA_STYLE('',(#8050));
#8050 = FILL_AREA_STYLE_COLOUR('',#7826);
#8051 = STYLED_ITEM('color',(#8052),#2167);
#8052 = PRESENTATION_STYLE_ASSIGNMENT((#8053));
#8053 = SURFACE_STYLE_USAGE(.BOTH.,#8054);
#8054 = SURFACE_SIDE_STYLE('',(#8055));
#8055 = SURFACE_STYLE_FILL_AREA(#8056);
#8056 = FILL_AREA_STYLE('',(#8057));
#8057 = FILL_AREA_STYLE_COLOUR('',#7826);
#8058 = STYLED_ITEM('color',(#8059),#2191);
#8059 = PRESENTATION_STYLE_ASSIGNMENT((#8060));
#8060 = SURFACE_STYLE_USAGE(.BOTH.,#8061);
#8061 = SURFACE_SIDE_STYLE('',(#8062));
#8062 = SURFACE_STYLE_FILL_AREA(#8063);
#8063 = FILL_AREA_STYLE('',(#8064));
#8064 = FILL_AREA_STYLE_COLOUR('',#7826);
#8065 = STYLED_ITEM('color',(#8066),#2334);
#8066 = PRESENTATION_STYLE_ASSIGNMENT((#8067));
#8067 = SURFACE_STYLE_USAGE(.BOTH.,#8068);
#8068 = SURFACE_SIDE_STYLE('',(#8069));
#8069 = SURFACE_STYLE_FILL_AREA(#8070);
#8070 = FILL_AREA_STYLE('',(#8071));
#8071 = FILL_AREA_STYLE_COLOUR('',#7826);
#8072 = STYLED_ITEM('color',(#8073),#2484);
#8073 = PRESENTATION_STYLE_ASSIGNMENT((#8074));
#8074 = SURFACE_STYLE_USAGE(.BOTH.,#8075);
#8075 = SURFACE_SIDE_STYLE('',(#8076));
#8076 = SURFACE_STYLE_FILL_AREA(#8077);
#8077 = FILL_AREA_STYLE('',(#8078));
#8078 = FILL_AREA_STYLE_COLOUR('',#7826);
#8079 = STYLED_ITEM('color',(#8080),#2634);
#8080 = PRESENTATION_STYLE_ASSIGNMENT((#8081));
#8081 = SURFACE_STYLE_USAGE(.BOTH.,#8082);
#8082 = SURFACE_SIDE_STYLE('',(#8083));
#8083 = SURFACE_STYLE_FILL_AREA(#8084);
#8084 = FILL_AREA_STYLE('',(#8085));
#8085 = FILL_AREA_STYLE_COLOUR('',#7826);
#8086 = STYLED_ITEM('color',(#8087),#2651);
#8087 = PRESENTATION_STYLE_ASSIGNMENT((#8088));
#8088 = SURFACE_STYLE_USAGE(.BOTH.,#8089);
#8089 = SURFACE_SIDE_STYLE('',(#8090));
#8090 = SURFACE_STYLE_FILL_AREA(#8091);
#8091 = FILL_AREA_STYLE('',(#8092));
#8092 = FILL_AREA_STYLE_COLOUR('',#7811);
#8093 = STYLED_ITEM('color',(#8094),#2660);
#8094 = PRESENTATION_STYLE_ASSIGNMENT((#8095));
#8095 = SURFACE_STYLE_USAGE(.BOTH.,#8096);
#8096 = SURFACE_SIDE_STYLE('',(#8097));
#8097 = SURFACE_STYLE_FILL_AREA(#8098);
#8098 = FILL_AREA_STYLE('',(#8099));
#8099 = FILL_AREA_STYLE_COLOUR('',#7826);
#8100 = STYLED_ITEM('color',(#8101),#2677);
#8101 = PRESENTATION_STYLE_ASSIGNMENT((#8102));
#8102 = SURFACE_STYLE_USAGE(.BOTH.,#8103);
#8103 = SURFACE_SIDE_STYLE('',(#8104));
#8104 = SURFACE_STYLE_FILL_AREA(#8105);
#8105 = FILL_AREA_STYLE('',(#8106));
#8106 = FILL_AREA_STYLE_COLOUR('',#7826);
#8107 = STYLED_ITEM('color',(#8108),#2694);
#8108 = PRESENTATION_STYLE_ASSIGNMENT((#8109));
#8109 = SURFACE_STYLE_USAGE(.BOTH.,#8110);
#8110 = SURFACE_SIDE_STYLE('',(#8111));
#8111 = SURFACE_STYLE_FILL_AREA(#8112);
#8112 = FILL_AREA_STYLE('',(#8113));
#8113 = FILL_AREA_STYLE_COLOUR('',#7826);
#8114 = STYLED_ITEM('color',(#8115),#2711);
#8115 = PRESENTATION_STYLE_ASSIGNMENT((#8116));
#8116 = SURFACE_STYLE_USAGE(.BOTH.,#8117);
#8117 = SURFACE_SIDE_STYLE('',(#8118));
#8118 = SURFACE_STYLE_FILL_AREA(#8119);
#8119 = FILL_AREA_STYLE('',(#8120));
#8120 = FILL_AREA_STYLE_COLOUR('',#7826);
#8121 = STYLED_ITEM('color',(#8122),#2728);
#8122 = PRESENTATION_STYLE_ASSIGNMENT((#8123));
#8123 = SURFACE_STYLE_USAGE(.BOTH.,#8124);
#8124 = SURFACE_SIDE_STYLE('',(#8125));
#8125 = SURFACE_STYLE_FILL_AREA(#8126);
#8126 = FILL_AREA_STYLE('',(#8127));
#8127 = FILL_AREA_STYLE_COLOUR('',#7826);
#8128 = STYLED_ITEM('color',(#8129),#2750);
#8129 = PRESENTATION_STYLE_ASSIGNMENT((#8130));
#8130 = SURFACE_STYLE_USAGE(.BOTH.,#8131);
#8131 = SURFACE_SIDE_STYLE('',(#8132));
#8132 = SURFACE_STYLE_FILL_AREA(#8133);
#8133 = FILL_AREA_STYLE('',(#8134));
#8134 = FILL_AREA_STYLE_COLOUR('',#7826);
#8135 = STYLED_ITEM('color',(#8136),#2767);
#8136 = PRESENTATION_STYLE_ASSIGNMENT((#8137));
#8137 = SURFACE_STYLE_USAGE(.BOTH.,#8138);
#8138 = SURFACE_SIDE_STYLE('',(#8139));
#8139 = SURFACE_STYLE_FILL_AREA(#8140);
#8140 = FILL_AREA_STYLE('',(#8141));
#8141 = FILL_AREA_STYLE_COLOUR('',#7826);
#8142 = STYLED_ITEM('color',(#8143),#2784);
#8143 = PRESENTATION_STYLE_ASSIGNMENT((#8144));
#8144 = SURFACE_STYLE_USAGE(.BOTH.,#8145);
#8145 = SURFACE_SIDE_STYLE('',(#8146));
#8146 = SURFACE_STYLE_FILL_AREA(#8147);
#8147 = FILL_AREA_STYLE('',(#8148));
#8148 = FILL_AREA_STYLE_COLOUR('',#7826);
#8149 = STYLED_ITEM('color',(#8150),#2801);
#8150 = PRESENTATION_STYLE_ASSIGNMENT((#8151));
#8151 = SURFACE_STYLE_USAGE(.BOTH.,#8152);
#8152 = SURFACE_SIDE_STYLE('',(#8153));
#8153 = SURFACE_STYLE_FILL_AREA(#8154);
#8154 = FILL_AREA_STYLE('',(#8155));
#8155 = FILL_AREA_STYLE_COLOUR('',#7826);
#8156 = STYLED_ITEM('color',(#8157),#2818);
#8157 = PRESENTATION_STYLE_ASSIGNMENT((#8158));
#8158 = SURFACE_STYLE_USAGE(.BOTH.,#8159);
#8159 = SURFACE_SIDE_STYLE('',(#8160));
#8160 = SURFACE_STYLE_FILL_AREA(#8161);
#8161 = FILL_AREA_STYLE('',(#8162));
#8162 = FILL_AREA_STYLE_COLOUR('',#7826);
#8163 = STYLED_ITEM('color',(#8164),#2830);
#8164 = PRESENTATION_STYLE_ASSIGNMENT((#8165));
#8165 = SURFACE_STYLE_USAGE(.BOTH.,#8166);
#8166 = SURFACE_SIDE_STYLE('',(#8167));
#8167 = SURFACE_STYLE_FILL_AREA(#8168);
#8168 = FILL_AREA_STYLE('',(#8169));
#8169 = FILL_AREA_STYLE_COLOUR('',#7826);
#8170 = STYLED_ITEM('color',(#8171),#2847);
#8171 = PRESENTATION_STYLE_ASSIGNMENT((#8172));
#8172 = SURFACE_STYLE_USAGE(.BOTH.,#8173);
#8173 = SURFACE_SIDE_STYLE('',(#8174));
#8174 = SURFACE_STYLE_FILL_AREA(#8175);
#8175 = FILL_AREA_STYLE('',(#8176));
#8176 = FILL_AREA_STYLE_COLOUR('',#7826);
#8177 = STYLED_ITEM('color',(#8178),#2864);
#8178 = PRESENTATION_STYLE_ASSIGNMENT((#8179));
#8179 = SURFACE_STYLE_USAGE(.BOTH.,#8180);
#8180 = SURFACE_SIDE_STYLE('',(#8181));
#8181 = SURFACE_STYLE_FILL_AREA(#8182);
#8182 = FILL_AREA_STYLE('',(#8183));
#8183 = FILL_AREA_STYLE_COLOUR('',#7826);
#8184 = STYLED_ITEM('color',(#8185),#2881);
#8185 = PRESENTATION_STYLE_ASSIGNMENT((#8186));
#8186 = SURFACE_STYLE_USAGE(.BOTH.,#8187);
#8187 = SURFACE_SIDE_STYLE('',(#8188));
#8188 = SURFACE_STYLE_FILL_AREA(#8189);
#8189 = FILL_AREA_STYLE('',(#8190));
#8190 = FILL_AREA_STYLE_COLOUR('',#7826);
#8191 = STYLED_ITEM('color',(#8192),#2898);
#8192 = PRESENTATION_STYLE_ASSIGNMENT((#8193));
#8193 = SURFACE_STYLE_USAGE(.BOTH.,#8194);
#8194 = SURFACE_SIDE_STYLE('',(#8195));
#8195 = SURFACE_STYLE_FILL_AREA(#8196);
#8196 = FILL_AREA_STYLE('',(#8197));
#8197 = FILL_AREA_STYLE_COLOUR('',#7826);
#8198 = STYLED_ITEM('color',(#8199),#2915);
#8199 = PRESENTATION_STYLE_ASSIGNMENT((#8200));
#8200 = SURFACE_STYLE_USAGE(.BOTH.,#8201);
#8201 = SURFACE_SIDE_STYLE('',(#8202));
#8202 = SURFACE_STYLE_FILL_AREA(#8203);
#8203 = FILL_AREA_STYLE('',(#8204));
#8204 = FILL_AREA_STYLE_COLOUR('',#7826);
#8205 = STYLED_ITEM('color',(#8206),#2932);
#8206 = PRESENTATION_STYLE_ASSIGNMENT((#8207));
#8207 = SURFACE_STYLE_USAGE(.BOTH.,#8208);
#8208 = SURFACE_SIDE_STYLE('',(#8209));
#8209 = SURFACE_STYLE_FILL_AREA(#8210);
#8210 = FILL_AREA_STYLE('',(#8211));
#8211 = FILL_AREA_STYLE_COLOUR('',#7826);
#8212 = STYLED_ITEM('color',(#8213),#2949);
#8213 = PRESENTATION_STYLE_ASSIGNMENT((#8214));
#8214 = SURFACE_STYLE_USAGE(.BOTH.,#8215);
#8215 = SURFACE_SIDE_STYLE('',(#8216));
#8216 = SURFACE_STYLE_FILL_AREA(#8217);
#8217 = FILL_AREA_STYLE('',(#8218));
#8218 = FILL_AREA_STYLE_COLOUR('',#7826);
#8219 = STYLED_ITEM('color',(#8220),#2966);
#8220 = PRESENTATION_STYLE_ASSIGNMENT((#8221));
#8221 = SURFACE_STYLE_USAGE(.BOTH.,#8222);
#8222 = SURFACE_SIDE_STYLE('',(#8223));
#8223 = SURFACE_STYLE_FILL_AREA(#8224);
#8224 = FILL_AREA_STYLE('',(#8225));
#8225 = FILL_AREA_STYLE_COLOUR('',#7826);
#8226 = STYLED_ITEM('color',(#8227),#2978);
#8227 = PRESENTATION_STYLE_ASSIGNMENT((#8228));
#8228 = SURFACE_STYLE_USAGE(.BOTH.,#8229);
#8229 = SURFACE_SIDE_STYLE('',(#8230));
#8230 = SURFACE_STYLE_FILL_AREA(#8231);
#8231 = FILL_AREA_STYLE('',(#8232));
#8232 = FILL_AREA_STYLE_COLOUR('',#7826);
#8233 = STYLED_ITEM('color',(#8234),#3000);
#8234 = PRESENTATION_STYLE_ASSIGNMENT((#8235));
#8235 = SURFACE_STYLE_USAGE(.BOTH.,#8236);
#8236 = SURFACE_SIDE_STYLE('',(#8237));
#8237 = SURFACE_STYLE_FILL_AREA(#8238);
#8238 = FILL_AREA_STYLE('',(#8239));
#8239 = FILL_AREA_STYLE_COLOUR('',#7826);
#8240 = STYLED_ITEM('color',(#8241),#3017);
#8241 = PRESENTATION_STYLE_ASSIGNMENT((#8242));
#8242 = SURFACE_STYLE_USAGE(.BOTH.,#8243);
#8243 = SURFACE_SIDE_STYLE('',(#8244));
#8244 = SURFACE_STYLE_FILL_AREA(#8245);
#8245 = FILL_AREA_STYLE('',(#8246));
#8246 = FILL_AREA_STYLE_COLOUR('',#7826);
#8247 = STYLED_ITEM('color',(#8248),#3034);
#8248 = PRESENTATION_STYLE_ASSIGNMENT((#8249));
#8249 = SURFACE_STYLE_USAGE(.BOTH.,#8250);
#8250 = SURFACE_SIDE_STYLE('',(#8251));
#8251 = SURFACE_STYLE_FILL_AREA(#8252);
#8252 = FILL_AREA_STYLE('',(#8253));
#8253 = FILL_AREA_STYLE_COLOUR('',#7826);
#8254 = STYLED_ITEM('color',(#8255),#3051);
#8255 = PRESENTATION_STYLE_ASSIGNMENT((#8256));
#8256 = SURFACE_STYLE_USAGE(.BOTH.,#8257);
#8257 = SURFACE_SIDE_STYLE('',(#8258));
#8258 = SURFACE_STYLE_FILL_AREA(#8259);
#8259 = FILL_AREA_STYLE('',(#8260));
#8260 = FILL_AREA_STYLE_COLOUR('',#7826);
#8261 = STYLED_ITEM('color',(#8262),#3068);
#8262 = PRESENTATION_STYLE_ASSIGNMENT((#8263));
#8263 = SURFACE_STYLE_USAGE(.BOTH.,#8264);
#8264 = SURFACE_SIDE_STYLE('',(#8265));
#8265 = SURFACE_STYLE_FILL_AREA(#8266);
#8266 = FILL_AREA_STYLE('',(#8267));
#8267 = FILL_AREA_STYLE_COLOUR('',#7826);
#8268 = STYLED_ITEM('color',(#8269),#3080);
#8269 = PRESENTATION_STYLE_ASSIGNMENT((#8270));
#8270 = SURFACE_STYLE_USAGE(.BOTH.,#8271);
#8271 = SURFACE_SIDE_STYLE('',(#8272));
#8272 = SURFACE_STYLE_FILL_AREA(#8273);
#8273 = FILL_AREA_STYLE('',(#8274));
#8274 = FILL_AREA_STYLE_COLOUR('',#7826);
#8275 = STYLED_ITEM('color',(#8276),#3097);
#8276 = PRESENTATION_STYLE_ASSIGNMENT((#8277));
#8277 = SURFACE_STYLE_USAGE(.BOTH.,#8278);
#8278 = SURFACE_SIDE_STYLE('',(#8279));
#8279 = SURFACE_STYLE_FILL_AREA(#8280);
#8280 = FILL_AREA_STYLE('',(#8281));
#8281 = FILL_AREA_STYLE_COLOUR('',#7826);
#8282 = STYLED_ITEM('color',(#8283),#3114);
#8283 = PRESENTATION_STYLE_ASSIGNMENT((#8284));
#8284 = SURFACE_STYLE_USAGE(.BOTH.,#8285);
#8285 = SURFACE_SIDE_STYLE('',(#8286));
#8286 = SURFACE_STYLE_FILL_AREA(#8287);
#8287 = FILL_AREA_STYLE('',(#8288));
#8288 = FILL_AREA_STYLE_COLOUR('',#7826);
#8289 = STYLED_ITEM('color',(#8290),#3131);
#8290 = PRESENTATION_STYLE_ASSIGNMENT((#8291));
#8291 = SURFACE_STYLE_USAGE(.BOTH.,#8292);
#8292 = SURFACE_SIDE_STYLE('',(#8293));
#8293 = SURFACE_STYLE_FILL_AREA(#8294);
#8294 = FILL_AREA_STYLE('',(#8295));
#8295 = FILL_AREA_STYLE_COLOUR('',#7826);
#8296 = STYLED_ITEM('color',(#8297),#3148);
#8297 = PRESENTATION_STYLE_ASSIGNMENT((#8298));
#8298 = SURFACE_STYLE_USAGE(.BOTH.,#8299);
#8299 = SURFACE_SIDE_STYLE('',(#8300));
#8300 = SURFACE_STYLE_FILL_AREA(#8301);
#8301 = FILL_AREA_STYLE('',(#8302));
#8302 = FILL_AREA_STYLE_COLOUR('',#7826);
#8303 = STYLED_ITEM('color',(#8304),#3165);
#8304 = PRESENTATION_STYLE_ASSIGNMENT((#8305));
#8305 = SURFACE_STYLE_USAGE(.BOTH.,#8306);
#8306 = SURFACE_SIDE_STYLE('',(#8307));
#8307 = SURFACE_STYLE_FILL_AREA(#8308);
#8308 = FILL_AREA_STYLE('',(#8309));
#8309 = FILL_AREA_STYLE_COLOUR('',#7826);
#8310 = STYLED_ITEM('color',(#8311),#3182);
#8311 = PRESENTATION_STYLE_ASSIGNMENT((#8312));
#8312 = SURFACE_STYLE_USAGE(.BOTH.,#8313);
#8313 = SURFACE_SIDE_STYLE('',(#8314));
#8314 = SURFACE_STYLE_FILL_AREA(#8315);
#8315 = FILL_AREA_STYLE('',(#8316));
#8316 = FILL_AREA_STYLE_COLOUR('',#7826);
#8317 = STYLED_ITEM('color',(#8318),#3199);
#8318 = PRESENTATION_STYLE_ASSIGNMENT((#8319));
#8319 = SURFACE_STYLE_USAGE(.BOTH.,#8320);
#8320 = SURFACE_SIDE_STYLE('',(#8321));
#8321 = SURFACE_STYLE_FILL_AREA(#8322);
#8322 = FILL_AREA_STYLE('',(#8323));
#8323 = FILL_AREA_STYLE_COLOUR('',#7826);
#8324 = STYLED_ITEM('color',(#8325),#3216);
#8325 = PRESENTATION_STYLE_ASSIGNMENT((#8326));
#8326 = SURFACE_STYLE_USAGE(.BOTH.,#8327);
#8327 = SURFACE_SIDE_STYLE('',(#8328));
#8328 = SURFACE_STYLE_FILL_AREA(#8329);
#8329 = FILL_AREA_STYLE('',(#8330));
#8330 = FILL_AREA_STYLE_COLOUR('',#7826);
#8331 = STYLED_ITEM('color',(#8332),#3228);
#8332 = PRESENTATION_STYLE_ASSIGNMENT((#8333));
#8333 = SURFACE_STYLE_USAGE(.BOTH.,#8334);
#8334 = SURFACE_SIDE_STYLE('',(#8335));
#8335 = SURFACE_STYLE_FILL_AREA(#8336);
#8336 = FILL_AREA_STYLE('',(#8337));
#8337 = FILL_AREA_STYLE_COLOUR('',#7826);
#8338 = STYLED_ITEM('color',(#8339),#3250);
#8339 = PRESENTATION_STYLE_ASSIGNMENT((#8340));
#8340 = SURFACE_STYLE_USAGE(.BOTH.,#8341);
#8341 = SURFACE_SIDE_STYLE('',(#8342));
#8342 = SURFACE_STYLE_FILL_AREA(#8343);
#8343 = FILL_AREA_STYLE('',(#8344));
#8344 = FILL_AREA_STYLE_COLOUR('',#7826);
#8345 = STYLED_ITEM('color',(#8346),#3267);
#8346 = PRESENTATION_STYLE_ASSIGNMENT((#8347));
#8347 = SURFACE_STYLE_USAGE(.BOTH.,#8348);
#8348 = SURFACE_SIDE_STYLE('',(#8349));
#8349 = SURFACE_STYLE_FILL_AREA(#8350);
#8350 = FILL_AREA_STYLE('',(#8351));
#8351 = FILL_AREA_STYLE_COLOUR('',#7826);
#8352 = STYLED_ITEM('color',(#8353),#3284);
#8353 = PRESENTATION_STYLE_ASSIGNMENT((#8354));
#8354 = SURFACE_STYLE_USAGE(.BOTH.,#8355);
#8355 = SURFACE_SIDE_STYLE('',(#8356));
#8356 = SURFACE_STYLE_FILL_AREA(#8357);
#8357 = FILL_AREA_STYLE('',(#8358));
#8358 = FILL_AREA_STYLE_COLOUR('',#7826);
#8359 = STYLED_ITEM('color',(#8360),#3301);
#8360 = PRESENTATION_STYLE_ASSIGNMENT((#8361));
#8361 = SURFACE_STYLE_USAGE(.BOTH.,#8362);
#8362 = SURFACE_SIDE_STYLE('',(#8363));
#8363 = SURFACE_STYLE_FILL_AREA(#8364);
#8364 = FILL_AREA_STYLE('',(#8365));
#8365 = FILL_AREA_STYLE_COLOUR('',#7826);
#8366 = STYLED_ITEM('color',(#8367),#3318);
#8367 = PRESENTATION_STYLE_ASSIGNMENT((#8368));
#8368 = SURFACE_STYLE_USAGE(.BOTH.,#8369);
#8369 = SURFACE_SIDE_STYLE('',(#8370));
#8370 = SURFACE_STYLE_FILL_AREA(#8371);
#8371 = FILL_AREA_STYLE('',(#8372));
#8372 = FILL_AREA_STYLE_COLOUR('',#7826);
#8373 = STYLED_ITEM('color',(#8374),#3330);
#8374 = PRESENTATION_STYLE_ASSIGNMENT((#8375));
#8375 = SURFACE_STYLE_USAGE(.BOTH.,#8376);
#8376 = SURFACE_SIDE_STYLE('',(#8377));
#8377 = SURFACE_STYLE_FILL_AREA(#8378);
#8378 = FILL_AREA_STYLE('',(#8379));
#8379 = FILL_AREA_STYLE_COLOUR('',#7826);
#8380 = STYLED_ITEM('color',(#8381),#3347);
#8381 = PRESENTATION_STYLE_ASSIGNMENT((#8382));
#8382 = SURFACE_STYLE_USAGE(.BOTH.,#8383);
#8383 = SURFACE_SIDE_STYLE('',(#8384));
#8384 = SURFACE_STYLE_FILL_AREA(#8385);
#8385 = FILL_AREA_STYLE('',(#8386));
#8386 = FILL_AREA_STYLE_COLOUR('',#7826);
#8387 = STYLED_ITEM('color',(#8388),#3364);
#8388 = PRESENTATION_STYLE_ASSIGNMENT((#8389));
#8389 = SURFACE_STYLE_USAGE(.BOTH.,#8390);
#8390 = SURFACE_SIDE_STYLE('',(#8391));
#8391 = SURFACE_STYLE_FILL_AREA(#8392);
#8392 = FILL_AREA_STYLE('',(#8393));
#8393 = FILL_AREA_STYLE_COLOUR('',#7826);
#8394 = STYLED_ITEM('color',(#8395),#3381);
#8395 = PRESENTATION_STYLE_ASSIGNMENT((#8396));
#8396 = SURFACE_STYLE_USAGE(.BOTH.,#8397);
#8397 = SURFACE_SIDE_STYLE('',(#8398));
#8398 = SURFACE_STYLE_FILL_AREA(#8399);
#8399 = FILL_AREA_STYLE('',(#8400));
#8400 = FILL_AREA_STYLE_COLOUR('',#7826);
#8401 = STYLED_ITEM('color',(#8402),#3398);
#8402 = PRESENTATION_STYLE_ASSIGNMENT((#8403));
#8403 = SURFACE_STYLE_USAGE(.BOTH.,#8404);
#8404 = SURFACE_SIDE_STYLE('',(#8405));
#8405 = SURFACE_STYLE_FILL_AREA(#8406);
#8406 = FILL_AREA_STYLE('',(#8407));
#8407 = FILL_AREA_STYLE_COLOUR('',#7826);
#8408 = STYLED_ITEM('color',(#8409),#3415);
#8409 = PRESENTATION_STYLE_ASSIGNMENT((#8410));
#8410 = SURFACE_STYLE_USAGE(.BOTH.,#8411);
#8411 = SURFACE_SIDE_STYLE('',(#8412));
#8412 = SURFACE_STYLE_FILL_AREA(#8413);
#8413 = FILL_AREA_STYLE('',(#8414));
#8414 = FILL_AREA_STYLE_COLOUR('',#7826);
#8415 = STYLED_ITEM('color',(#8416),#3432);
#8416 = PRESENTATION_STYLE_ASSIGNMENT((#8417));
#8417 = SURFACE_STYLE_USAGE(.BOTH.,#8418);
#8418 = SURFACE_SIDE_STYLE('',(#8419));
#8419 = SURFACE_STYLE_FILL_AREA(#8420);
#8420 = FILL_AREA_STYLE('',(#8421));
#8421 = FILL_AREA_STYLE_COLOUR('',#7826);
#8422 = STYLED_ITEM('color',(#8423),#3449);
#8423 = PRESENTATION_STYLE_ASSIGNMENT((#8424));
#8424 = SURFACE_STYLE_USAGE(.BOTH.,#8425);
#8425 = SURFACE_SIDE_STYLE('',(#8426));
#8426 = SURFACE_STYLE_FILL_AREA(#8427);
#8427 = FILL_AREA_STYLE('',(#8428));
#8428 = FILL_AREA_STYLE_COLOUR('',#7826);
#8429 = STYLED_ITEM('color',(#8430),#3466);
#8430 = PRESENTATION_STYLE_ASSIGNMENT((#8431));
#8431 = SURFACE_STYLE_USAGE(.BOTH.,#8432);
#8432 = SURFACE_SIDE_STYLE('',(#8433));
#8433 = SURFACE_STYLE_FILL_AREA(#8434);
#8434 = FILL_AREA_STYLE('',(#8435));
#8435 = FILL_AREA_STYLE_COLOUR('',#7826);
#8436 = STYLED_ITEM('color',(#8437),#3478);
#8437 = PRESENTATION_STYLE_ASSIGNMENT((#8438));
#8438 = SURFACE_STYLE_USAGE(.BOTH.,#8439);
#8439 = SURFACE_SIDE_STYLE('',(#8440));
#8440 = SURFACE_STYLE_FILL_AREA(#8441);
#8441 = FILL_AREA_STYLE('',(#8442));
#8442 = FILL_AREA_STYLE_COLOUR('',#7826);
#8443 = STYLED_ITEM('color',(#8444),#3500);
#8444 = PRESENTATION_STYLE_ASSIGNMENT((#8445));
#8445 = SURFACE_STYLE_USAGE(.BOTH.,#8446);
#8446 = SURFACE_SIDE_STYLE('',(#8447));
#8447 = SURFACE_STYLE_FILL_AREA(#8448);
#8448 = FILL_AREA_STYLE('',(#8449));
#8449 = FILL_AREA_STYLE_COLOUR('',#7826);
#8450 = STYLED_ITEM('color',(#8451),#3517);
#8451 = PRESENTATION_STYLE_ASSIGNMENT((#8452));
#8452 = SURFACE_STYLE_USAGE(.BOTH.,#8453);
#8453 = SURFACE_SIDE_STYLE('',(#8454));
#8454 = SURFACE_STYLE_FILL_AREA(#8455);
#8455 = FILL_AREA_STYLE('',(#8456));
#8456 = FILL_AREA_STYLE_COLOUR('',#7826);
#8457 = STYLED_ITEM('color',(#8458),#3534);
#8458 = PRESENTATION_STYLE_ASSIGNMENT((#8459));
#8459 = SURFACE_STYLE_USAGE(.BOTH.,#8460);
#8460 = SURFACE_SIDE_STYLE('',(#8461));
#8461 = SURFACE_STYLE_FILL_AREA(#8462);
#8462 = FILL_AREA_STYLE('',(#8463));
#8463 = FILL_AREA_STYLE_COLOUR('',#7826);
#8464 = STYLED_ITEM('color',(#8465),#3551);
#8465 = PRESENTATION_STYLE_ASSIGNMENT((#8466));
#8466 = SURFACE_STYLE_USAGE(.BOTH.,#8467);
#8467 = SURFACE_SIDE_STYLE('',(#8468));
#8468 = SURFACE_STYLE_FILL_AREA(#8469);
#8469 = FILL_AREA_STYLE('',(#8470));
#8470 = FILL_AREA_STYLE_COLOUR('',#7826);
#8471 = STYLED_ITEM('color',(#8472),#3568);
#8472 = PRESENTATION_STYLE_ASSIGNMENT((#8473));
#8473 = SURFACE_STYLE_USAGE(.BOTH.,#8474);
#8474 = SURFACE_SIDE_STYLE('',(#8475));
#8475 = SURFACE_STYLE_FILL_AREA(#8476);
#8476 = FILL_AREA_STYLE('',(#8477));
#8477 = FILL_AREA_STYLE_COLOUR('',#7826);
#8478 = STYLED_ITEM('color',(#8479),#3580);
#8479 = PRESENTATION_STYLE_ASSIGNMENT((#8480));
#8480 = SURFACE_STYLE_USAGE(.BOTH.,#8481);
#8481 = SURFACE_SIDE_STYLE('',(#8482));
#8482 = SURFACE_STYLE_FILL_AREA(#8483);
#8483 = FILL_AREA_STYLE('',(#8484));
#8484 = FILL_AREA_STYLE_COLOUR('',#7826);
#8485 = STYLED_ITEM('color',(#8486),#3597);
#8486 = PRESENTATION_STYLE_ASSIGNMENT((#8487));
#8487 = SURFACE_STYLE_USAGE(.BOTH.,#8488);
#8488 = SURFACE_SIDE_STYLE('',(#8489));
#8489 = SURFACE_STYLE_FILL_AREA(#8490);
#8490 = FILL_AREA_STYLE('',(#8491));
#8491 = FILL_AREA_STYLE_COLOUR('',#7826);
#8492 = STYLED_ITEM('color',(#8493),#3614);
#8493 = PRESENTATION_STYLE_ASSIGNMENT((#8494));
#8494 = SURFACE_STYLE_USAGE(.BOTH.,#8495);
#8495 = SURFACE_SIDE_STYLE('',(#8496));
#8496 = SURFACE_STYLE_FILL_AREA(#8497);
#8497 = FILL_AREA_STYLE('',(#8498));
#8498 = FILL_AREA_STYLE_COLOUR('',#7826);
#8499 = STYLED_ITEM('color',(#8500),#3631);
#8500 = PRESENTATION_STYLE_ASSIGNMENT((#8501));
#8501 = SURFACE_STYLE_USAGE(.BOTH.,#8502);
#8502 = SURFACE_SIDE_STYLE('',(#8503));
#8503 = SURFACE_STYLE_FILL_AREA(#8504);
#8504 = FILL_AREA_STYLE('',(#8505));
#8505 = FILL_AREA_STYLE_COLOUR('',#7826);
#8506 = STYLED_ITEM('color',(#8507),#3648);
#8507 = PRESENTATION_STYLE_ASSIGNMENT((#8508));
#8508 = SURFACE_STYLE_USAGE(.BOTH.,#8509);
#8509 = SURFACE_SIDE_STYLE('',(#8510));
#8510 = SURFACE_STYLE_FILL_AREA(#8511);
#8511 = FILL_AREA_STYLE('',(#8512));
#8512 = FILL_AREA_STYLE_COLOUR('',#7826);
#8513 = STYLED_ITEM('color',(#8514),#3665);
#8514 = PRESENTATION_STYLE_ASSIGNMENT((#8515));
#8515 = SURFACE_STYLE_USAGE(.BOTH.,#8516);
#8516 = SURFACE_SIDE_STYLE('',(#8517));
#8517 = SURFACE_STYLE_FILL_AREA(#8518);
#8518 = FILL_AREA_STYLE('',(#8519));
#8519 = FILL_AREA_STYLE_COLOUR('',#7826);
#8520 = STYLED_ITEM('color',(#8521),#3682);
#8521 = PRESENTATION_STYLE_ASSIGNMENT((#8522));
#8522 = SURFACE_STYLE_USAGE(.BOTH.,#8523);
#8523 = SURFACE_SIDE_STYLE('',(#8524));
#8524 = SURFACE_STYLE_FILL_AREA(#8525);
#8525 = FILL_AREA_STYLE('',(#8526));
#8526 = FILL_AREA_STYLE_COLOUR('',#7826);
#8527 = STYLED_ITEM('color',(#8528),#3699);
#8528 = PRESENTATION_STYLE_ASSIGNMENT((#8529));
#8529 = SURFACE_STYLE_USAGE(.BOTH.,#8530);
#8530 = SURFACE_SIDE_STYLE('',(#8531));
#8531 = SURFACE_STYLE_FILL_AREA(#8532);
#8532 = FILL_AREA_STYLE('',(#8533));
#8533 = FILL_AREA_STYLE_COLOUR('',#7826);
#8534 = STYLED_ITEM('color',(#8535),#3716);
#8535 = PRESENTATION_STYLE_ASSIGNMENT((#8536));
#8536 = SURFACE_STYLE_USAGE(.BOTH.,#8537);
#8537 = SURFACE_SIDE_STYLE('',(#8538));
#8538 = SURFACE_STYLE_FILL_AREA(#8539);
#8539 = FILL_AREA_STYLE('',(#8540));
#8540 = FILL_AREA_STYLE_COLOUR('',#7826);
#8541 = MECHANICAL_DESIGN_GEOMETRIC_PRESENTATION_REPRESENTATION('',(
    #8542),#7792);
#8542 = STYLED_ITEM('color',(#8543),#3767);
#8543 = PRESENTATION_STYLE_ASSIGNMENT((#8544));
#8544 = SURFACE_STYLE_USAGE(.BOTH.,#8545);
#8545 = SURFACE_SIDE_STYLE('',(#8546));
#8546 = SURFACE_STYLE_FILL_AREA(#8547);
#8547 = FILL_AREA_STYLE('',(#8548));
#8548 = FILL_AREA_STYLE_COLOUR('',#8549);
#8549 = COLOUR_RGB('',0.313304153717,0.484529207832,0.410020903123);
#8550 = MECHANICAL_DESIGN_GEOMETRIC_PRESENTATION_REPRESENTATION('',(
    #8551,#8558,#8565,#8572,#8579,#8586,#8593,#8600,#8608,#8615,#8622,
    #8630,#8637,#8644,#8651,#8658),#442);
#8551 = STYLED_ITEM('color',(#8552),#94);
#8552 = PRESENTATION_STYLE_ASSIGNMENT((#8553));
#8553 = SURFACE_STYLE_USAGE(.BOTH.,#8554);
#8554 = SURFACE_SIDE_STYLE('',(#8555));
#8555 = SURFACE_STYLE_FILL_AREA(#8556);
#8556 = FILL_AREA_STYLE('',(#8557));
#8557 = FILL_AREA_STYLE_COLOUR('',#7826);
#8558 = STYLED_ITEM('color',(#8559),#127);
#8559 = PRESENTATION_STYLE_ASSIGNMENT((#8560));
#8560 = SURFACE_STYLE_USAGE(.BOTH.,#8561);
#8561 = SURFACE_SIDE_STYLE('',(#8562));
#8562 = SURFACE_STYLE_FILL_AREA(#8563);
#8563 = FILL_AREA_STYLE('',(#8564));
#8564 = FILL_AREA_STYLE_COLOUR('',#7826);
#8565 = STYLED_ITEM('color',(#8566),#153);
#8566 = PRESENTATION_STYLE_ASSIGNMENT((#8567));
#8567 = SURFACE_STYLE_USAGE(.BOTH.,#8568);
#8568 = SURFACE_SIDE_STYLE('',(#8569));
#8569 = SURFACE_STYLE_FILL_AREA(#8570);
#8570 = FILL_AREA_STYLE('',(#8571));
#8571 = FILL_AREA_STYLE_COLOUR('',#7826);
#8572 = STYLED_ITEM('color',(#8573),#178);
#8573 = PRESENTATION_STYLE_ASSIGNMENT((#8574));
#8574 = SURFACE_STYLE_USAGE(.BOTH.,#8575);
#8575 = SURFACE_SIDE_STYLE('',(#8576));
#8576 = SURFACE_STYLE_FILL_AREA(#8577);
#8577 = FILL_AREA_STYLE('',(#8578));
#8578 = FILL_AREA_STYLE_COLOUR('',#7826);
#8579 = STYLED_ITEM('color',(#8580),#204);
#8580 = PRESENTATION_STYLE_ASSIGNMENT((#8581));
#8581 = SURFACE_STYLE_USAGE(.BOTH.,#8582);
#8582 = SURFACE_SIDE_STYLE('',(#8583));
#8583 = SURFACE_STYLE_FILL_AREA(#8584);
#8584 = FILL_AREA_STYLE('',(#8585));
#8585 = FILL_AREA_STYLE_COLOUR('',#7826);
#8586 = STYLED_ITEM('color',(#8587),#229);
#8587 = PRESENTATION_STYLE_ASSIGNMENT((#8588));
#8588 = SURFACE_STYLE_USAGE(.BOTH.,#8589);
#8589 = SURFACE_SIDE_STYLE('',(#8590));
#8590 = SURFACE_STYLE_FILL_AREA(#8591);
#8591 = FILL_AREA_STYLE('',(#8592));
#8592 = FILL_AREA_STYLE_COLOUR('',#7826);
#8593 = STYLED_ITEM('color',(#8594),#238);
#8594 = PRESENTATION_STYLE_ASSIGNMENT((#8595));
#8595 = SURFACE_STYLE_USAGE(.BOTH.,#8596);
#8596 = SURFACE_SIDE_STYLE('',(#8597));
#8597 = SURFACE_STYLE_FILL_AREA(#8598);
#8598 = FILL_AREA_STYLE('',(#8599));
#8599 = FILL_AREA_STYLE_COLOUR('',#7826);
#8600 = STYLED_ITEM('color',(#8601),#249);
#8601 = PRESENTATION_STYLE_ASSIGNMENT((#8602));
#8602 = SURFACE_STYLE_USAGE(.BOTH.,#8603);
#8603 = SURFACE_SIDE_STYLE('',(#8604));
#8604 = SURFACE_STYLE_FILL_AREA(#8605);
#8605 = FILL_AREA_STYLE('',(#8606));
#8606 = FILL_AREA_STYLE_COLOUR('',#8607);
#8607 = COLOUR_RGB('',0.699999984889,9.999999991362E-02,
  5.000000142576E-02);
#8608 = STYLED_ITEM('color',(#8609),#282);
#8609 = PRESENTATION_STYLE_ASSIGNMENT((#8610));
#8610 = SURFACE_STYLE_USAGE(.BOTH.,#8611);
#8611 = SURFACE_SIDE_STYLE('',(#8612));
#8612 = SURFACE_STYLE_FILL_AREA(#8613);
#8613 = FILL_AREA_STYLE('',(#8614));
#8614 = FILL_AREA_STYLE_COLOUR('',#8607);
#8615 = STYLED_ITEM('color',(#8616),#302);
#8616 = PRESENTATION_STYLE_ASSIGNMENT((#8617));
#8617 = SURFACE_STYLE_USAGE(.BOTH.,#8618);
#8618 = SURFACE_SIDE_STYLE('',(#8619));
#8619 = SURFACE_STYLE_FILL_AREA(#8620);
#8620 = FILL_AREA_STYLE('',(#8621));
#8621 = FILL_AREA_STYLE_COLOUR('',#8607);
#8622 = STYLED_ITEM('color',(#8623),#322);
#8623 = PRESENTATION_STYLE_ASSIGNMENT((#8624));
#8624 = SURFACE_STYLE_USAGE(.BOTH.,#8625);
#8625 = SURFACE_SIDE_STYLE('',(#8626));
#8626 = SURFACE_STYLE_FILL_AREA(#8627);
#8627 = FILL_AREA_STYLE('',(#8628));
#8628 = FILL_AREA_STYLE_COLOUR('',#8629);
#8629 = COLOUR_RGB('',0.,0.631244006163,0.748016017657);
#8630 = STYLED_ITEM('color',(#8631),#347);
#8631 = PRESENTATION_STYLE_ASSIGNMENT((#8632));
#8632 = SURFACE_STYLE_USAGE(.BOTH.,#8633);
#8633 = SURFACE_SIDE_STYLE('',(#8634));
#8634 = SURFACE_STYLE_FILL_AREA(#8635);
#8635 = FILL_AREA_STYLE('',(#8636));
#8636 = FILL_AREA_STYLE_COLOUR('',#8629);
#8637 = STYLED_ITEM('color',(#8638),#372);
#8638 = PRESENTATION_STYLE_ASSIGNMENT((#8639));
#8639 = SURFACE_STYLE_USAGE(.BOTH.,#8640);
#8640 = SURFACE_SIDE_STYLE('',(#8641));
#8641 = SURFACE_STYLE_FILL_AREA(#8642);
#8642 = FILL_AREA_STYLE('',(#8643));
#8643 = FILL_AREA_STYLE_COLOUR('',#8629);
#8644 = STYLED_ITEM('color',(#8645),#398);
#8645 = PRESENTATION_STYLE_ASSIGNMENT((#8646));
#8646 = SURFACE_STYLE_USAGE(.BOTH.,#8647);
#8647 = SURFACE_SIDE_STYLE('',(#8648));
#8648 = SURFACE_STYLE_FILL_AREA(#8649);
#8649 = FILL_AREA_STYLE('',(#8650));
#8650 = FILL_AREA_STYLE_COLOUR('',#8629);
#8651 = STYLED_ITEM('color',(#8652),#424);
#8652 = PRESENTATION_STYLE_ASSIGNMENT((#8653));
#8653 = SURFACE_STYLE_USAGE(.BOTH.,#8654);
#8654 = SURFACE_SIDE_STYLE('',(#8655));
#8655 = SURFACE_STYLE_FILL_AREA(#8656);
#8656 = FILL_AREA_STYLE('',(#8657));
#8657 = FILL_AREA_STYLE_COLOUR('',#8629);
#8658 = STYLED_ITEM('color',(#8659),#433);
#8659 = PRESENTATION_STYLE_ASSIGNMENT((#8660));
#8660 = SURFACE_STYLE_USAGE(.BOTH.,#8661);
#8661 = SURFACE_SIDE_STYLE('',(#8662));
#8662 = SURFACE_STYLE_FILL_AREA(#8663);
#8663 = FILL_AREA_STYLE('',(#8664));
#8664 = FILL_AREA_STYLE_COLOUR('',#8629);
ENDSEC;
END-ISO-10303-21;
